023f
017e
00a9
0016
ffc5
ffac
ffbd
ffd7
ffdb
ffce
ffc7
ffce
ffd2
ffd0
ffd2
ffdb
ffe5
ffe8
ffe8
ffed
fff2
ffed
ffe3
ffdd
ffe2
ffee
fff6
fff7
fff7
ffff
0008
000c
000d
0010
0018
0020
0020
001c
001c
001f
0026
002b
002d
0035
0043
0050
005b
0065
006d
0072
007b
0089
0094
009a
009f
00a7
00b0
00ba
00c5
00cc
00c8
00be
00b6
00aa
0098
0088
007a
0071
0063
004f
003a
0023
0006
ffe8
ffd4
ffce
ffd3
ffdc
ffe5
ffea
ffe3
ffd1
ffbf
ffb8
ffb2
ffac
ffb2
ffbf
ffc1
ffb5
ffac
ffae
ffb4
ffb7
ffb9
ffc5
ffd9
ffe3
ffd9
ffcb
ffc0
ffb3
ffa6
ffa4
ffac
ffbb
ffcc
ffd7
ffd8
ffcf
ffc2
ffbb
ffc0
ffcc
ffdb
ffe1
ffe2
ffd7
ffc1
ffaf
ffa9
ffa8
ffa9
ffae
ffb3
ffb1
ffb0
ffb7
ffc4
ffd0
ffdb
ffdd
ffd5
ffd1
ffcd
ffbe
ffad
ffab
ffbc
ffce
ffd7
ffe4
fff3
ffff
0000
fffb
fff7
fff7
fffc
000c
001f
0023
001b
000e
fff9
ffea
ffe3
ffdb
ffcf
ffc6
ffc6
ffc9
ffcb
ffcc
ffce
ffd2
ffda
ffe7
fff1
fff7
fff3
ffce
ff9c
ff7f
ff7a
ff8f
ffcb
0030
00be
0167
0204
0265
0253
01b6
00d9
0031
ffd5
ffb0
ffaf
ffbe
ffc6
ffbf
ffb6
ffb8
ffb6
ffaf
ffaa
ffb0
ffbf
ffca
ffc7
ffc0
ffca
ffde
fff1
fffd
0005
0011
0012
0002
ffe0
ffc6
ffbd
ffb9
ffbd
ffcc
ffe3
fff6
fffa
fff9
fffa
fffc
fffe
0006
0011
0020
002b
0032
003d
004f
0066
0073
0073
0066
005d
0065
0070
0078
0084
0094
00a2
00a9
00a9
00a3
0099
0093
008f
0087
006e
0043
0011
fff1
ffe9
ffea
ffe9
ffe2
ffdd
ffd9
ffcd
ffbd
ffac
ff9e
ff8e
ff83
ff87
ff93
ff9b
ff9f
ffa0
ffa0
ff9f
ff9f
ffa3
ffa7
ffa7
ffa0
ff95
ff93
ff94
ff92
ff90
ff94
ff9d
ffa2
ffa5
ffa8
ffb0
ffba
ffc1
ffc2
ffc0
ffba
ffb3
ffb0
ffb3
ffb5
ffb4
ffb5
ffb4
ffb1
ffae
ffaa
ffac
ffb6
ffbe
ffc1
ffbf
ffc0
ffc7
ffca
ffc3
ffbb
ffaf
ffa1
ff97
ff99
ffa1
ffa4
ffa4
ffa8
ffb2
ffc1
ffc9
ffca
ffc9
ffc9
ffc6
ffc4
ffc6
ffcc
ffd4
ffde
ffe8
fff2
fff9
fffb
fff8
fff1
ffe9
ffe4
ffdb
ffca
ffb8
ffad
ffa9
ffaa
ffae
ffb5
ffbd
ffc7
ffd3
ffdb
ffdf
ffe2
ffe0
ffdb
ffde
ffd7
ffbd
ffa5
ffb4
fff7
006d
010e
01b5
0231
0249
01d2
00f9
0038
ffc4
ff96
ff9e
ffbc
ffd2
ffd6
ffd5
ffdf
ffed
fff2
fff0
ffe0
ffcd
ffc6
ffc1
ffbc
ffbf
ffcc
ffd5
ffd7
ffd6
ffd6
ffdc
ffe1
ffe4
ffe8
fff0
fff9
fffe
0003
0009
0017
0022
001e
000f
0006
000d
001d
002a
0037
0044
0047
0046
0045
0047
0051
005f
0069
006e
0077
0085
0091
009a
00a1
00a7
00ae
00b2
00b4
00b0
00aa
009e
008e
007c
0071
0065
0044
001a
fffb
ffe8
ffdb
ffd2
ffcc
ffc1
ffb4
ffb1
ffb4
ffb9
ffbc
ffbd
ffbe
ffbd
ffb5
ffa6
ff9f
ffa8
ffb0
ffae
ffad
ffae
ffaf
ffb1
ffb0
ffac
ffac
ffb2
ffb7
ffbc
ffba
ffb1
ffad
ffb4
ffc3
ffd2
ffd6
ffd7
ffd2
ffc5
ffbb
ffb6
ffb8
ffbc
ffbc
ffba
ffbf
ffc9
ffcf
ffca
ffc6
ffc9
ffcf
ffd0
ffcb
ffbe
ffb5
ffb3
ffba
ffc7
ffcd
ffd1
ffdb
ffd8
ffc7
ffb9
ffa8
ff9f
ffa9
ffbc
ffd4
ffeb
fff3
ffe7
ffe0
ffe5
ffe5
ffe7
ffed
fff0
ffef
fff0
fff5
ffff
fffc
ffec
ffe1
ffde
ffd3
ffc0
ffb6
ffb2
ffb0
ffb5
ffbe
ffc2
ffc5
ffd2
ffe9
fffb
fff5
ffd7
ffb7
ffb0
ffdc
0032
00a4
0132
01d3
024f
025a
01df
010b
0050
ffe9
ffca
ffcd
ffd6
ffd6
ffd7
ffed
0002
fffb
ffdd
ffc7
ffd3
fff7
0017
001b
0009
0004
fffd
ffe6
ffd1
ffcf
ffe4
0008
0022
0018
0008
0017
003d
0064
006b
0051
0045
004e
004b
002f
0014
0014
0027
004d
0084
00a8
00a2
0098
00a5
00a9
008d
0075
006a
0068
0074
008c
00a1
00ac
00b9
00ce
00e8
0102
0104
00ee
00d3
00c0
00b1
00a4
008b
0067
004a
0035
0020
0012
000e
0008
fffd
ffec
ffde
ffcf
ffbe
ffb9
ffc4
ffd0
ffd5
ffd0
ffcb
ffcf
ffd6
ffd7
ffd4
ffd5
ffd8
ffdc
ffde
ffdb
ffd9
ffdc
ffe2
ffea
fff5
fff4
ffdf
ffc9
ffbb
ffb8
ffbf
ffcc
ffd6
ffdb
ffde
ffe2
ffe7
ffea
ffe4
ffd9
ffcd
ffc5
ffbf
ffbc
ffc0
ffc8
ffcb
ffc6
ffc1
ffc4
ffcc
ffd0
ffd1
ffcf
ffcd
ffcd
ffce
ffcb
ffc9
ffcb
ffca
ffc9
ffcd
ffd0
ffd1
ffd1
ffcf
ffce
ffd1
ffd5
ffda
ffde
ffdf
ffe4
fff2
fffe
0004
0007
0007
0001
fffa
fff5
fff1
ffef
ffeb
ffe0
ffd3
ffca
ffc6
ffc5
ffc5
ffc7
ffca
ffcc
ffcd
ffd1
ffd2
ffcf
ffcb
ffc9
ffc2
ffbe
ffc0
ffd3
0005
0063
00ee
018e
021a
0262
022f
017d
009f
fffc
ffab
ffa2
ffbe
ffda
ffea
fff5
fffb
ffef
ffdd
ffd0
ffc2
ffbc
ffc2
ffc9
ffc9
ffca
ffd3
ffe0
ffe5
ffe4
ffe6
fff0
fffb
fffe
fff8
fff3
fff5
fffb
0000
0002
0006
000d
0018
0020
0022
001f
0021
0029
002f
0032
0038
0043
004c
0051
0054
005c
0067
006d
0072
007e
008f
009a
009f
00a1
00a3
00a4
00a3
00a0
0097
008c
0083
0074
0065
0057
0045
0030
001d
0004
ffea
ffd8
ffce
ffc5
ffbf
ffbb
ffb9
ffb4
ffad
ffa9
ffaa
ffa8
ffa3
ffa2
ffa4
ffaa
ffb3
ffbb
ffc2
ffc6
ffc7
ffc5
ffc2
ffbd
ffc0
ffcd
ffd4
ffd1
ffc6
ffc2
ffc3
ffbc
ffb9
ffc3
ffc2
ffaf
ffa4
ffa7
ffa2
ff9b
ff99
ffa0
ffb0
ffc2
ffd0
ffd7
ffd5
ffc9
ffba
ffaf
ffaf
ffaf
ffaf
ffb6
ffc7
ffed
0013
fffe
ffb8
ff7e
ff69
ff6d
ff7f
ff95
ffa4
ffa5
ffa4
ffac
ffbc
ffc2
ffba
ffb6
ffc1
ffd1
ffe0
ffe6
ffe1
ffd4
ffd0
ffd4
ffd1
ffcd
ffd1
ffdc
ffea
fff8
0006
0012
0018
000d
ffe8
ffcd
ffca
ffd0
ffdb
ffdb
ffcc
ffb1
ffa0
ffa1
ffaf
ffbb
ffc1
ffbf
ffc0
ffcd
ffd6
ffd7
ffca
ffb4
ffaf
ffd0
001e
0094
0130
01d2
024f
0268
01f1
011b
0059
ffea
ffc4
ffcf
fff6
ffff
ffd6
ffb0
ffad
ffc0
ffd1
ffd7
ffd9
ffdd
ffdb
ffdc
ffe1
ffe8
ffef
fff7
0008
0019
001a
0018
0017
000c
000f
0023
0029
0010
ffee
ffde
ffe4
fff9
000c
0016
001a
001e
002a
0041
0057
005e
005b
005c
0061
0060
005d
0061
006b
0073
0076
007a
0083
0090
009d
00a7
00b1
00b6
00b6
00bc
00ba
00b2
00ae
00a8
0094
006e
0045
0025
000d
fffa
ffef
ffe1
ffd0
ffc4
ffb9
ffb3
ffb9
ffc0
ffc2
ffc1
ffbf
ffbd
ffbf
ffc1
ffc4
ffbf
ffb2
ffae
ffb3
ffb7
ffc0
ffcc
ffd5
ffe1
ffef
ffea
ffd2
ffb4
ffa3
ffa6
ffb0
ffbc
ffc4
ffbe
ffb4
ffb7
ffbd
ffbf
ffc0
ffc2
ffc4
ffc6
ffc7
ffc5
ffc2
ffc2
ffc4
ffc9
ffcd
ffcc
ffc9
ffc4
ffbc
ffb7
ffb8
ffc0
ffcb
ffd0
ffcf
ffd2
ffd8
ffd7
ffcd
ffc0
ffb4
ffb2
ffb8
ffc1
ffca
ffd1
ffd1
ffce
ffcd
ffd4
ffe1
ffee
fff6
fff9
fffb
fff6
fff7
fff9
fff3
fff1
fff4
fff8
0001
fffb
ffdf
ffc3
ffb0
ffa2
ff9c
ffa1
ffac
ffb4
ffba
ffc3
ffc7
ffc2
ffb9
ffb5
ffbf
ffd9
0015
0080
0115
01b6
022b
024a
01f0
012c
0065
ffe2
ffa1
ff96
ffac
ffbf
ffc3
ffc3
ffc9
ffd0
ffd2
ffd6
ffd9
ffd9
ffd9
ffd6
ffd2
ffd4
ffda
ffde
ffdf
ffe3
ffee
fffe
0002
fff7
ffeb
ffe5
ffe8
ffee
fff4
fff8
fffe
0004
000a
0010
0015
0016
001a
0023
002d
0033
003a
0044
004b
0052
005c
0069
0078
0084
0087
0083
007f
0080
0086
008e
0097
00a1
00ab
00aa
00a7
00a9
00a0
0089
0071
005a
003e
001b
fffc
ffe7
ffd8
ffd0
ffd0
ffd3
ffd2
ffca
ffbf
ffc0
ffcf
ffd6
ffcf
ffbf
ffac
ff9e
ff98
ff99
ff9f
ffa2
ffa3
ffa5
ffad
ffb8
ffc1
ffc1
ffc1
ffc6
ffc8
ffc0
ffb4
ffae
ffaf
ffb6
ffbe
ffc5
ffcb
ffce
ffc8
ffbf
ffbf
ffc3
ffc2
ffc3
ffca
ffd7
ffdb
ffd1
ffce
ffd0
ffc9
ffbd
ffb7
ffbc
ffc2
ffc4
ffc9
ffd1
ffd8
ffd9
ffd9
ffd8
ffcb
ffbd
ffb3
ffad
ffaf
ffb3
ffb9
ffc0
ffcb
ffd6
ffe1
ffed
fff7
0001
000f
0015
000c
0001
fff3
ffe7
ffe5
ffe6
ffe7
ffe9
ffe4
ffdf
ffdc
ffd1
ffc5
ffba
ffb3
ffb8
ffc8
ffd9
ffe0
ffe1
ffdb
ffd6
ffd8
ffcf
ffb7
ffa6
ffad
ffda
0036
00bf
0162
01f9
025b
024e
01bc
00f3
004d
ffdb
ffa6
ffab
ffc4
ffd6
ffd7
ffd0
ffd0
ffce
ffc9
ffc8
ffcd
ffd2
ffd5
ffdb
ffeb
0006
001b
001e
0009
fff0
ffea
fff0
fff1
ffee
fff0
fff2
fff2
fff2
fff7
0003
0011
001e
002f
0047
0059
0058
0044
002d
0027
0032
003c
0043
0049
0050
005a
0065
0071
007e
0089
0091
0097
009f
00b0
00c6
00d8
00e2
00dc
00c6
00b9
00ae
0090
0067
0040
0024
0012
0006
fffd
fff1
ffe6
ffe5
ffe8
ffe6
ffe0
ffdc
ffd7
ffcc
ffbd
ffb8
ffb9
ffb3
ffae
ffb1
ffb9
ffbe
ffc3
ffc8
ffca
ffc5
ffbd
ffbb
ffc5
ffcf
ffd1
ffd2
ffd3
ffcd
ffc8
ffc6
ffca
ffd2
ffd3
ffd0
ffc9
ffbe
ffc0
ffcf
ffd8
ffd8
ffd9
ffdb
ffd7
ffce
ffc6
ffc2
ffc3
ffc3
ffbf
ffbb
ffbe
ffc2
ffc8
ffd1
ffd6
ffd4
ffcf
ffc8
ffc6
ffca
ffce
ffca
ffbe
ffba
ffb8
ffb8
ffb8
ffb7
ffb8
ffbd
ffc8
ffd7
ffe4
ffe7
ffe3
ffe0
ffe6
fff5
0004
000e
0012
0014
0012
0001
fff0
ffe4
ffd6
ffc6
ffc0
ffbe
ffb8
ffb4
ffb3
ffba
ffc0
ffc1
ffc0
ffc3
ffc9
ffce
ffd3
ffd1
ffc3
ffb5
ffbd
ffe8
003d
00ba
0153
01ed
025e
025c
01c7
00e5
002a
ffc2
ff9f
ffaa
ffcb
ffe0
ffd8
ffcc
ffcf
ffd0
ffc6
ffbb
ffc2
ffd5
ffdd
ffd9
ffd5
ffdd
fff1
fffc
fff2
ffe3
ffdd
ffe0
ffe2
ffe3
ffe8
ffef
fff6
fff8
fffc
0006
0014
0023
002a
0030
0033
002e
002a
0029
0028
0029
0032
0041
004f
005a
0067
0078
0086
0091
0098
00a0
009f
008f
008a
0090
0096
009d
00a4
00ab
00a8
009a
008c
0082
006f
0051
0034
001e
0010
0005
fffe
fff3
ffdc
ffce
ffc9
ffc2
ffb6
ffac
ffa8
ffa5
ffa7
ffad
ffb3
ffba
ffba
ffbe
ffc9
ffcc
ffbf
ffaf
ffa9
ffae
ffba
ffba
ffb0
ffb0
ffbe
ffce
ffd2
ffd0
ffc2
ffaf
ffa5
ffa8
ffb3
ffbb
ffc3
ffcc
ffd0
ffcc
ffc6
ffc3
ffc1
ffc1
ffc0
ffbe
ffbd
ffc5
ffca
ffc5
ffc0
ffbe
ffbd
ffbb
ffbb
ffba
ffba
ffbc
ffc2
ffc7
ffc4
ffbe
ffc0
ffc7
ffcf
ffd8
ffdc
ffd5
ffc7
ffbf
ffc0
ffc6
ffca
ffcc
ffcb
ffc7
ffc7
ffd5
ffe9
fff6
ffff
0010
0021
0026
001d
0002
ffe0
ffce
ffc8
ffce
ffda
ffde
ffdb
ffd3
ffcc
ffcb
ffc8
ffc1
ffbc
ffba
ffbd
ffc4
ffca
ffca
ffc9
ffc9
ffca
ffcb
ffd0
ffe9
001e
0079
0104
01a7
0233
0270
0226
015d
0088
fffa
ffae
ff9d
ffb1
ffc4
ffc4
ffbe
ffc2
ffcc
ffd2
ffd3
ffd8
ffe6
fff1
ffef
ffea
ffee
fff3
fff1
ffe4
ffdf
ffe5
ffee
fff7
fff7
fff2
fff2
fff4
fff5
fff4
fff7
fffa
fffe
0005
000d
0019
0027
0037
0041
0042
0041
0046
004d
004e
0053
0060
006e
0073
0070
0073
0075
0077
0081
0091
009c
00a4
00ab
00b0
00ad
00a2
009a
0099
0093
0079
0055
003a
002b
0021
001c
0014
fff9
ffdc
ffcb
ffc5
ffbf
ffbb
ffb9
ffb2
ffa7
ffa6
ffad
ffb1
ffaf
ffae
ffb0
ffb1
ffb2
ffb8
ffc0
ffc2
ffc0
ffc3
ffc5
ffc3
ffc2
ffcc
ffd6
ffd6
ffd0
ffc8
ffbf
ffb9
ffb4
ffaf
ffad
ffb2
ffba
ffbf
ffc1
ffbf
ffbd
ffc2
ffcd
ffd2
ffcc
ffca
ffd8
ffec
fffb
fff9
ffe9
ffcf
ffb1
ff9e
ff98
ff9a
ffa1
ffa9
ffba
ffc9
ffca
ffca
ffcc
ffce
ffd3
ffdf
ffee
fff3
ffec
ffe2
ffe2
ffee
fffe
000a
000c
0002
fff1
ffe8
ffe3
ffd3
ffc2
ffb8
ffba
ffc1
ffc6
ffc7
ffc3
ffc1
ffc5
ffce
ffd9
ffe0
ffe4
ffee
fff0
ffe2
ffcd
ffba
ffb8
ffd3
0010
0079
010e
01ae
0226
0244
01e1
011c
0061
ffe8
ffb2
ffb6
ffd7
fff2
fff7
ffef
ffef
ffef
ffe2
ffd4
ffd0
ffd2
ffd1
ffcd
ffcf
ffdb
ffe7
ffeb
ffe4
ffdf
ffe5
fff3
0000
000b
000d
000d
000b
0010
0025
003c
0035
001b
0004
fffc
0003
0013
0025
0034
0040
0046
0049
004c
004c
0052
0061
0072
0082
0090
009d
00ad
00bd
00bf
00b4
00a6
00a2
00a6
00a2
0095
0084
0075
006a
0060
0053
0043
0035
002e
0021
000a
fff5
ffec
ffe9
ffe9
ffe8
ffe6
ffdc
ffc6
ffac
ff9a
ff98
ffa0
ffaa
ffb3
ffba
ffc0
ffc5
ffcb
ffd5
ffdd
ffd8
ffd0
ffce
ffce
ffc8
ffbf
ffb6
ffb3
ffb7
ffc0
ffc6
ffcb
ffd3
ffd2
ffcb
ffc6
ffca
ffd6
ffe6
ffe8
ffdb
ffce
ffc5
ffc3
ffc4
ffc6
ffc6
ffc4
ffc2
ffc7
ffd2
ffd4
ffca
ffc0
ffbf
ffc5
ffcb
ffce
ffcf
ffd4
ffd8
ffd3
ffce
ffd0
ffd6
ffda
ffd5
ffc8
ffbc
ffb8
ffba
ffbc
ffc1
ffc9
ffcf
ffd7
ffe2
ffec
fff3
fff4
fff7
0001
0005
0005
0005
0001
fff9
ffee
ffe3
ffdc
ffda
ffde
ffe5
ffe4
ffda
ffd2
ffce
ffd1
ffd0
ffce
ffce
ffc8
ffc2
ffbf
ffbe
ffbd
ffb8
ffb6
ffcc
0008
006f
00fe
019f
022b
0272
023f
0187
00a6
0001
ffad
ff9e
ffbd
ffe1
ffea
ffe1
ffd6
ffcf
ffcd
ffce
ffd5
ffdc
ffdc
ffd8
ffd2
ffd5
ffe4
fff1
fff0
ffe7
ffe2
ffeb
fff6
fff5
fff0
fff2
fff7
fffb
fffc
fff9
fff9
ffff
000b
0017
0021
0028
002f
003a
0043
0040
003b
003d
0048
0056
005e
0064
006a
0072
007f
008e
009b
00a1
00a1
00a2
00a6
00ab
00ad
00ad
00ab
00a4
009a
0087
006d
0055
0048
003b
0024
0007
ffeb
ffd7
ffce
ffcd
ffcd
ffc7
ffc3
ffc4
ffc2
ffbd
ffba
ffb9
ffb6
ffb0
ffac
ffa9
ffaa
ffad
ffaf
ffb1
ffb4
ffb9
ffbb
ffbc
ffbe
ffbf
ffc0
ffc2
ffc7
ffc9
ffc7
ffc4
ffc7
ffcd
ffce
ffca
ffc2
ffbb
ffb9
ffba
ffb8
ffb8
ffbc
ffbd
ffbd
ffc1
ffc6
ffc5
ffc4
ffcc
ffd2
ffcf
ffcb
ffca
ffc7
ffc0
ffbb
ffb8
ffba
ffbc
ffc2
ffc8
ffc9
ffc9
ffc6
ffc2
ffc4
ffc8
ffc3
ffbb
ffb9
ffbb
ffbf
ffc6
ffcf
ffd4
ffd8
ffdb
ffe0
ffe6
ffe7
ffe9
ffec
ffea
ffe3
ffdb
ffde
ffed
fffc
fffb
fff0
ffe7
ffe3
ffe2
ffe5
ffe4
ffde
ffd7
ffd1
ffd0
ffd5
ffdc
ffe1
ffe3
ffe7
ffe8
ffdf
ffd3
ffc9
ffc2
ffbd
ffb8
ffb5
ffb3
ffbe
ffeb
0047
00d6
0181
021d
0271
0245
018f
00ad
000c
ffbb
ffa9
ffbe
ffd9
ffe3
ffdf
ffdc
ffde
ffdf
ffe0
ffdd
ffe0
ffe4
ffe2
ffe0
ffe8
fff6
fff5
ffe4
ffd7
ffd9
ffe6
fff5
fffd
fffc
fffa
0000
0007
0005
0003
0005
0007
0010
001d
0022
0021
0025
002e
0035
0040
0050
005e
0065
0060
0055
0051
0058
0063
0070
007f
008e
009b
00a4
00ad
00b9
00c5
00d4
00d7
00c9
00b1
0094
0076
005a
0045
0036
0028
0018
0004
fff0
ffe3
ffd8
ffcd
ffc4
ffbf
ffc0
ffc2
ffc3
ffc2
ffbe
ffbb
ffba
ffbc
ffbb
ffb5
ffb0
ffad
ffa9
ffad
ffb7
ffc6
ffca
ffbe
ffb3
ffb2
ffb4
ffbd
ffc9
ffc9
ffbf
ffb6
ffb5
ffc0
ffcb
ffcd
ffc5
ffbb
ffb8
ffb4
ffb3
ffba
ffc4
ffcf
ffcd
ffc2
ffbc
ffbe
ffc6
ffc9
ffbf
ffb5
ffb0
ffb3
ffb9
ffc0
ffc2
ffc1
ffbe
ffb9
ffb6
ffb4
ffb4
ffb7
ffbb
ffbe
ffbe
ffbe
ffc0
ffc4
ffc9
ffcc
ffd8
ffe1
ffd5
ffc2
ffb8
ffba
ffc3
ffd1
ffda
ffdb
ffdc
ffe6
fff5
0000
ffff
fff8
fff3
fff3
fff3
fff1
fff1
ffed
ffe6
ffd9
ffca
ffc5
ffc7
ffc8
ffc9
ffd2
ffd8
ffd3
ffca
ffc2
ffbe
ffbd
ffc0
ffc2
ffc2
ffd1
fffb
004f
00d3
0173
020b
026e
025b
01b7
00d1
0019
ffb5
ff93
ff9b
ffb4
ffc6
ffca
ffcc
ffd3
ffd9
ffd5
ffd0
ffd7
ffe4
ffe8
ffe1
ffdd
ffe3
ffea
ffe5
ffdd
ffdb
ffe2
ffec
fff3
fff2
fff2
fffb
0004
0006
0007
0010
001e
001f
001d
0021
002a
0031
0034
0034
0035
003c
0043
004a
0053
005c
0066
0070
0078
0080
008e
009f
00ab
00b0
00b0
00ae
00ad
00b3
00b9
00b0
0099
0083
0075
006f
005e
0044
002d
0017
fffe
ffec
ffe6
ffe8
ffde
ffd0
ffca
ffc6
ffc1
ffbf
ffc3
ffc8
ffbf
ffb0
ffad
ffb7
ffc7
ffd6
ffdb
ffd1
ffbb
ffa8
ffa2
ffa9
ffb8
ffc2
ffc9
ffce
ffc9
ffc7
ffc7
ffca
ffd1
ffd3
ffcf
ffca
ffc6
ffc6
ffc9
ffcc
ffcd
ffd0
ffd4
ffd9
ffdc
ffda
ffd4
ffd3
ffda
ffd8
ffd1
ffce
ffcd
ffce
ffcc
ffc9
ffc8
ffc7
ffcb
ffd5
ffde
ffe3
ffed
fff3
ffe7
ffd6
ffca
ffc1
ffc6
ffcd
ffca
ffc7
ffcc
ffdb
ffed
fff8
ffed
ffe0
ffe1
ffe7
ffe7
ffe2
ffe3
fff1
0002
0007
0002
fffd
fffb
fffc
fffd
fffb
fff4
ffe8
ffdf
ffdd
ffda
ffd4
ffd0
ffd8
ffe4
ffed
fff1
ffec
ffe8
ffdd
ffc8
ffb7
ffab
ffa8
ffbd
fff9
0061
00f6
01b1
0252
0292
024d
0185
009a
fff7
ffa2
ff89
ff9c
ffba
ffcb
ffce
ffd4
ffe3
ffed
fff6
0003
000c
0018
0028
0013
ffe1
ffcf
ffd8
ffcf
ffc1
ffc9
ffd9
ffe4
ffe8
fff4
000e
001b
0012
0006
0008
001c
0035
002d
0009
fff4
fff3
0002
0018
002d
003c
0043
004c
005a
006f
0082
008c
0090
008b
007c
0070
006c
0077
008e
00a6
00b3
00b7
00ba
00ba
00b5
00a9
0097
0087
0078
0060
0044
0031
0024
0016
0004
fff4
ffdf
ffc7
ffb9
ffb2
ffad
ffad
ffb3
ffb9
ffb9
ffb4
ffb4
ffbb
ffbd
ffb9
ffb6
ffb7
ffbd
ffc2
ffc8
ffcc
ffc7
ffc3
ffc0
ffbd
ffbe
ffc7
ffd8
ffdf
ffd2
ffbc
ffaf
ffae
ffb5
ffc2
ffd6
ffe3
ffde
ffd0
ffc5
ffbf
ffb8
ffb5
ffb9
ffbb
ffbc
ffbd
ffc0
ffc3
ffc6
ffcd
ffd7
ffe1
ffe8
ffe0
ffd4
ffce
ffc6
ffbc
ffb6
ffb7
ffb9
ffb9
ffbb
ffbc
ffba
ffbf
ffc6
ffc7
ffc7
ffc8
ffca
ffd0
ffd5
ffd2
ffcc
ffc6
ffc2
ffc2
ffc0
ffbf
ffc4
ffc8
ffcb
ffd0
ffd7
ffdf
ffe6
ffea
ffef
fffa
0006
0010
000e
0002
fff7
fff1
ffee
ffee
ffe9
ffda
ffd0
ffcb
ffcb
ffce
ffce
ffce
ffd2
ffd7
ffd7
ffd4
ffd6
ffd8
ffd3
ffcd
ffc6
ffba
ffbd
ffe0
002d
00a6
0145
01e7
025a
0268
01ea
0109
003f
ffc7
ff9b
ffa6
ffc8
ffdf
ffe5
ffe4
ffe1
ffe1
ffdc
ffcf
ffcb
ffd5
ffe5
ffec
ffed
fff2
fff2
ffe6
ffd9
ffd5
ffdb
ffe6
ffef
fff4
fff4
fff5
fffa
fffe
ffff
0000
0008
0015
001f
0027
002c
0030
0031
0031
0039
0045
0049
0049
004a
004f
0060
0079
0083
007c
0075
007a
0087
0094
00a0
00aa
00b1
00b5
00b3
00ad
00a8
00a0
0094
0088
0079
0065
0056
004b
0037
0013
ffe8
ffc7
ffb2
ffab
ffac
ffaf
ffb2
ffb3
ffb3
ffb8
ffbe
ffc2
ffc4
ffc7
ffca
ffd1
ffcd
ffbd
ffaf
ffa3
ff9a
ff96
ff99
ffa3
ffb0
ffb8
ffbd
ffc2
ffc3
ffbc
ffb3
ffb6
ffc3
ffc7
ffbd
ffaf
ffac
ffbc
ffcc
ffd2
ffcc
ffbc
ffab
ffa2
ffa5
ffab
ffae
ffb4
ffb6
ffae
ffac
ffb3
ffbe
ffce
ffd9
ffd3
ffc6
ffc0
ffc2
ffc3
ffbe
ffb9
ffaf
ffa9
ffad
ffb1
ffb4
ffbe
ffc5
ffc0
ffbc
ffc0
ffc4
ffcd
ffdc
fff2
0000
fff9
ffdf
ffcf
ffc9
ffbe
ffbb
ffc3
ffce
ffd7
ffdf
ffe8
ffef
fff4
fff1
ffe9
ffe2
ffe1
ffe1
ffdd
ffd9
ffd9
ffd5
ffd0
ffd0
ffd2
ffd4
ffd4
ffd6
ffd1
ffc7
ffc3
ffc4
ffbf
ffbb
ffc2
ffdf
0022
008e
011d
01b6
022e
024d
01eb
012a
0073
0001
ffc1
ffaf
ffbf
ffcf
ffd1
ffcd
ffd1
ffe1
ffe9
ffe5
ffe4
ffe9
ffe5
ffd5
ffcb
ffcc
ffd0
ffd7
ffde
ffdf
ffda
ffdf
ffeb
fff5
ffff
0016
002f
0032
0022
0016
0012
000c
ffff
fffc
0008
0017
002e
0036
002e
0029
0031
0045
005a
0068
0070
0079
0087
0094
0094
0088
0084
0090
00a0
00af
00b1
00a6
009d
0096
0091
0091
0091
0085
006b
004c
0035
0023
0010
0002
fff8
ffea
ffe1
ffd9
ffca
ffbf
ffb8
ffb3
ffb2
ffb5
ffba
ffba
ffb5
ffb2
ffb4
ffb8
ffc3
ffce
ffd5
ffd3
ffc8
ffbe
ffba
ffc2
ffcb
ffcc
ffc2
ffc4
ffcd
ffcf
ffca
ffc5
ffbc
ffb4
ffb4
ffc0
ffca
ffcc
ffce
ffd4
ffd1
ffca
ffca
ffd4
ffe2
ffe3
ffd7
ffcc
ffc7
ffc4
ffbe
ffb9
ffb8
ffbe
ffcb
ffd4
ffcf
ffc8
ffc7
ffc9
ffd2
ffe1
ffe7
ffe6
ffe8
ffec
ffe9
ffd8
ffc7
ffc6
ffcd
ffcf
ffcb
ffc4
ffbf
ffc1
ffc9
ffd3
ffd9
ffde
ffea
fffb
0008
000a
000c
000b
0002
fff8
ffef
ffea
ffe6
ffe9
ffef
ffed
ffe7
ffe9
fff5
0000
fffb
ffef
ffe2
ffd5
ffd6
ffdb
ffd4
ffc8
ffbb
ffaf
ffac
ffac
ffad
ffb6
ffd8
0029
00b3
0166
0217
028f
0290
0208
012c
005f
ffd4
ff93
ff96
ffb2
ffc3
ffca
ffd3
ffe0
ffea
ffe7
ffdd
ffe0
fff3
000b
0013
0001
ffe8
ffd5
ffc7
ffc1
ffc6
ffd1
ffdd
ffef
000b
001f
001a
000c
0006
0007
000e
000f
0007
0004
000b
0018
0026
002f
0033
0037
003f
0049
0053
005b
0066
0075
007f
0082
008a
0095
009b
009d
00a0
00a4
00ad
00bb
00c6
00c9
00c1
00b6
00b1
00ae
009c
007d
005e
0045
0031
001f
000e
ffff
ffea
ffd6
ffcb
ffc5
ffc1
ffbd
ffb8
ffb7
ffb1
ffac
ffad
ffb1
ffb5
ffb8
ffba
ffc2
ffd9
fff4
0007
0001
ffd9
ffb1
ffa5
ffa5
ffa5
ffac
ffb3
ffbb
ffca
ffe6
fffb
ffef
ffdb
ffd6
ffdd
ffe1
ffd7
ffc6
ffb4
ffa4
ffa1
ffaa
ffae
ffab
ffac
ffb0
ffb5
ffb9
ffc8
ffd9
ffe5
ffed
ffe9
ffde
ffcf
ffc0
ffbd
ffb9
ffaf
ffab
ffb6
ffc1
ffc3
ffc7
ffcb
ffc8
ffc0
ffc1
ffca
ffce
ffcd
ffdb
fff7
0012
000b
ffda
ffad
ffa0
ffaa
ffb7
ffb9
ffb5
ffb0
ffb0
ffbe
ffd5
ffef
0007
0020
0024
0012
fffe
ffea
ffe3
ffec
fff4
ffe9
ffd9
ffd6
ffd8
ffd7
ffd5
ffd7
ffe0
ffeb
ffef
ffe0
ffce
ffca
ffcb
ffc7
ffc0
ffc0
ffc7
ffd3
ffde
ffdc
ffd5
ffdf
0010
0075
0103
0193
020f
0255
022b
017c
009e
fffc
ffa8
ff96
ffb1
ffd5
ffea
fff2
fff7
0001
0009
0001
ffe8
ffcc
ffc5
ffd4
ffd8
ffcf
ffca
ffcb
ffd0
ffd8
ffe0
ffe8
ffee
ffed
ffeb
fff1
fffd
0005
000a
0012
001f
0028
0021
0013
0011
001c
002a
0036
004a
0063
0077
0080
0078
0063
004e
0047
004b
0056
0061
0070
0082
0092
009f
00a9
00b5
00c7
00dd
00f3
00f9
00de
00b0
0087
0069
0048
0027
000d
fff8
ffeb
ffe6
ffe3
ffdc
ffd5
ffd7
ffea
ffff
fffd
ffe7
ffc5
ffa5
ff90
ff89
ff8a
ff90
ff9a
ffa3
ffaa
ffb4
ffbf
ffc4
ffc2
ffbe
ffbd
ffbd
ffc0
ffbf
ffb8
ffb2
ffb1
ffb7
ffc4
ffd4
ffe1
ffe3
ffd6
ffc0
ffb2
ffae
ffb0
ffba
ffbf
ffb6
ffab
ffa9
ffb1
ffba
ffbf
ffbf
ffc3
ffc7
ffc5
ffc2
ffc0
ffbd
ffba
ffc0
ffcc
ffd0
ffca
ffc3
ffbb
ffb3
ffb1
ffb1
ffb1
ffb4
ffb9
ffbe
ffc1
ffc4
ffc6
ffc8
ffce
ffdf
ffef
ffe9
ffd1
ffbd
ffb7
ffb8
ffc0
ffcc
ffd3
ffd4
ffda
ffe5
ffef
fff4
fff2
fff5
fffb
fffe
fffd
fff3
ffea
ffe8
ffec
ffe9
ffde
ffd6
ffd2
ffd8
ffda
ffcc
ffbf
ffba
ffbc
ffbe
ffc2
ffc7
ffc8
ffc6
ffc6
ffc6
ffc6
ffcd
ffe6
0022
008e
0124
01c1
023e
0262
01fc
0129
0061
ffe7
ffb4
ffb2
ffc4
ffd0
ffd1
ffd0
ffd1
ffd5
ffd4
ffcf
ffcf
ffd8
ffe0
ffe0
ffda
ffdb
ffe3
ffe6
ffe3
ffe2
ffe9
fff1
fff7
fff8
fff5
fff9
0000
0005
0008
000b
000f
0010
0013
0018
001e
0025
002b
0031
0036
003c
0044
004e
0057
005d
0067
0071
0077
007b
0082
008c
0097
00a1
00a6
00a9
00ad
00b3
00b6
00b5
00af
00a3
0094
0081
006b
005f
0055
003e
0022
0007
fff3
ffe4
ffdd
ffd4
ffcf
ffd5
ffd3
ffcb
ffc9
ffc9
ffc2
ffb9
ffb9
ffbd
ffbd
ffc3
ffc8
ffc0
ffb1
ffa2
ff9c
ffa2
ffb0
ffb8
ffbd
ffbf
ffc1
ffc9
ffd0
ffd5
ffd8
ffd7
ffd4
ffcc
ffbf
ffb4
ffb4
ffb7
ffbf
ffc8
ffcb
ffd0
ffdb
ffe6
ffdb
ffc5
ffbb
ffbc
ffc3
ffc7
ffc5
ffc5
ffc7
ffc7
ffca
ffd6
ffde
ffd9
ffda
ffdd
ffd7
ffd0
ffce
ffd7
ffe8
fff6
ffe9
ffcb
ffbd
ffb7
ffb1
ffb5
ffbb
ffb8
ffb2
ffb9
ffcc
ffe0
ffe9
ffff
0015
0002
ffe6
ffe0
ffe0
ffe3
fff1
0004
0009
fffa
ffef
fff1
fff6
fffa
fff5
ffe2
ffc6
ffb5
ffb8
ffc3
ffc8
ffcb
ffce
ffcc
ffd1
ffdc
ffe5
ffe5
ffd7
ffc5
ffb8
ffb2
ffcb
0018
0095
0137
01da
024f
0261
01f5
012e
0070
ffef
ffad
ffb3
ffdd
fff0
ffdd
ffc6
ffc2
ffc5
ffcb
ffd9
ffea
fff4
ffed
ffdc
ffcd
ffc6
ffca
ffd7
ffde
ffdc
ffe0
ffe9
fff6
0006
001a
002d
0031
0021
000d
0000
fffb
fffe
0003
000e
001b
0025
002f
0036
003f
0054
006e
007e
0075
005e
0051
005a
006e
0084
009a
00a6
00a9
00a2
00a6
00b0
00af
00a7
00a0
009e
00a0
00a3
009f
008e
0077
0055
0031
0014
fffe
ffee
ffd8
ffc3
ffbc
ffbc
ffba
ffb9
ffba
ffbd
ffc2
ffc3
ffc5
ffc6
ffc0
ffbb
ffbb
ffbf
ffbe
ffb5
ffb2
ffb9
ffbd
ffbc
ffba
ffb6
ffb4
ffb9
ffbe
ffc1
ffc2
ffc8
ffd2
ffdb
ffd6
ffc1
ffae
ffa9
ffb0
ffc0
ffc9
ffc5
ffbe
ffbd
ffc3
ffcb
ffd6
ffe1
ffe6
ffe9
ffe6
ffdb
ffc6
ffb0
ffa6
ffa2
ffa4
ffab
ffb1
ffb8
ffbe
ffc6
ffd2
ffd7
ffd3
ffd0
ffd6
ffd0
ffc6
ffcc
ffd0
ffbf
ffb4
ffb7
ffbd
ffbf
ffc4
ffd0
ffd9
ffd9
ffdf
ffeb
fff6
fff3
ffdf
ffd5
ffd5
ffdb
ffdf
ffd7
ffcd
ffcc
ffd8
ffe9
fff5
fffa
fffc
0004
0010
001e
001a
fff5
ffcc
ffb5
ffaf
ffb1
ffb6
ffbd
ffc4
ffcb
ffd4
ffea
000b
0023
001a
ffea
ffb7
ff96
ff85
ff8c
ffb8
000e
008a
012d
01dc
025f
026c
01e2
010a
005b
fff2
ffbf
ffb7
ffc3
ffca
ffc6
ffbf
ffc0
ffc6
ffc8
ffc7
ffce
ffde
ffee
fff7
fff7
fffa
0006
000c
fff5
ffdb
ffd3
ffd3
ffd5
ffda
ffe2
ffee
fffa
0004
0011
001a
001a
001f
002a
002d
002b
002b
0030
0034
0032
0039
0046
0054
0063
006e
006c
006a
006b
0072
007e
008b
009c
00af
00ce
00f4
0101
00e2
00b5
0099
0085
006c
005e
0058
004c
003e
0033
0027
001a
000e
0008
000d
0000
ffe1
ffc9
ffb6
ffa6
ff9f
ff9c
ff9b
ffa2
ffab
ffac
ffae
ffb5
ffb8
ffb3
ffad
ffad
ffaf
ffb4
ffbb
ffc4
ffc6
ffc4
ffc0
ffb9
ffb8
ffb7
ffb4
ffb6
ffbb
ffbe
ffbf
ffc0
ffc2
ffc4
ffc4
ffc4
ffc3
ffc5
ffc6
ffc6
ffc6
ffc6
ffc7
ffc9
ffc9
ffc9
ffc7
ffc2
ffbe
ffbd
ffbf
ffc1
ffc3
ffc4
ffc4
ffc4
ffc9
ffd0
ffd6
ffd1
ffc5
ffbe
ffba
ffba
ffbb
ffbd
ffc0
ffc2
ffc3
ffc4
ffc5
ffc8
ffc7
ffc4
ffc5
ffc9
ffcd
ffce
ffcf
ffd2
ffd7
ffdb
ffdf
ffe3
ffe8
ffed
fff4
fffe
0003
ffff
fff9
fff4
ffef
ffea
ffe2
ffd8
ffd0
ffcb
ffc9
ffc9
ffcb
ffcb
ffcc
ffca
ffc9
ffc9
ffca
ffce
ffcf
ffcd
ffc7
ffc1
ffc2
ffde
001f
0088
011a
01ba
0238
025b
01f3
0125
0064
ffeb
ffae
ffa5
ffbb
ffcd
ffd2
ffd2
ffd9
ffe0
ffde
ffd3
ffd0
ffd9
ffe0
ffdc
ffd7
ffd9
ffe3
ffe9
ffe8
ffe7
ffec
fff3
fff4
fff0
fff0
fff6
fffc
fffe
ffff
0002
0007
000f
0015
0018
001c
0024
002c
0032
0036
003e
0046
004b
0050
0055
005e
0069
0072
007a
0082
008a
0094
009e
00a7
00ad
00af
00b0
00b0
00ac
00a4
0097
0089
007a
0068
0054
003e
0029
0016
0003
fff2
ffe5
ffdb
ffd1
ffc9
ffc3
ffbe
ffbd
ffbd
ffb9
ffb4
ffb3
ffb2
ffb2
ffb3
ffb7
ffbb
ffbd
ffbf
ffc2
ffc3
ffc0
ffbd
ffbc
ffbe
ffc0
ffc3
ffc6
ffc8
ffca
ffca
ffc8
ffc9
ffce
ffd0
ffd0
ffd2
ffd2
ffd2
ffd3
ffd1
ffd1
ffd3
ffd5
ffd7
ffd6
ffd6
ffd5
ffd1
ffcf
ffd0
ffd2
ffd4
ffd6
ffd7
ffd8
ffd8
ffd6
ffd5
ffd6
ffd7
ffd7
ffd7
ffd8
ffd9
ffd8
ffd8
ffda
ffd9
ffd8
ffd9
ffda
ffda
ffda
ffd9
ffda
ffdb
ffdd
ffe1
ffe7
ffed
fff4
fff8
fffc
0001
0007
000c
0011
0013
000d
0003
fffb
fff7
fff7
fff5
ffed
ffe5
ffe1
ffde
ffdd
ffde
ffdd
ffdb
ffd9
ffd8
ffda
ffde
ffe0
ffdf
ffdb
ffd6
ffcf
ffcf
ffea
002e
009e
0137
01d7
0250
026a
01fe
012e
0069
ffee
ffb9
ffb9
ffd2
ffe5
ffe7
ffe3
ffe6
ffec
ffec
ffe5
ffe1
ffe5
ffea
ffeb
ffe7
ffe6
ffeb
fff0
fff3
fff4
fff7
fffe
0004
0003
0001
0008
0010
0012
0013
0014
0018
0021
0027
0029
002c
002f
0036
003c
003f
0045
004e
0059
0060
0067
006f
007a
0087
0092
009c
00a8
00b3
00bb
00be
00c0
00c1
00be
00b8
00b2
00ab
00a3
0095
0083
0070
005c
0049
0036
0021
000d
fffc
ffed
ffe0
ffd7
ffd2
ffcc
ffc6
ffc3
ffc5
ffc8
ffc8
ffc8
ffc8
ffc5
ffc2
ffc0
ffc0
ffc3
ffc9
ffd1
ffd7
ffd8
ffd5
ffd0
ffcb
ffc6
ffc1
ffbe
ffbd
ffbe
ffc2
ffca
ffd2
ffd6
ffda
ffde
ffe0
ffe1
ffde
ffd5
ffcb
ffc3
ffc2
ffc4
ffc4
ffc5
ffc5
ffc5
ffc6
ffc7
ffc8
ffc7
ffc7
ffc9
ffcd
ffd1
ffd4
ffda
ffe4
ffee
ffec
ffe2
ffd3
ffc2
ffb1
ffa5
ffa5
ffac
ffb6
ffc0
ffc8
ffcf
ffcf
ffcd
ffd1
ffda
ffe4
ffe8
ffe7
ffe6
ffe2
ffdd
ffd0
ffc3
ffc2
ffc9
ffcb
ffcb
ffca
ffc4
ffbe
ffbe
ffc8
ffd3
ffdc
ffe4
ffec
fff7
0004
0009
0004
fffe
fff9
fff7
fff9
fffe
0008
0013
0015
000b
fff9
ffe2
ffce
ffc3
ffbb
ffb4
ffb6
ffc0
ffc9
ffcf
ffd6
ffdf
ffdf
ffd0
ffc5
ffdb
0019
0085
0123
01cd
024d
0270
020f
013d
0068
ffe4
ffab
ffaa
ffc0
ffcd
ffc9
ffc1
ffc5
ffda
ffed
ffee
ffe9
ffe6
ffe7
ffea
ffe7
ffe5
ffe5
ffdd
ffce
ffc2
ffc5
ffd6
ffea
fff1
fff2
fff5
fffd
0007
0015
001b
0018
0010
0003
fffd
0003
0011
0020
002d
0038
003f
0045
0049
0049
004e
0059
0066
006f
0077
0080
0089
0097
00ad
00c1
00cf
00d2
00ce
00bf
00aa
0097
0089
007f
0076
006c
005c
0044
0029
0012
ffff
fff0
ffea
ffec
ffe7
ffd9
ffcd
ffca
ffc8
ffc5
ffbf
ffaf
ff9c
ff95
ff9c
ffac
ffb3
ffb0
ffb1
ffad
ffa5
ffaa
ffbc
ffc4
ffbe
ffb3
ffab
ffa5
ffa1
ffa7
ffb6
ffc4
ffcb
ffc8
ffbf
ffbc
ffb8
ffb2
ffb1
ffb2
ffb2
ffb5
ffb8
ffb8
ffb8
ffb7
ffb9
ffb3
ffad
ffad
ffab
ffae
ffbc
ffcc
ffd4
ffd4
ffc9
ffbb
ffb0
ffac
ffab
ffab
ffb4
ffbc
ffbe
ffc1
ffc3
ffbf
ffbc
ffc1
ffcd
ffdd
ffe7
ffe7
ffd8
ffc4
ffb9
ffae
ffa7
ffa7
ffae
ffb7
ffc0
ffbf
ffbc
ffbd
ffc6
ffd5
ffe2
ffe6
ffe1
ffdb
ffd8
ffd6
ffd8
ffdf
ffeb
fff7
ffff
0002
ffff
fffb
fffa
fff6
ffeb
ffdf
ffd2
ffcb
ffca
ffca
ffc8
ffc8
ffcc
ffd0
ffd2
ffd4
ffd6
ffda
ffe5
fff0
fffb
fffb
ffe5
ffcc
ffcf
fff3
0038
00b0
0153
01f6
025b
0249
01a8
00be
0009
ffaf
ffa8
ffd3
fff8
fff2
ffd5
ffc6
ffcf
ffdf
ffdf
ffcf
ffca
ffcf
ffce
ffc9
ffc9
ffd0
ffdc
ffe5
ffed
fff8
0000
0003
0007
000a
0002
fff9
fff4
fff2
fff7
0003
0011
001a
001d
001e
0024
002f
0036
003b
003b
0038
0039
0040
004a
0058
006b
007b
0088
0094
009c
00a4
00b1
00bd
00b7
00aa
00a7
00aa
00af
00b2
00b0
00a1
008b
0076
0060
004c
0036
0021
000e
0002
fffb
ffee
ffdf
ffd3
ffcd
ffc8
ffc5
ffc6
ffcb
ffce
ffc3
ffae
ffa1
ffa0
ffa4
ffa0
ff9b
ff9a
ff9d
ffa2
ffaa
ffb1
ffb5
ffb3
ffb2
ffb7
ffc3
ffcd
ffd1
ffd0
ffd1
ffd5
ffd0
ffbe
ffb2
ffaf
ffaa
ffa4
ffa8
ffaf
ffb3
ffb7
ffbf
ffc9
ffce
ffcb
ffc1
ffbf
ffc3
ffc3
ffc1
ffc0
ffbd
ffb8
ffb5
ffb3
ffb1
ffb3
ffb6
ffb7
ffb8
ffb9
ffbc
ffbe
ffc2
ffc8
ffd5
ffe1
ffde
ffcf
ffc0
ffba
ffbc
ffbe
ffc1
ffbe
ffba
ffb6
ffb4
ffb8
ffbf
ffc4
ffc9
ffd3
ffd8
ffd1
ffc8
ffc9
ffd0
ffd5
ffdd
ffe7
fff7
000b
0018
0013
0007
fffb
fff0
ffed
ffee
ffea
ffda
ffcb
ffbe
ffba
ffc0
ffc3
ffc4
ffc5
ffc6
ffc6
ffcc
ffd8
ffe4
ffe9
ffe4
ffd8
ffc4
ffb8
ffcb
0007
0075
0114
01bf
0242
0269
0209
0139
006b
ffe9
ffac
ffa5
ffb6
ffca
ffd5
ffde
fff2
000b
0012
fffc
ffdc
ffca
ffc6
ffc7
ffce
ffda
ffe0
ffe0
ffde
ffdf
ffe9
fff5
fff7
fff3
fff7
0004
0016
0021
0020
001e
0023
002b
002e
0030
0034
0037
0035
0032
0034
003b
0043
004a
0052
0059
005f
006a
007e
0093
009c
00a2
00af
00b7
00ba
00b8
00b0
00a6
00a1
00a2
00a4
00a2
009d
0091
007c
0061
004d
003f
0037
002f
0017
fff7
ffdd
ffcb
ffc5
ffcc
ffd5
ffd3
ffcb
ffc6
ffc6
ffc9
ffca
ffc8
ffc6
ffc5
ffc6
ffc8
ffd0
ffd9
ffd8
ffd2
ffcf
ffc8
ffc1
ffc1
ffc0
ffc1
ffc9
ffd5
ffdf
ffdf
ffda
ffd8
ffd9
ffd9
ffd7
ffd6
ffd7
ffd6
ffd6
ffd8
ffd5
ffd3
ffd4
ffd0
ffce
ffd0
ffd4
ffdb
ffdf
ffdc
ffd6
ffd4
ffd5
ffd4
ffce
ffc1
ffb8
ffba
ffc2
ffca
ffd0
ffd4
ffd6
ffd4
ffd6
ffdb
ffde
ffe2
ffe1
ffd9
ffd2
ffcd
ffcf
ffd8
ffe3
ffea
ffea
ffe8
ffe9
ffea
ffea
ffe8
ffe9
ffef
fffa
0005
000f
0011
0011
0014
0013
000c
0007
ffff
fff3
ffeb
ffe6
ffdc
ffd4
ffd1
ffd1
ffd9
ffe3
ffe4
ffe5
ffe6
ffe0
ffcc
ffba
ffaf
ffa9
ffb2
ffd6
0020
0092
012c
01d1
0253
0277
020f
0136
0069
ffed
ffb4
ffb1
ffc6
ffd7
ffde
ffdb
ffde
ffe3
ffe2
ffdb
ffd5
ffdc
ffe2
ffdc
ffd5
ffd6
ffdf
ffe5
ffe5
ffe0
ffe4
ffed
fff1
fff2
fff6
fffb
0002
0009
000a
0009
000e
0015
0023
002b
0027
0029
002f
0032
0032
0036
003e
004d
005e
006a
006f
0068
0064
006b
007c
0095
00ab
00b4
00b7
00bb
00cc
00d8
00ca
00b5
00ad
00ac
009f
0084
0066
004c
0042
0045
0044
0030
0002
ffd0
ffb9
ffc9
fff9
002a
003d
0054
0063
0020
ff99
ff4c
ff43
ff52
ff68
ff6f
ff6e
ff6b
ff73
ff8e
ffaa
ffb3
ffb0
ffb6
ffcd
ffe1
ffd4
ffbd
ffbf
ffc5
ffbb
ffad
ffad
ffc6
ffdb
ffd9
ffd1
ffc3
ffb9
ffbc
ffc3
ffc3
ffba
ffb4
ffbb
ffbf
ffbb
ffbf
ffd0
ffcb
ffb6
ffb3
ffc4
ffd3
ffd3
ffd1
ffd4
ffe0
ffed
fff4
ffef
ffdb
ffce
ffd0
ffbf
ff9b
ff84
ff86
ff9d
ffc4
ffe8
ffe8
ffc9
ffba
ffc8
ffd7
ffd8
ffda
ffe7
fff0
ffe4
ffd8
ffd1
ffc5
ffc2
ffd0
ffe6
fff5
fff3
ffef
ffed
ffe7
ffec
ffff
000d
0012
001b
002c
0044
004f
0048
003b
002c
0008
ffd3
ffae
ffa3
ffaa
ffad
ffb2
ffbb
ffbf
ffbf
ffb9
ffc3
ffd8
ffe0
ffdb
ffd2
ffca
ffcd
fff1
003d
0092
00fb
0184
020b
0256
0228
0172
008d
ffee
ffb3
ffb4
ffc4
ffd5
ffdf
ffce
ffc5
ffd5
ffdb
ffd6
ffe3
0003
0021
0035
0025
000f
fffa
ffd1
ffaa
ff98
ffa5
ffbf
ffd0
ffd9
ffe6
0001
0015
001b
001b
000e
0001
0000
0002
0003
0009
001b
0030
0040
0048
0049
0047
0043
0041
0048
0056
0069
0075
007b
0081
008b
0096
00a1
00aa
00af
00b4
00ba
00be
00bc
00b3
00a6
0099
0087
0072
0062
0053
003b
001b
0000
ffee
ffe3
ffda
ffd5
ffd5
ffcf
ffd0
ffd7
ffd0
ffc1
ffb6
ffaa
ff9f
ff9e
ffa3
ffa9
ffac
ffb1
ffb8
ffb9
ffb8
ffbc
ffbd
ffb8
ffb5
ffb3
ffb4
ffb6
ffb7
ffbb
ffc0
ffc4
ffc5
ffcc
ffd9
ffde
ffd7
ffc8
ffb8
ffaf
ffb0
ffb7
ffbb
ffbc
ffbb
ffb8
ffba
ffc5
ffcb
ffc6
ffc4
ffc8
ffca
ffc5
ffc3
ffc0
ffb8
ffb3
ffb4
ffb7
ffbd
ffc4
ffc7
ffc3
ffc3
ffcd
ffd8
ffe3
fff1
fff2
ffe8
ffd6
ffc0
ffb0
ffa5
ff9f
ffa0
ffa6
ffad
ffb4
ffc2
ffd3
ffde
ffe0
ffdb
ffdd
ffe7
ffee
ffe6
ffd3
ffc8
ffcd
ffd9
ffe8
fffc
000c
000b
fffb
fff1
fff0
ffea
ffe1
ffe1
ffe4
ffdf
ffd6
ffd0
ffcd
ffc8
ffc1
ffbe
ffc0
ffc5
ffc8
ffca
ffcb
ffcc
ffd0
ffcf
ffc9
ffc3
ffba
ffb6
ffc8
fffd
005f
00f7
01a3
0233
026c
021b
014f
0076
ffe9
ffac
ffa7
ffbe
ffd5
ffe0
ffe5
ffea
ffea
ffe0
ffdd
ffe5
ffea
fff0
fffa
fffc
fff4
ffe3
ffcd
ffbf
ffc2
ffd1
ffe4
fff1
fff3
ffea
ffe5
ffe8
ffef
fff3
fff7
0004
0017
001f
001d
001c
0022
002d
0033
0033
0039
0048
0057
0060
005a
0059
0065
0076
0089
0091
0093
0095
0097
009b
00a4
00ae
00b2
00af
00a7
009f
009c
009a
008e
0072
0054
003f
002b
001a
0010
0007
fffb
ffef
ffe5
ffd3
ffc0
ffb5
ffaf
ffad
ffb2
ffb9
ffba
ffb7
ffb3
ffb9
ffc1
ffbf
ffba
ffad
ffa3
ffa0
ffa4
ffad
ffb3
ffb4
ffb4
ffbf
ffca
ffcd
ffd0
ffd7
ffd3
ffc2
ffb3
ffb1
ffb1
ffac
ffa6
ffa3
ffa3
ffa8
ffaf
ffb5
ffbf
ffc3
ffc0
ffc0
ffc1
ffc0
ffb9
ffb2
ffaf
ffaf
ffb2
ffb8
ffc0
ffc6
ffc6
ffc5
ffc3
ffc1
ffc3
ffc6
ffc5
ffc3
ffc8
ffd1
ffce
ffc2
ffb2
ffa7
ffa2
ffa2
ffa7
ffad
ffb4
ffba
ffbd
ffc5
ffd3
ffda
ffda
ffd8
ffd2
ffd4
ffe3
fff0
fff2
ffea
ffe9
fff3
fffb
fff2
ffde
ffce
ffc7
ffc9
ffda
ffe4
ffdc
ffd5
ffd6
ffda
ffd9
ffd2
ffcc
ffcd
ffce
ffc5
ffb7
ffb4
ffc5
ffd3
ffc6
ffb5
ffa7
ff9f
ffac
ffe5
004c
00db
017f
0214
0268
023a
017e
00a1
000a
ffbd
ffa7
ffb0
ffc8
ffe2
ffe4
ffd7
ffd8
ffd8
ffc8
ffbf
ffc6
ffcd
ffcb
ffcb
ffd3
ffdb
ffe3
ffe9
ffeb
ffec
fff0
fff2
ffed
ffec
fff6
0007
0015
0015
0011
000d
000c
000f
0017
001e
0024
0029
002b
002d
0033
003b
0042
0047
0050
005f
0071
007c
0082
008a
0093
009a
00a0
00a6
00ae
00b9
00c0
00bc
00ad
00a2
009c
0091
0082
007b
0077
0069
0058
004a
002c
000a
fff1
ffde
ffd0
ffc7
ffc4
ffc4
ffc2
ffc3
ffcb
ffd0
ffcf
ffcf
ffd2
ffd5
ffd0
ffc9
ffc4
ffbb
ffb4
ffbb
ffc1
ffbc
ffb5
ffb3
ffbe
ffd4
ffe2
ffdc
ffd1
ffcf
ffcc
ffcc
ffd2
ffd7
ffda
ffdf
ffe0
ffda
ffd0
ffc9
ffcd
ffd5
ffd6
ffd1
ffc6
ffbc
ffbd
ffc0
ffc6
ffcb
ffce
ffd0
ffd1
ffd5
ffd5
ffd3
ffd9
ffdf
ffdb
ffd4
ffd0
ffd2
ffd5
ffd5
ffd5
ffd6
ffd4
ffd4
ffd7
ffd7
ffd3
ffd0
ffd0
ffd3
ffd7
ffde
ffe4
ffe9
ffef
fff5
fff9
fffb
fffd
0003
000c
000f
000e
000c
0009
0004
0004
000a
0007
fff5
ffe3
ffdb
ffdd
ffdf
ffde
ffdc
ffda
ffe3
fffa
000a
0009
fffa
ffdf
ffc8
ffbb
ffb5
ffb2
ffc0
fff4
0054
00e3
0191
0235
028e
025f
01a2
00b6
000e
ffbb
ffa8
ffb5
ffc4
ffca
ffc8
ffcc
ffd7
ffdf
ffdd
ffda
ffe0
ffed
fff7
fff9
fff3
ffe8
ffe2
ffe2
ffe1
ffe4
ffef
fffa
fffe
ffff
0008
0011
0011
000e
000e
0014
001d
0023
0020
001c
0022
0029
002e
0032
0037
0041
004c
0057
005d
0066
0072
007d
0086
008f
009a
00a6
00b1
00b6
00b0
00ab
00ad
00b5
00be
00bb
00ab
0097
0082
006b
0057
0047
003a
0029
0015
0004
fffd
fff7
ffe8
ffd6
ffca
ffc1
ffb8
ffb2
ffac
ffa8
ffa9
ffb1
ffb4
ffb3
ffb5
ffb8
ffbb
ffbe
ffc3
ffc8
ffcd
ffd4
ffd9
ffd9
ffd5
ffcb
ffbe
ffb4
ffae
ffae
ffb3
ffb9
ffbe
ffc3
ffc3
ffc1
ffc5
ffcd
ffd4
ffdc
ffd6
ffc2
ffb4
ffaf
ffad
ffad
ffb1
ffb8
ffba
ffb8
ffbd
ffc9
ffd4
ffd3
ffca
ffcb
ffd5
ffd2
ffc1
ffb3
ffb4
ffbc
ffc0
ffbd
ffba
ffb7
ffb3
ffb4
ffbb
ffc2
ffc5
ffcc
ffd2
ffce
ffca
ffcd
ffce
ffcd
ffd1
ffd5
ffd3
ffd2
ffd8
ffde
ffde
ffd8
ffd7
ffe0
fff0
fffd
0006
0008
0004
0000
fffa
ffee
ffe2
ffde
ffe5
ffe3
ffd5
ffcd
ffcb
ffc9
ffcd
ffd9
ffdf
ffd5
ffc5
ffbc
ffbd
ffbd
ffbd
ffbd
ffb8
ffbc
ffe7
0046
00d5
017c
0216
0273
0251
019f
00b8
000b
ffae
ff97
ffb1
ffd5
ffe4
ffe1
ffdc
ffdc
ffdc
ffda
ffd6
ffda
ffdf
ffdc
ffd5
ffcf
ffd0
ffd7
ffde
ffe1
ffe2
ffe9
fff9
0005
000b
000b
000b
000c
000f
0015
0013
0009
0003
0004
000d
0017
001b
001c
001d
0021
002d
003e
004e
0058
0062
0074
008b
0098
0097
0094
0095
0099
009c
00a1
00aa
00ad
00ab
00a7
00a2
009c
0092
0084
0071
005d
0048
0034
0022
000f
ffff
fff3
ffea
ffde
ffd2
ffc9
ffc4
ffc0
ffbb
ffb7
ffb8
ffbe
ffc0
ffbe
ffba
ffb4
ffb0
ffae
ffaf
ffb4
ffb8
ffb8
ffb5
ffb6
ffb7
ffb7
ffb9
ffbb
ffbb
ffbc
ffc4
ffd1
ffd6
ffcd
ffc1
ffb8
ffb1
ffb0
ffb6
ffbc
ffbf
ffc0
ffc1
ffc6
ffc8
ffc4
ffbc
ffba
ffbe
ffc2
ffc1
ffbe
ffbd
ffbe
ffc0
ffc3
ffc6
ffc5
ffc3
ffbf
ffbe
ffbf
ffc1
ffc3
ffc5
ffc4
ffc3
ffc3
ffc4
ffc3
ffc2
ffc2
ffc3
ffc6
ffca
ffca
ffc9
ffc7
ffc8
ffcb
ffd0
ffd6
ffd9
ffd9
ffdb
ffe0
ffe7
fff0
fffa
fffe
fffc
fff8
fff9
fffa
fff5
ffeb
ffe2
ffde
ffd7
ffcf
ffca
ffc6
ffc1
ffc0
ffc4
ffc9
ffcf
ffd7
ffd9
ffd4
ffcf
ffc9
ffcb
ffd0
ffd2
ffe2
001b
0089
0123
01c0
023c
0266
020b
014b
0097
0022
ffe7
ffc7
ffb0
ffac
ffaf
ffb3
ffc0
ffce
ffc9
ffb9
ffac
ffac
ffba
ffca
ffd5
ffd8
ffd7
ffd6
ffd3
ffcb
ffcb
ffda
ffe8
ffeb
fff3
0004
000a
0007
0003
0001
0008
0018
0023
0023
001f
0021
002a
0031
0035
0041
005b
0070
006d
005e
0055
0057
0067
0077
007f
0089
0097
009f
00a7
00b1
00b5
00b7
00bc
00c0
00bb
00ae
009a
007c
005a
0044
0038
002d
001a
0000
ffe7
ffd2
ffc7
ffc6
ffcb
ffd0
ffda
fff1
0003
fff9
ffcf
ffa2
ff91
ff94
ff9d
ffb0
ffba
ffb7
ffb6
ffb6
ffb8
ffc0
ffc2
ffc4
ffd2
ffe2
ffe5
ffd7
ffcc
ffca
ffc6
ffba
ffae
ffab
ffb6
ffbd
ffbb
ffb9
ffbb
ffbc
ffc0
ffc9
ffcd
ffc8
ffc5
ffc8
ffd6
ffee
0004
0007
fffd
ffe9
ffd1
ffbe
ffb7
ffc2
ffd0
ffd0
ffc4
ffbf
ffc7
ffdb
fff4
fffb
fff1
ffe9
ffef
000d
0022
001b
0012
0012
fff3
ffb1
ff92
ff97
ff9d
ffa1
ffae
ffc3
ffdb
fff5
001c
0041
0056
006a
0085
0080
002b
ffc5
ff8f
ff89
ff9e
ffb9
ffcc
ffd0
ffd2
ffdb
fff3
000a
0000
ffe7
ffe8
fff3
ffdf
ffbe
ffad
ffa5
ffa7
ffbd
ffee
0049
00d7
0184
021d
0276
025d
01b3
00d1
0024
ffbd
ff9c
ffb6
ffe1
fffb
ffff
0004
001d
0022
0002
ffde
ffcc
ffd0
ffdf
0003
0027
002c
000e
ffdd
ffbf
ffbb
ffc4
ffd4
ffe0
ffe7
fff6
0016
0043
0072
0070
0033
fff9
ffe4
ffe5
ffed
0006
0028
004e
0072
0076
0052
0031
001e
001f
0039
005e
0076
0079
007b
008d
00a7
00b3
00af
00ae
00b7
00c1
00c2
00bb
00b7
00b5
00a7
008c
0071
005c
0051
004c
003c
0021
000b
fffe
fff7
fff0
ffdb
ffc6
ffb6
ffa9
ffa5
ffa9
ffb0
ffb9
ffc0
ffbc
ffb7
ffc1
ffca
ffcb
ffd3
ffda
ffcd
ffba
ffae
ffa8
ffad
ffb6
ffbd
ffc0
ffc2
ffc4
ffc7
ffc9
ffca
ffca
ffcc
ffcf
ffd0
ffcd
ffcb
ffcc
ffcf
ffd0
ffcf
ffcc
ffcb
ffce
ffd2
ffcf
ffc6
ffc4
ffc5
ffc7
ffc9
ffcb
ffca
ffc7
ffc4
ffc4
ffc7
ffc9
ffc9
ffc7
ffc6
ffc6
ffc5
ffc5
ffc7
ffca
ffcd
ffce
ffca
ffc7
ffc7
ffca
ffca
ffc9
ffc9
ffca
ffcb
ffcb
ffc9
ffc7
ffc9
ffce
ffd6
ffdf
ffe6
ffe7
ffe7
ffed
fff7
fffe
fffe
fffa
fff5
fff0
ffe9
ffe5
ffe3
ffe0
ffd8
ffcf
ffc6
ffc0
ffbd
ffbe
ffc2
ffca
ffd2
ffcc
ffc4
ffc2
ffc3
ffc4
ffbe
ffb5
ffaf
ffbb
ffed
004f
00dd
017e
020c
0255
0221
0168
0089
ffec
ffa1
ff9b
ffbe
ffdd
ffde
ffd2
ffd5
ffe4
ffdf
ffc8
ffbc
ffc1
ffc7
ffc8
ffc6
ffc9
ffd0
ffd7
ffda
ffd9
ffdc
ffe3
ffec
fff8
0003
0003
fffc
fff4
ffee
ffec
fff0
fffc
000b
0012
0014
0019
0022
0032
003d
003d
003e
003c
003e
0048
0051
005a
0063
006e
0078
0083
008e
0097
00a0
00a9
00ae
00b3
00b5
00b2
00aa
00a3
0097
0081
006d
005a
0047
0030
0017
0002
fff0
ffe3
ffda
ffcf
ffc4
ffc1
ffc0
ffbc
ffb5
ffb0
ffb0
ffb3
ffb2
ffae
ffac
ffab
ffad
ffb3
ffbc
ffc1
ffbd
ffb7
ffb3
ffb1
ffb0
ffb0
ffb4
ffbc
ffc4
ffc5
ffbf
ffb9
ffb9
ffbb
ffbb
ffbe
ffc7
ffcc
ffc8
ffc4
ffc0
ffbe
ffc1
ffc8
ffce
ffd1
ffcf
ffc3
ffb7
ffb2
ffb6
ffbf
ffc2
ffc4
ffbe
ffb4
ffb3
ffba
ffbe
ffbb
ffb8
ffba
ffbf
ffc2
ffc1
ffbf
ffbf
ffc3
ffc8
ffcd
ffcb
ffc3
ffbd
ffbc
ffbd
ffc3
ffcc
ffc7
ffbe
ffbe
ffc4
ffc8
ffcc
ffd3
ffd7
ffd6
ffd7
ffe0
ffeb
fff5
fffc
fffc
fff8
fff5
fff4
fff2
ffeb
ffe2
ffd8
ffd0
ffca
ffc6
ffc5
ffc4
ffc6
ffc8
ffcf
ffd8
ffdc
ffda
ffd4
ffcf
ffcb
ffc4
ffba
ffb9
ffcd
0003
0069
00f8
0194
0216
024d
0203
0144
007a
fff1
ffab
ff9e
ffb3
ffcb
ffd4
ffd9
ffe6
fff3
ffec
ffda
ffd0
ffd7
ffe3
ffeb
ffe9
ffde
ffdc
ffe3
ffe3
ffdb
ffd8
ffe0
ffe5
ffe8
ffec
fff3
fffc
0003
0006
0008
000e
0015
001a
001f
0025
002d
0031
002c
002c
0035
0044
004d
004d
0051
005f
006f
0078
007d
0081
0085
0089
0091
009d
00a9
00b5
00c4
00c6
00b0
0096
0084
0076
006b
0060
0052
0040
002c
001b
000f
0001
ffef
ffdd
ffce
ffc5
ffc0
ffbc
ffb9
ffba
ffbd
ffbf
ffc0
ffc0
ffbe
ffbc
ffb9
ffb7
ffb7
ffb8
ffbb
ffbd
ffbe
ffc1
ffc8
ffd0
ffd2
ffc9
ffc1
ffc0
ffc2
ffc5
ffc3
ffc3
ffc7
ffc8
ffc6
ffc7
ffca
ffcc
ffcf
ffd2
ffd7
ffda
ffd7
ffce
ffc8
ffc7
ffce
ffd7
ffdb
ffd9
ffd0
ffc6
ffc2
ffc3
ffcd
ffd6
ffd1
ffca
ffcc
ffd1
ffd4
ffd1
ffca
ffc9
ffcf
ffd2
ffd0
ffcb
ffc5
ffc3
ffca
ffd4
ffd8
ffdb
ffde
ffe1
ffe3
ffe4
ffe8
fff0
fffb
0006
000d
0012
000e
0004
0002
fffe
fff4
ffe9
ffdf
ffd9
ffd9
ffdd
ffe0
ffe0
ffdf
ffd9
ffd3
ffd4
ffdb
ffde
ffd9
ffd4
ffd7
ffd8
ffcc
ffcb
ffec
0037
00b1
014e
01e5
024f
0258
01d6
0103
0053
ffea
ffbb
ffbf
ffde
fff1
ffea
ffe2
ffe6
ffe7
ffe3
ffe1
ffe4
ffe9
ffea
ffe7
ffe5
ffe9
fff2
ffff
0003
fffd
fffa
0000
0005
0005
000a
000d
000c
000d
0012
001e
0029
002d
0028
0027
0039
0047
003f
0035
0037
0045
0053
005b
0062
0066
006e
007e
008d
0097
0098
0098
00a0
00ab
00b1
00b4
00b9
00bf
00c0
00bd
00b7
00aa
0097
0080
006a
0056
0040
002f
001e
0006
fff2
ffe7
ffe3
ffdf
ffd6
ffcd
ffc8
ffc4
ffc0
ffbd
ffbd
ffbd
ffbc
ffbe
ffc3
ffc5
ffc4
ffc5
ffc5
ffc7
ffd3
ffdd
ffd2
ffc0
ffb8
ffb9
ffbe
ffc1
ffc3
ffc4
ffc5
ffca
ffcf
ffd2
ffd1
ffcd
ffc9
ffca
ffcc
ffca
ffc7
ffc8
ffcd
ffd1
ffd1
ffd6
ffdc
ffd6
ffcc
ffc4
ffbe
ffbd
ffc2
ffc6
ffca
ffcd
ffcc
ffca
ffca
ffca
ffce
ffd2
ffd2
ffcd
ffca
ffc8
ffc4
ffc4
ffc8
ffcc
ffcc
ffcd
ffcc
ffc9
ffc8
ffca
ffcc
ffce
ffd0
ffcf
ffcf
ffd2
ffd7
ffd7
ffd4
ffd9
ffea
fff4
ffeb
ffe4
ffe7
ffee
fff6
fffd
fffe
fff8
fff2
fff0
fff0
fff0
ffee
ffe6
ffdd
ffd7
ffd4
ffd1
ffce
ffcd
ffcd
ffd0
ffd2
ffd3
ffd4
ffd2
ffcf
ffcc
ffcb
ffcf
ffd1
ffd2
ffee
003c
00bd
015c
01f8
0260
0255
01bd
00df
002a
ffc3
ff9e
ffac
ffcc
ffdd
ffdb
ffd6
ffda
ffe1
ffe1
ffdb
ffd9
ffdc
ffe0
ffdf
ffe2
ffe9
ffef
ffef
ffe8
ffe3
ffe8
fff6
fffe
fff8
fff2
fff4
fffa
fffe
0000
0003
0009
0010
0018
0021
0029
002e
0033
003c
0043
0041
0040
0044
004b
0054
0061
006e
0079
0083
008c
0096
009f
00a6
00aa
00ad
00b1
00b2
00ae
00ab
00a9
00a0
0094
0088
007b
0069
0055
003b
0016
fff3
ffde
ffd2
ffc9
ffc3
ffbe
ffbb
ffba
ffbc
ffbc
ffb9
ffb4
ffb2
ffb4
ffb8
ffbc
ffbd
ffb8
ffb0
ffae
ffb5
ffc1
ffd9
ffea
ffd8
ffb7
ffa4
ff9e
ffa0
ffab
ffb6
ffba
ffbb
ffbc
ffc1
ffc4
ffc3
ffbe
ffbd
ffbf
ffc0
ffc0
ffc4
ffc9
ffca
ffc8
ffc5
ffc2
ffc1
ffc1
ffc2
ffc3
ffc2
ffc2
ffc2
ffc3
ffc4
ffc4
ffc4
ffc5
ffc5
ffc3
ffc1
ffc2
ffc5
ffc7
ffc8
ffc7
ffc5
ffc4
ffc4
ffc5
ffc6
ffc7
ffc8
ffcc
ffd0
ffd2
ffd0
ffcf
ffcf
ffce
ffcd
ffcd
ffcd
ffcc
ffcc
ffce
ffd1
ffd4
ffd5
ffd6
ffd6
ffd7
ffda
ffe1
ffeb
fff3
fffc
0004
0007
0006
0000
fffb
fff7
fff4
fff0
ffea
ffe5
ffdc
ffd2
ffcd
ffc9
ffc7
ffc8
ffcb
ffce
ffcc
ffcd
ffcf
ffd0
ffd0
ffd4
ffd8
ffd2
ffcd
ffe0
001e
0088
0116
01b3
0233
025d
01fd
012f
0066
ffe5
ffac
ffae
ffca
ffde
ffe0
ffe3
fff4
000c
0008
ffdd
ffc1
ffc2
ffcc
ffce
ffc8
ffc7
ffcc
ffd2
ffd6
ffdc
ffe0
ffe4
ffeb
fff0
fff2
fff7
fffe
0006
000e
0014
0018
0016
0013
0010
000f
0013
001a
0023
0030
003a
003e
0044
004e
0059
005f
0060
0060
0062
006c
007e
008e
009a
00a5
00ab
00b2
00bb
00bc
00b8
00b2
00a6
0091
007a
0065
0051
0040
002f
001b
0007
fff7
ffea
ffe0
ffd5
ffc9
ffbb
ffb2
ffaf
ffb2
ffb7
ffb3
ffac
ffa9
ffaa
ffae
ffb5
ffbe
ffc1
ffbe
ffb8
ffb3
ffb1
ffb4
ffbf
ffc8
ffc3
ffb9
ffb1
ffad
ffaf
ffb4
ffbd
ffc9
ffd1
ffd2
ffce
ffca
ffc7
ffcb
ffd4
ffd6
ffd2
ffc8
ffb9
ffb0
ffae
ffb0
ffb6
ffba
ffb9
ffb8
ffba
ffc0
ffc6
ffc8
ffc7
ffc5
ffc4
ffc2
ffc1
ffc0
ffc2
ffc5
ffc6
ffc1
ffbe
ffc3
ffcc
ffd7
ffdc
ffda
ffd4
ffca
ffc5
ffc8
ffce
ffcb
ffc9
ffcd
ffd0
ffd0
ffd2
ffd8
ffe3
fff1
fffc
0005
0004
fffe
fffa
fffc
fffe
fff9
ffee
ffe3
ffd9
ffd0
ffcb
ffcb
ffcb
ffc6
ffc3
ffc3
ffc0
ffbf
ffc4
ffc8
ffcb
ffce
ffd3
ffd7
ffdf
0000
0046
00b9
014e
01e3
024a
0241
01ab
00d8
0037
ffdd
ffb9
ffc4
ffdd
ffe1
ffd3
ffc9
ffca
ffcd
ffcd
ffcf
ffd7
ffdf
ffe1
ffdf
ffe1
ffed
0002
000b
0000
fff2
ffef
fff4
fff7
fff6
fff6
fff9
fffb
fffa
fffe
0009
0013
0017
001b
0020
0024
002c
003c
0048
004d
0051
0059
0061
0062
005e
005e
0068
0074
0082
008e
0095
0098
0098
009a
009f
00a3
00a4
00a9
00af
00ae
00a4
0098
0087
0070
0058
0040
0028
0013
ffff
ffeb
ffdc
ffd2
ffd0
ffd2
ffcd
ffc5
ffbf
ffbc
ffbd
ffc5
ffc5
ffbe
ffb9
ffb7
ffb8
ffb7
ffb5
ffb5
ffba
ffc4
ffcd
ffd6
ffda
ffda
ffda
ffd8
ffd8
ffd5
ffd2
ffd3
ffd0
ffcd
ffcb
ffca
ffcb
ffca
ffc6
ffc3
ffc4
ffc6
ffc8
ffcc
ffd3
ffd6
ffd7
ffd6
ffd6
ffd8
ffd8
ffd7
ffd8
ffd3
ffca
ffc8
ffca
ffca
ffc9
ffcb
ffcd
ffd1
ffd5
ffd4
ffd4
ffd3
ffd1
ffce
ffcc
ffcb
ffca
ffc6
ffc4
ffcb
ffd2
ffd5
ffd5
ffd6
ffd8
ffda
ffdf
ffdf
ffdf
ffe3
ffe5
ffe3
ffe3
ffe5
ffe9
ffef
fffa
0003
0008
0008
0000
fffb
fffe
fffd
fff7
ffed
ffe5
ffdf
ffd9
ffd6
ffd7
ffd5
ffd5
ffd8
ffd9
ffd8
ffd8
ffd7
ffd6
ffd4
ffd1
ffca
ffbe
ffbc
ffd5
0013
0076
0109
01b2
023d
0277
0229
0160
0089
fffb
ffbc
ffbc
ffdb
ffec
ffe5
ffd8
ffd9
ffe1
ffe0
ffd7
ffd2
ffd6
ffdb
ffd8
ffd2
ffd0
ffd8
ffe9
fff8
0000
ffff
fffd
fffc
fff9
fff4
fff4
fffa
0000
0001
0002
0008
000f
0014
0016
001b
0023
0028
002a
002c
0032
003d
004c
005a
0065
006f
0077
007c
007f
0083
008b
0093
009c
00a3
00a3
00a3
00a7
00ae
00b3
00af
00a4
0094
0082
006e
0058
0047
0036
0023
0015
0003
ffed
ffdb
ffc9
ffba
ffb5
ffb7
ffbb
ffbd
ffb9
ffb7
ffb5
ffb3
ffb9
ffbd
ffba
ffb8
ffb5
ffb4
ffb4
ffb2
ffb0
ffaf
ffaf
ffb2
ffb8
ffbf
ffc3
ffc9
ffce
ffcf
ffc5
ffba
ffb4
ffb6
ffc1
ffca
ffcd
ffc9
ffc4
ffc2
ffc4
ffc7
ffca
ffcd
ffca
ffbf
ffb8
ffb7
ffbc
ffc1
ffc5
ffc7
ffc5
ffc6
ffc8
ffcb
ffce
ffcc
ffc9
ffc6
ffc3
ffc1
ffc0
ffc0
ffc3
ffc6
ffc9
ffcb
ffc7
ffc2
ffc3
ffc5
ffc6
ffc8
ffcc
ffd1
ffd2
ffd0
ffcc
ffc8
ffc5
ffc5
ffc9
ffd1
ffdc
ffe3
ffe3
ffde
ffd4
ffca
ffc6
ffc9
ffd0
ffdc
ffe2
ffe0
ffe2
ffea
fff4
fffa
ffff
0003
0004
0002
fffd
fffa
fff7
fff2
ffec
ffe4
ffdd
ffd8
ffd3
ffcf
ffcf
ffd2
ffd7
ffdb
ffdf
ffde
ffd6
ffcd
ffc9
ffc5
ffc1
ffce
fffc
0054
00df
018b
0227
027b
024c
0193
00af
000f
ffc1
ffb2
ffcb
ffe4
ffe4
ffd8
ffd5
ffdc
ffe1
ffdd
ffd9
ffdc
ffe7
ffed
ffe6
ffe0
ffe0
ffe5
ffe9
ffeb
ffec
fff0
fff5
fffa
fffd
0001
0004
0008
000f
0015
001c
0022
0023
0025
002b
002f
002f
0032
0037
003a
003f
0048
0057
0061
0064
006b
0077
0084
008d
0097
00a2
00a9
00ad
00b0
00b5
00b9
00bb
00ba
00b3
00ab
00a5
0097
0081
006b
0057
0043
0032
001f
0009
fff5
ffe6
ffda
ffd0
ffc9
ffc5
ffc0
ffbd
ffba
ffb8
ffb8
ffb8
ffb6
ffb5
ffb5
ffb6
ffb8
ffbb
ffbd
ffbe
ffbc
ffbc
ffbe
ffc1
ffc3
ffc2
ffc2
ffc4
ffc7
ffc9
ffcb
ffce
ffd0
ffce
ffca
ffc8
ffc7
ffc9
ffcb
ffd2
ffdb
ffd9
ffd1
ffca
ffc4
ffc0
ffba
ffb7
ffb5
ffb6
ffbb
ffc2
ffc3
ffc0
ffbc
ffbc
ffbe
ffc2
ffc3
ffc4
ffc7
ffc9
ffce
ffd6
ffda
ffd9
ffd5
ffce
ffc8
ffc1
ffbd
ffbd
ffbe
ffbe
ffbf
ffc2
ffc3
ffc0
ffbc
ffbc
ffc2
ffca
ffd0
ffd0
ffcc
ffca
ffcb
ffcf
ffd8
ffe1
ffe8
ffeb
ffea
ffe7
ffe4
ffe5
ffeb
fff6
fffd
fffc
fff9
fff4
fff1
fff0
ffef
ffe6
ffde
ffdc
ffdc
ffd6
ffcd
ffca
ffca
ffcc
ffcf
ffd5
ffd7
ffd4
ffd3
ffd5
ffd7
ffd3
ffcc
ffd4
0001
0061
00f2
0199
0229
026a
0224
0163
008f
0001
ffb7
ffa1
ffb1
ffce
ffdf
ffdf
ffdf
ffe5
ffe7
ffe0
ffda
ffde
ffe5
ffe3
ffdb
ffd8
ffe1
ffef
fff1
ffeb
ffe8
ffec
fff1
fff6
fff9
fffc
0002
0006
0005
000c
0018
0020
001e
0018
001a
0021
0028
002f
0037
003f
0046
004b
004e
0054
005e
006a
0077
0084
0090
009a
009d
009e
009f
00a1
00a7
00b1
00b8
00b3
00a8
00a2
009d
0090
007b
0066
0052
003c
0022
000b
fff9
ffea
ffdf
ffd9
ffd1
ffc6
ffbc
ffb8
ffb9
ffbc
ffbd
ffbd
ffbe
ffbe
ffbd
ffbd
ffbf
ffbe
ffbf
ffbf
ffc1
ffc7
ffc8
ffc8
ffca
ffc3
ffba
ffb8
ffbc
ffbf
ffc2
ffc5
ffc7
ffc9
ffcb
ffcb
ffca
ffcb
ffce
ffce
ffcc
ffca
ffc8
ffc5
ffc4
ffc7
ffc9
ffcb
ffcb
ffc9
ffce
ffd8
ffd7
ffcb
ffc0
ffbe
ffc2
ffc5
ffc7
ffcc
ffce
ffcb
ffc8
ffca
ffcc
ffca
ffc9
ffc7
ffc5
ffc4
ffc6
ffcb
ffcf
ffd0
ffce
ffcb
ffc9
ffcb
ffd3
ffd8
ffd9
ffd9
ffd4
ffce
ffcf
ffd2
ffd1
ffd0
ffd2
ffd6
ffdc
ffe2
ffe9
fff1
fff9
0000
0005
0007
0007
0004
0000
fff9
fff7
fff3
ffe7
ffdb
ffd5
ffd3
ffd4
ffd2
ffcc
ffcc
ffce
ffcf
ffd0
ffd4
ffd9
ffdc
ffdf
ffe0
ffda
ffd7
ffea
0020
0088
0120
01c4
0243
0266
0201
0132
006a
ffec
ffb3
ffae
ffc6
ffde
ffe4
ffe3
ffe8
fff1
fff1
ffe7
ffe3
ffe7
ffea
ffe6
ffdc
ffd8
ffdd
ffe5
ffea
ffee
fff5
fff9
fffa
fff6
fff5
fffa
0004
0009
000b
0010
0017
0019
0017
0018
0020
002e
003d
0042
003f
003d
0043
004e
0058
0060
0065
0070
007c
0082
0087
0090
009a
00a4
00a8
00aa
00ae
00b2
00b4
00b3
00af
00a5
0095
0083
0072
005f
0048
0032
001e
000f
0001
fff0
ffdf
ffd2
ffc9
ffc3
ffc0
ffc0
ffbf
ffbe
ffbc
ffb9
ffb4
ffb2
ffb2
ffb0
ffb0
ffb3
ffb7
ffb7
ffb6
ffb6
ffb5
ffb4
ffb5
ffb8
ffbc
ffbf
ffc0
ffbf
ffc0
ffc5
ffc9
ffcb
ffcc
ffc6
ffbf
ffbe
ffc5
ffcd
ffce
ffcc
ffcb
ffcb
ffcb
ffcb
ffcd
ffcd
ffc6
ffc2
ffc5
ffc2
ffbe
ffbd
ffbc
ffbd
ffc1
ffc3
ffc2
ffc2
ffc3
ffc3
ffc4
ffc6
ffcb
ffcd
ffcb
ffc7
ffc6
ffc4
ffc6
ffc8
ffc9
ffc9
ffca
ffcb
ffcb
ffcb
ffcb
ffcc
ffcc
ffcd
ffcd
ffcd
ffd1
ffd2
ffd2
ffd3
ffd4
ffd3
ffd1
ffd1
ffd2
ffd6
ffd9
ffd9
ffdc
ffe0
ffe4
ffe9
ffed
ffee
fff0
fff8
0004
000e
000e
0007
0003
ffff
fff8
fff5
fff2
ffeb
ffe3
ffe0
ffde
ffdb
ffd8
ffd5
ffd4
ffd6
ffd9
ffde
ffe2
ffe3
ffe0
ffde
ffd9
ffd3
ffd0
ffd9
ffff
0050
00d6
017e
021b
027e
0268
01c0
00d8
0028
ffcb
ffae
ffbd
ffda
ffe6
ffe1
ffe1
ffea
ffed
ffe8
ffe0
ffdf
ffe2
ffe6
ffe7
ffe5
ffe8
ffee
ffed
ffe7
ffea
fff4
fffd
fffc
fff8
fff8
0003
0012
0018
001a
001a
001e
0027
002c
002a
0028
0028
002f
003b
0047
004f
005b
006f
0083
008b
0084
0072
0068
0075
0086
008b
008b
0090
0096
00a3
00b1
00b4
00b0
00ae
00b1
00b3
00aa
0097
0079
005b
0047
0038
0025
0009
ffef
ffde
ffcc
ffbb
ffbc
ffcb
ffd3
ffd8
ffee
0016
001a
ffe9
ffbd
ff97
ff73
ff65
ff6e
ff7d
ff85
ff8d
ff9c
ffac
ffb5
ffb1
ffb2
ffb6
ffb7
ffba
ffc4
ffd3
ffea
0003
0008
fff6
ffd9
ffc9
ffd3
ffe3
ffef
ffee
ffd1
ffae
ffaa
ffc0
ffd2
ffdb
ffdd
ffdf
ffe9
ffe4
ffd1
ffc0
ffb5
ffc6
ffe4
fffd
fff4
ffc7
ffa9
ffa9
ffb7
ffc3
ffcd
ffda
ffe8
ffed
ffef
fff0
fff3
fffb
0004
fff0
ffc8
ffb7
ffb9
ffb3
ffae
ffb4
ffc6
ffde
ffec
ffe8
ffdd
ffd7
ffdb
ffee
fffd
fff6
ffd3
ffb4
ffb9
ffd2
ffdf
ffde
ffe7
ffee
fff0
fffe
0017
002f
002d
fffb
ffc7
ffbc
ffca
ffde
ffed
fff2
fff3
ffec
ffe4
ffe5
ffe8
ffe3
ffd9
ffd8
ffdd
ffde
ffe1
ffe9
fff1
fff7
fff5
ffed
ffe0
ffd8
ffe5
ffec
ffcb
ffa7
ffac
ffde
002f
00ab
0150
01f0
0254
0249
01bb
00ef
004c
ffee
ffd6
ffea
fffa
0004
ffff
ffe4
ffd9
ffdd
ffd0
ffb9
ffb7
ffc6
ffcc
ffc2
ffbe
ffcc
ffdf
ffe9
ffe9
fff0
fffd
0007
0012
000c
fffd
ffff
0009
0004
fffa
0007
001e
0031
002e
0019
000f
0018
0028
0039
0037
0029
0020
0021
002f
0043
0055
0064
0075
0087
0094
00a1
00aa
00a9
00b5
00d4
00e7
00d7
00b8
009d
0080
0069
005f
005d
005d
0057
0049
0034
0020
0004
ffe4
ffd1
ffc6
ffc1
ffc1
ffc6
ffcc
ffd3
ffd2
ffc6
ffb9
ffb7
ffba
ffb6
ffa7
ff9b
ff95
ff9b
ffb5
ffd6
ffec
ffeb
ffca
ffa6
ff99
ff98
ff9a
ffa1
ffa8
ffb1
ffb9
ffc5
ffd8
ffe1
ffcf
ffb8
ffb3
ffb9
ffc0
ffc7
ffc6
ffbf
ffbb
ffbc
ffbb
ffc1
ffce
ffdd
fff0
fff9
ffea
ffd6
ffc6
ffac
ff96
ff93
ff9c
ffab
ffb4
ffb6
ffbc
ffc8
ffd7
ffdb
ffd6
ffd9
ffdb
ffcd
ffb8
ffab
ffa1
ff9d
ffa8
ffb6
ffbf
ffc0
ffbe
ffcd
ffea
fff5
ffe5
ffda
ffd8
ffd3
ffca
ffc1
ffbb
ffb8
ffc0
ffd2
ffe5
fffa
000e
0012
000c
000c
0008
fffb
fff5
fff9
fff9
fff2
ffea
ffe0
ffd5
ffc4
ffb5
ffb4
ffbf
ffd4
ffe1
ffe7
ffeb
ffea
ffe4
ffe2
ffe5
ffdb
ffc5
ffae
ffab
ffcc
0016
008b
0120
01b0
0221
0244
01e9
012e
0084
0024
fffc
ffe8
ffe4
ffe0
ffc3
ffab
ffac
ffbc
ffc7
ffc1
ffc0
ffd2
ffe4
fff2
0002
0011
0014
0008
fff6
fffc
0005
fff4
ffe2
ffd6
ffcf
ffd6
ffeb
0000
0005
0007
001f
0040
004a
0041
0031
002b
002b
0030
003e
0043
003f
003f
0043
0050
006a
0084
0091
0096
0097
0092
0090
0099
00ae
00b9
00ba
00c2
00cd
00c5
00af
009e
008e
007b
0066
004e
0039
0028
001b
0010
000a
0007
ffff
ffed
ffd3
ffc9
ffc8
ffc1
ffba
ffb9
ffbc
ffbc
ffb9
ffb2
ffa9
ffa7
ffac
ffb1
ffb6
ffbb
ffbc
ffba
ffb6
ffb2
ffaf
ffac
ffab
ffac
ffb2
ffb9
ffb5
ffb2
ffb6
ffbd
ffc3
ffc2
ffc1
ffc8
ffce
ffcb
ffca
ffcd
ffcd
ffce
ffcf
ffd2
ffd0
ffcc
ffd0
ffcf
ffc6
ffc2
ffbd
ffb5
ffb5
ffb8
ffba
ffbb
ffc1
ffc0
ffb2
ff9f
ff9a
ff9c
ff9f
ffa6
ffaa
ffa8
ffa4
ffa4
ffa7
ffb0
ffb8
ffb7
ffb2
ffb9
ffcd
ffdf
ffdd
ffca
ffb5
ffab
ffab
ffb2
ffae
ffa5
ffa9
ffb7
ffc8
ffd2
ffcf
ffc2
ffb6
ffb3
ffb6
ffbc
ffc3
ffcc
ffd7
ffe3
ffea
ffe5
ffe0
ffe7
fff5
0002
0000
fff9
fff5
fff2
fff0
ffec
ffe4
ffd8
ffcc
ffc8
ffca
ffd3
ffd7
ffcb
ffc4
ffc9
ffd1
ffdf
ffe7
ffe0
ffe1
ffe8
ffe4
ffd6
ffc7
ffc4
ffd7
0015
0085
0114
01a9
0234
027f
0245
0181
009a
fff0
ff94
ff87
ffaa
ffcb
ffd9
ffe7
fff3
fff5
ffe9
ffd5
ffcf
ffdc
ffed
fff6
fff2
ffec
fff2
fffb
fffc
fff3
fff5
000a
0012
0002
ffed
ffe6
ffed
fffa
0005
000c
0013
001e
002b
0034
0033
002c
0034
004b
0052
004f
005b
0061
0059
0058
005e
0064
0071
0080
008f
00a3
00b7
00c3
00c6
00c0
00c2
00cf
00d2
00c8
00ba
00ac
009d
0092
008a
007b
0064
0052
0044
0038
002b
001b
0003
ffee
ffe4
ffdd
ffd5
ffcd
ffc2
ffb8
ffb6
ffbf
ffc4
ffc1
ffc7
ffd0
ffd2
ffcd
ffc8
ffc2
ffba
ffbb
ffc8
ffca
ffc3
ffc2
ffc5
ffc5
ffca
ffd4
ffd5
ffd3
ffd6
ffdb
ffdf
ffd9
ffd1
ffcf
ffcd
ffd0
ffd2
ffd1
ffd3
ffd1
ffcc
ffc7
ffca
ffcf
ffd1
ffcf
ffcd
ffcf
ffd1
ffd0
ffcf
ffd0
ffd3
ffd3
ffcd
ffcc
ffce
ffce
ffce
ffd6
ffe1
ffe1
ffde
ffe0
ffde
ffd0
ffc8
ffcb
ffd3
ffd3
ffca
ffc6
ffcb
ffd1
ffd4
ffd7
ffdc
ffe1
ffee
fff7
ffec
ffe2
ffe2
ffdf
ffe2
ffe7
ffe5
ffe6
ffef
fff1
ffe5
ffe7
ffeb
ffe7
fff0
fffa
fff9
fff3
fff5
fffc
0002
fffe
ffeb
ffd7
ffd5
ffd7
ffce
ffcc
ffd4
ffd2
ffc9
ffc9
ffd3
ffda
ffe0
ffe9
ffe8
ffd5
ffc1
ffc4
ffeb
002b
0080
0100
019b
0224
0264
0221
0160
0082
ffe2
ff95
ff95
ffbe
ffe2
fff0
fff6
fff5
fff0
ffe1
ffca
ffbe
ffbc
ffbf
ffc4
ffca
ffd2
ffe0
fff2
fff7
ffeb
ffe6
fff4
0001
fffc
fff7
ffff
000c
000e
0010
000d
fffa
fff6
0003
0014
0025
0036
003d
0036
0031
003a
0049
004e
0051
0059
0062
006b
0076
0084
0089
0088
0089
008f
009b
00ae
00c6
00d3
00cb
00c2
00be
00b4
00aa
0094
007f
006b
004d
003a
002d
0016
fffe
ffef
ffdf
ffcd
ffc4
ffc0
ffbd
ffb8
ffb4
ffb4
ffb5
ffb4
ffb7
ffb6
ffaf
ffae
ffb5
ffbf
ffb9
ffb6
ffc1
ffbf
ffb4
ffb0
ffb5
ffb1
ffa9
ffae
ffb5
ffb7
ffb9
ffb8
ffb4
ffba
ffc3
ffbe
ffb6
ffb6
ffb6
ffbd
ffc8
ffc9
ffc2
ffb5
ffae
ffb0
ffb5
ffb8
ffb5
ffb5
ffb8
ffbb
ffbf
ffbf
ffbc
ffbf
ffc7
ffcf
ffd4
ffd9
ffdf
ffd6
ffc1
ffb0
ffa9
ffac
ffb4
ffbf
ffc7
ffc5
ffbf
ffc0
ffc7
ffd2
ffda
ffd9
ffc8
ffb8
ffb3
ffb9
ffc4
ffca
ffcc
ffcf
ffd4
ffd3
ffd9
ffdd
ffd1
ffcb
ffdb
ffe4
ffda
ffd2
ffd3
ffdc
ffe0
ffe8
ffeb
ffe6
ffe4
ffe7
ffee
fff7
fff7
ffed
fff0
fffa
ffee
ffd9
ffd2
ffcc
ffcc
ffd5
ffd3
ffce
ffd2
ffda
ffce
ffbd
ffbb
ffbe
ffb8
ffb6
ffc1
ffd4
fff4
0035
00ac
0151
01e2
0245
025e
01f3
0120
0053
ffce
ff96
ff9a
ffc1
ffe9
ffed
ffdc
ffd6
ffe4
ffef
ffee
ffe6
ffd2
ffc0
ffbd
ffc6
ffd8
ffe7
ffe9
ffe3
ffe7
fffb
0014
0013
0002
fffa
fffd
0004
0008
0005
fffe
0000
000d
0023
0037
0031
0021
0021
0035
004e
0050
0053
005f
0062
0068
0075
007a
0064
0051
005a
007a
0095
00a4
00b3
00bf
00cc
00dc
00e4
00d6
00c2
00b8
00a3
0083
0067
0053
0040
002f
001f
001a
001e
0018
0006
fff5
fff7
fff4
ffd6
ffae
ff97
ff9b
ffa2
ffa3
ffab
ffb8
ffcd
ffd0
ffbb
ffaf
ffa7
ff9a
ff93
ffac
ffd3
ffdb
ffc7
ffd1
ffe9
ffd9
ffba
ffac
ffb5
ffc1
ffc0
ffb6
ffb4
ffb9
ffcb
ffea
ffe7
ffc6
ffb9
ffbf
ffc9
ffc8
ffc0
ffc7
ffcc
ffcf
ffce
ffbd
ffa6
ffa2
ffa9
ffae
ffbc
ffd7
ffe3
ffe8
ffe7
ffc7
ffa3
ff9a
ffae
ffce
ffd9
ffc9
ffad
ff9a
ffa0
ffb4
ffca
ffd3
ffd6
ffdf
fffd
001e
001a
fff7
ffbb
ff89
ff81
ff99
ffaa
ffad
ffae
ffaf
ffba
ffce
ffe6
fff7
ffff
0008
0016
0018
0001
fff6
ffff
0003
0005
0009
0013
0004
ffcd
ffa9
ffaa
ffb5
ffc6
ffdc
ffea
ffe9
ffdd
ffdd
ffe9
fff2
fff6
ffff
ffed
ffd2
ffd1
ffd5
ffc5
ffb3
ffac
ffa1
ffa2
ffd0
0035
00bd
014e
01e0
025f
028b
0224
0144
0062
ffd1
ff95
ff91
ffa8
ffc4
ffd8
ffe5
ffed
fff7
0003
fffd
ffe9
ffe1
ffed
fff4
ffe8
ffe3
ffdc
ffce
ffcc
ffdb
ffec
fff3
fff9
0002
000e
001c
001e
000d
fff8
fff4
ffff
000e
0014
0017
0020
0032
0049
0059
0058
004d
003c
0034
003f
0053
0065
0070
0072
0075
007f
008f
009c
00a5
00b4
00c3
00ca
00cf
00df
00e5
00cb
00af
00a5
00a2
0086
005b
003a
001a
0002
fff8
fff4
ffee
ffe5
ffdf
ffde
ffe2
ffe6
ffda
ffd0
ffe3
fff5
ffda
ffa5
ff8b
ff8c
ff94
ffa2
ffab
ffa4
ff91
ff8e
ff9f
ffb4
ffcf
ffe3
ffe9
ffe9
ffdc
ffc3
ffa7
ff99
ff9a
ff9e
ffa2
ffaa
ffb8
ffce
ffe4
fff1
fff8
ffeb
ffca
ffaf
ffa4
ffa0
ffa2
ffa9
ffb1
ffba
ffc8
ffd7
ffdb
ffd5
ffca
ffc2
ffc3
ffcb
ffd2
ffdd
ffea
ffea
ffd8
ffc6
ffbc
ffae
ffaa
ffb1
ffb6
ffb7
ffba
ffc3
ffd0
ffd9
ffd7
ffd7
ffe3
fffb
fffd
ffd6
ffc2
ffc3
ffb4
ffa7
ffb3
ffca
ffda
ffde
ffd7
ffd4
ffd9
ffe3
fff5
0006
000d
0010
0011
0010
0013
0009
ffef
ffda
ffcf
ffca
ffc7
ffc5
ffc4
ffc6
ffcf
ffd9
ffde
ffdd
ffdf
ffea
ffef
ffeb
ffe7
ffee
ffef
ffd0
ffbd
ffe9
0055
00ef
019d
0232
0277
023a
017c
00ad
0015
ffb5
ff9a
ffb7
ffe0
fffe
0006
fffc
fff0
ffe4
ffd9
ffca
ffb8
ffb2
ffba
ffc3
ffd1
ffe3
ffef
ffeb
ffde
ffdc
ffea
fff8
0004
0003
fffa
0001
0012
001d
0023
0021
0013
0003
fffa
0001
0011
002b
0044
0044
0038
0038
0040
004d
005e
0067
006e
0077
007e
008c
009f
00b1
00b3
00ac
00ac
00b6
00c1
00c5
00c1
00b8
00ae
00a3
009a
0087
006f
005e
004f
0042
0035
0012
ffe0
ffca
ffbe
ffaf
ffab
ffab
ffa9
ffaa
ffb9
ffcd
ffd1
ffc8
ffc2
ffb7
ffac
ffb1
ffc9
ffd7
ffc1
ffac
ffae
ffaf
ffae
ffb1
ffb9
ffb8
ffb3
ffbc
ffc8
ffca
ffc5
ffc4
ffd7
ffe2
ffd2
ffbc
ffb1
ffbb
ffc6
ffc6
ffc8
ffce
ffc5
ffb6
ffac
ffa4
ffaa
ffbd
ffcc
ffd8
ffe1
ffdf
ffd4
ffce
ffcd
ffba
ffaf
ffb7
ffbc
ffbd
ffc1
ffc6
ffcb
ffd0
ffca
ffc5
ffd1
ffdd
ffd8
ffdb
ffe5
ffde
ffdb
ffe5
ffe5
ffd1
ffc2
ffc9
ffcd
ffcd
ffd0
ffd6
ffd8
ffdd
ffed
fff6
fff3
fff4
ffff
000f
0010
0009
000c
0015
0026
0021
fffb
ffd9
ffc1
ffb8
ffb8
ffbc
ffc3
ffc8
ffcf
ffdd
ffeb
fff9
fffa
ffec
ffdf
ffd1
ffc6
ffc5
ffcd
ffe2
000f
006a
0101
01b6
024e
0280
022b
0168
0096
0009
ffbb
ffa5
ffbd
ffdd
fff1
fff7
ffed
ffe6
fff9
0013
0006
ffed
ffee
fff7
fff8
ffe1
ffc8
ffd5
ffe9
ffde
ffd5
ffdf
fff0
fff3
ffe9
fff5
0007
0000
fff6
ffff
000c
000e
0013
0024
0040
0055
0054
0050
0058
004f
003d
003c
0043
0055
0063
005d
0056
005c
006d
008c
00ab
00c0
00c5
00b8
00b8
00c8
00c9
00c3
00c1
00bd
00b0
0092
006f
005e
0054
0040
0037
0036
0024
fffe
ffcb
ffa6
ffa2
ffab
ffb1
ffb2
ffb2
ffb8
ffc8
ffda
ffe2
ffda
ffc5
ffc2
ffcd
ffd1
ffcd
ffbb
ffa5
ff94
ff8d
ff94
ffa2
ffad
ffb2
ffb4
ffb6
ffbd
ffc7
ffd6
ffeb
fff2
ffea
ffea
ffe0
ffc9
ffc1
ffbd
ffac
ffa5
ffa7
ffae
ffb3
ffb4
ffb9
ffc2
ffc5
ffc4
ffc2
ffbe
ffc3
ffcc
ffd8
ffe3
ffe1
ffdb
ffd1
ffbb
ffb3
ffba
ffb8
ffb7
ffc0
ffc5
ffc4
ffca
ffcc
ffc2
ffb7
ffba
ffc5
ffcb
ffca
ffc8
ffc2
ffbe
ffca
ffd9
ffd1
ffc6
ffca
ffd0
ffd2
ffd3
ffd8
ffd4
ffce
ffd0
ffd7
ffe3
ffed
ffe9
ffd6
ffd0
ffd9
ffea
fffc
0006
0002
fff2
ffe9
ffe8
ffe6
ffe2
ffdb
ffd4
ffd0
ffd1
ffd6
ffd9
ffd6
ffd9
ffd8
ffd2
ffd4
ffdb
ffe2
ffdb
ffd1
ffd1
ffd1
ffcf
ffca
ffd1
000a
0084
012b
01d9
0259
026b
01f1
0120
005d
ffe0
ffaf
ffb4
ffcd
ffda
ffd8
ffd3
ffcc
ffca
ffd1
ffd3
ffd7
ffe5
fff5
fffb
fff8
fff1
ffe8
ffe6
ffe4
ffd7
ffd2
ffda
ffe0
ffe6
ffe8
ffe9
fff3
fffe
000a
0016
0019
001d
002a
0038
003e
003c
0039
0037
0037
0033
002e
002f
0032
003c
0057
007a
0091
009d
00b9
00d7
00dc
00cb
00a6
0097
00a3
009f
0095
008d
008d
0099
00ae
00af
0089
005e
0044
003e
0045
0032
fffe
ffd2
ffbe
ffbb
ffb9
ffb2
ffae
ffaf
ffb0
ffb3
ffc4
ffcc
ffb5
ffa1
ff9b
ffa0
ffba
ffda
ffe8
ffd9
ffbc
ffa8
ff99
ff98
ffa3
ffa9
ffad
ffb4
ffb2
ffb7
ffc2
ffbe
ffb8
ffc1
ffcb
ffd3
ffe7
ffff
000e
ffef
ffb2
ff8f
ff90
ff98
ff9d
ffa3
ffa4
ffa1
ffa5
ffb2
ffbe
ffc2
ffc7
ffd9
ffed
fff0
ffef
ffe7
ffe0
ffdd
ffc9
ffa0
ff85
ff8a
ff99
ffa7
ffb7
ffbe
ffbe
ffc5
ffdb
fffb
0002
fff2
ffe7
ffd3
ffb4
ffa7
ffae
ffb7
ffbc
ffbd
ffc1
ffc8
ffd0
ffd3
ffc9
ffcc
ffdb
ffe6
ffed
ffea
ffe2
ffe4
ffdd
ffcb
ffc4
ffc8
ffc9
ffcd
ffdd
ffe6
ffec
0005
0025
001d
fffc
fff1
fff4
fff9
fffc
fff1
ffd0
ffb2
ffaf
ffc4
ffd9
ffe1
ffdd
ffd5
ffda
ffeb
fff4
ffe4
ffd5
ffce
ffbf
ffb2
ffb3
ffc2
ffdd
0012
007b
0118
01c5
0253
0286
0225
0154
0091
001f
ffe5
ffcb
ffc8
ffc9
ffc1
ffc2
ffda
ffeb
ffdd
ffcd
ffcf
ffd1
ffd7
ffdb
ffd4
ffdd
fff9
000d
000b
0004
fffb
ffee
ffdf
ffdc
ffe1
ffe5
fff3
0000
fff8
ffee
fff4
0007
0018
0024
0026
002f
004c
006c
0079
006b
0058
0054
0054
004d
0047
0048
0057
006c
0076
007f
008d
009a
00a4
00b7
00d5
00e1
00d6
00c9
00c5
00c6
00bf
00b6
00a1
0074
0038
0007
fff4
fffa
fffd
fff7
ffe2
ffc1
ffb2
ffb5
ffb9
ffbc
ffbb
ffb9
ffbb
ffc1
ffca
ffd9
ffec
fff1
ffe6
ffc4
ffa0
ffa5
ffa8
ff95
ff91
ff9b
ffa0
ffa0
ffa9
ffb7
ffbd
ffbc
ffc0
ffcf
ffe3
fff1
fff2
ffed
ffe9
ffe9
ffd8
ffae
ff94
ff8f
ff8c
ff92
ffa3
ffb4
ffb9
ffb8
ffbd
ffcc
ffdd
ffe6
ffea
ffee
ffee
fff2
ffea
ffd1
ffb9
ffaa
ffa0
ff98
ff9d
ffad
ffbf
ffc9
ffc6
ffc4
ffcc
ffd1
ffd6
ffe1
ffeb
ffe3
ffd5
ffcb
ffbe
ffbc
ffcd
ffda
ffd1
ffc8
ffc7
ffbd
ffbb
ffcb
ffda
ffe2
ffe8
ffeb
ffeb
ffe1
ffe2
fff6
000f
0027
0031
002a
0012
fff1
ffd7
ffcc
ffc7
ffbc
ffb2
ffb6
ffc6
ffdc
ffef
fff5
fff3
ffe6
ffd8
ffd7
ffdb
ffdb
ffde
ffdd
ffc3
ffa9
ffb8
ffef
0048
00d3
0182
021b
0270
0254
01b0
00da
0042
ffec
ffbf
ffb5
ffbd
ffbd
ffb8
ffbf
ffd3
ffdb
ffdb
ffeb
0016
002b
fffb
ffc1
ffb0
ffb9
ffcf
ffe9
ffec
ffe2
ffe0
ffed
0007
001b
0013
0005
000d
0019
001e
002b
0041
0044
002e
0015
0012
0016
001d
002b
0036
0036
0033
003c
004e
005c
006d
0085
00a1
00b3
00b9
00b9
00be
00c5
00cc
00cc
00bc
00a6
009e
00a8
00ab
00a3
008e
007b
006b
0050
002f
0018
000b
0006
000c
0016
0002
ffde
ffca
ffc4
ffca
ffcd
ffc0
ffb1
ffae
ffb0
ffb1
ffb4
ffb4
ffaf
ffa8
ffaf
ffbd
ffc7
ffc5
ffbb
ffbc
ffc7
ffcd
ffcb
ffbd
ffac
ffa0
ffa3
ffb9
ffd1
ffdc
ffe0
ffe1
ffe1
ffdf
ffd9
ffe3
ffe6
ffd6
ffd9
ffe1
ffcb
ffaf
ffa9
ffaf
ffb8
ffc7
ffd6
ffe6
ffe9
ffda
ffd3
ffdf
ffe2
ffd2
ffc3
ffb7
ffaf
ffb2
ffb6
ffba
ffd0
ffd4
ffbd
ffb6
ffbe
ffc8
ffd6
ffee
0009
0005
ffe4
ffca
ffca
ffbb
ffa0
ffa6
ffbb
ffc6
ffcb
ffd8
ffe3
ffdf
ffd2
ffd6
ffe4
ffe1
ffd2
ffd3
ffdc
ffd7
ffd3
ffe6
fffd
fffd
ffea
ffd6
ffd2
ffdd
fff6
0018
0029
0026
001b
000a
0006
fffb
ffdb
ffc7
ffc5
ffcc
ffd4
ffda
ffe2
ffef
fff3
ffe0
ffd6
ffe5
000a
0023
0000
ffcc
ffac
ff9e
ffa8
ffc1
ffea
003f
00c9
017e
023f
02b9
0295
01d1
00ce
000b
ffb7
ffae
ffc2
ffd5
ffd7
ffcc
ffc4
ffc3
ffca
ffd5
ffd8
ffd9
ffec
0006
000a
fff3
ffd6
ffd7
ffeb
fff5
fff7
fffa
fffd
fff9
ffe8
ffe2
fff8
000b
0014
001d
0022
0028
001d
0009
0004
0014
002a
0035
003d
003f
003c
0040
004f
0067
0076
007f
008a
009e
00ba
00c9
00ba
00a5
00af
00c3
00bc
009a
0088
0086
0083
008e
00a5
00af
009d
0089
0081
0068
0044
002a
0012
fffd
fff3
ffe0
ffc1
ffa6
ffa0
ffb0
ffbf
ffc7
ffc5
ffc0
ffc8
ffda
ffd7
ffc8
ffb9
ffa2
ff95
ff96
ffa3
ffac
ffad
ffaf
ffbf
ffd7
ffeb
fffb
fffc
ffe3
ffc4
ffb8
ffaa
ff9b
ffa2
ffb6
ffc3
ffc7
ffc2
ffbe
ffcd
ffe5
0003
0015
fff7
ffc1
ff92
ff7d
ff89
ffa6
ffc0
ffc7
ffca
ffdf
fff6
fff0
ffd8
ffd3
ffdf
ffdb
ffb8
ffa5
ff9f
ff96
ff9a
ffa9
ffb8
ffc8
ffd4
ffd8
ffe8
fff5
ffee
ffe3
ffec
ffef
ffd6
ffc2
ffc4
ffc5
ffc6
ffc0
ffa2
ff8e
ff97
ffa8
ffba
ffce
ffd8
ffd5
ffd8
ffe2
fff0
fffd
0002
0001
fffd
fffe
fff6
ffd1
ffb1
ffb6
ffc2
ffcc
ffe4
fffe
0009
000e
000e
0001
ffeb
ffe2
ffea
fffc
0013
0024
0010
ffe2
ffc1
ffb0
ffa8
ffad
ffc3
ffd6
ffdc
ffdd
ffdc
ffde
ffdd
ffda
ffe6
0003
000f
0012
0042
00b9
0164
020f
026d
0235
0170
0089
fff0
ffae
ffad
ffd0
0007
002f
001d
fffb
ffd9
ffc5
ffca
ffcd
ffb8
ffa5
ffa3
ffad
ffc7
ffe2
ffe8
ffe2
ffdb
ffe4
0000
0016
001c
001a
000f
0006
000a
0007
0002
000a
000f
ffff
fff5
fffd
000c
001f
0039
005c
0061
004f
0048
004b
004f
005d
0076
007a
0064
005b
006c
008d
00a9
00b2
00b1
00be
00dd
00f4
00ec
00c6
00a0
008a
0075
0066
005e
0052
003c
002b
0019
ffff
ffee
ffe3
ffe2
ffe3
ffe4
ffef
ffda
ffb3
ffac
ffbe
ffca
ffc1
ffaa
ff95
ff90
ff94
ff95
ffa6
ffb8
ffb7
ffbb
ffc3
ffc9
ffcc
ffc1
ffb7
ffba
ffaf
ff9a
ff9b
ffb3
ffc3
ffbf
ffc0
ffd0
ffe4
ffea
ffdd
ffcd
ffc1
ffba
ffb3
ffae
ffa4
ff9d
ff99
ff9e
ffb3
ffce
ffd8
ffcb
ffc3
ffbb
ffb6
ffc4
ffcc
ffcf
ffcf
ffbc
ffaf
ffaf
ffac
ffab
ffad
ffb8
ffc6
ffcc
ffcc
ffbc
ffab
ffb6
ffd4
ffda
ffba
ffa2
ffa8
ffba
ffc2
ffc4
ffcc
ffd3
ffd0
ffca
ffc8
ffc6
ffc3
ffc5
ffd2
ffe3
fff6
0001
ffec
ffcd
ffb9
ffb4
ffc0
ffdc
fff7
0000
0000
0005
0012
001f
0019
000c
fff4
ffd2
ffc3
ffc1
ffb4
ffa8
ffb0
ffc0
ffc4
ffc1
ffbe
ffbe
ffbf
ffc2
ffc9
ffd2
ffd5
ffcb
ffcb
fff3
0053
00ee
019b
0219
025c
0246
01bc
00f6
003c
ffbe
ff87
ff87
ffa7
ffc3
ffcb
ffcb
ffd0
ffd8
ffd9
ffd8
ffde
ffef
000b
0023
001a
fff6
ffe8
ffe2
ffcb
ffc0
ffcb
ffcf
ffd2
ffe1
fff3
fffa
fff9
fff9
0002
0015
0031
0047
0055
005e
0060
004a
0018
0004
000b
000b
0014
0031
004a
0057
0063
0076
008b
009f
00a3
0092
0090
00a3
00ba
00cc
00d7
00c8
00a8
008e
0086
008c
0098
0091
0074
005f
0050
0037
001d
000a
0009
0007
fffa
ffe4
ffcb
ffb4
ffa4
ffa8
ffb1
ffb4
ffb7
ffad
ff9f
ffa0
ffa8
ffb0
ffbd
ffcc
ffd7
ffe5
ffed
ffec
ffd2
ffaa
ff91
ff86
ff8b
ff9d
ffaf
ffb9
ffbf
ffca
ffd9
ffdc
ffd6
ffd3
ffd0
ffca
ffc8
ffca
ffd1
ffd8
ffe0
ffe2
ffd8
ffd9
ffeb
ffec
ffd0
ffc4
ffd3
fff4
000c
ffe7
ffb1
ff9b
ff97
ffa1
ffb9
ffcf
ffd7
ffd8
ffe7
0004
000c
ffea
ffbf
ffb7
ffcf
ffde
ffcd
ffb4
ffad
ffaf
ffb7
ffc4
ffce
ffd2
ffd1
ffd3
ffd9
ffe2
ffef
ffff
0016
001f
0002
ffe3
ffd3
ffd3
ffdf
ffe2
ffe4
ffec
fff4
ffff
0009
0011
0016
0017
0019
0016
0006
ffe4
ffc9
ffce
ffdd
ffd1
ffba
ffb7
ffc3
ffd1
ffd8
ffde
ffe5
ffe2
ffdd
ffdb
ffcf
ffc4
ffd9
001c
008e
0129
01ca
0252
0288
022c
015c
0087
fffe
ffbe
ffba
ffdc
ffe8
ffd2
ffc2
ffca
ffd8
ffd7
ffcc
ffc7
ffd2
ffe0
ffe6
ffeb
fff3
fffb
0001
0001
fff7
fff0
fff7
fffc
ffff
0005
fffc
fff5
fff8
fffd
0003
000e
0019
0018
0018
0021
0032
003a
0037
0037
0041
0044
0043
0048
004c
0053
0064
007c
0097
00ab
00b4
00b9
00c1
00be
00ae
00a4
00a6
00ab
00ab
00a6
009d
0093
0086
0076
0065
0052
0040
002e
001c
000b
fffd
fff4
ffef
ffe3
ffd1
ffc1
ffb7
ffb5
ffb4
ffb3
ffb2
ffb0
ffb0
ffb4
ffb9
ffbd
ffc0
ffc0
ffbf
ffbe
ffbb
ffb8
ffb9
ffbd
ffc0
ffc0
ffbe
ffbe
ffc1
ffc4
ffcb
ffd1
ffd5
ffd7
ffd8
ffd6
ffca
ffbb
ffb3
ffb2
ffb6
ffbd
ffc5
ffc7
ffc3
ffbf
ffc0
ffc3
ffc5
ffc5
ffc6
ffc5
ffc5
ffc5
ffc6
ffc9
ffca
ffc8
ffc7
ffc5
ffc4
ffc4
ffc3
ffc0
ffbf
ffc1
ffc3
ffc4
ffc2
ffc2
ffc3
ffc5
ffc6
ffc6
ffc6
ffc7
ffcb
ffce
ffd2
ffd6
ffd2
ffca
ffc4
ffbf
ffbd
ffc0
ffc4
ffc7
ffcb
ffce
ffcf
ffd0
ffd1
ffd2
ffd4
ffd9
ffe1
ffe6
ffe8
ffeb
fff2
fffd
0003
0002
fffd
fff8
fff4
ffee
ffe8
ffe3
ffdc
ffd6
ffd2
ffd0
ffcf
ffcd
ffcd
ffcf
ffd2
ffd0
ffcc
ffca
ffca
ffcb
ffcb
ffc8
ffc5
ffc2
ffcb
fff6
004f
00da
0183
021b
0270
024c
019e
00bb
000f
ffb6
ffa1
ffb5
ffd0
ffda
ffd2
ffcd
ffd3
ffda
ffd7
ffd2
ffd4
ffdd
ffe1
ffe0
ffdd
ffdf
ffe4
ffe7
ffe2
ffde
ffe2
ffea
ffee
fff0
fff3
fffa
ffff
0001
0002
0004
000a
0012
0017
001a
0020
0023
0025
0028
002e
0039
0046
004f
0056
005d
0065
006e
0076
007e
0089
0094
009d
00a4
00ac
00b6
00be
00c2
00c0
00ba
00b2
00a9
009d
008b
0074
005c
0046
0032
0021
0013
0003
fff1
ffe0
ffd1
ffcb
ffc9
ffc6
ffc3
ffc1
ffc0
ffc0
ffbd
ffb9
ffbc
ffba
ffb4
ffb4
ffb1
ffab
ffa8
ffaa
ffaf
ffb4
ffb9
ffbd
ffc0
ffc0
ffc0
ffc0
ffc2
ffc6
ffc9
ffc9
ffc7
ffc9
ffcc
ffcf
ffcd
ffcb
ffc8
ffc4
ffc7
ffcf
ffd8
ffdd
ffe0
ffe7
ffef
fff3
fff0
ffea
ffe1
ffd4
ffc0
ffb0
ffa9
ffa4
ffa2
ffa8
ffb2
ffba
ffbd
ffc1
ffc7
ffca
ffc6
ffbe
ffb9
ffb9
ffbc
ffc1
ffc5
ffca
ffcf
ffd2
ffd0
ffcf
ffd3
ffd5
ffd2
ffce
ffca
ffc6
ffc8
ffca
ffc8
ffc8
ffcc
ffd2
ffda
ffe8
fff6
fff7
fff1
ffeb
ffe8
ffea
fff2
fff9
fffe
fffe
fff8
fff2
fff0
ffed
ffe9
ffe0
ffd7
ffd0
ffcb
ffcc
ffd0
ffd0
ffcd
ffc7
ffc1
ffc0
ffc5
ffc9
ffcf
ffd4
ffd4
ffcd
ffc7
ffd3
0002
005d
00e5
0184
0212
025f
0231
0181
00a9
000d
ffb9
ffa2
ffb3
ffd0
ffdc
ffd9
ffd7
ffde
ffe0
ffd7
ffd6
ffde
ffe8
ffee
ffef
ffed
ffef
fff6
0000
0008
0008
0002
fffb
fff0
ffe0
ffdb
ffe1
ffec
fff4
fff9
ffff
0008
000f
0013
0018
0023
002c
0031
0035
003b
0044
004e
0055
005b
0065
0070
0075
0078
007e
008a
0099
00a5
00ae
00b1
00af
00b0
00b5
00b8
00b6
00b1
00aa
009e
008a
0073
005e
004a
0035
001b
0004
fff0
ffde
ffd2
ffce
ffcb
ffc3
ffbb
ffb8
ffb8
ffbd
ffc0
ffc0
ffbe
ffbf
ffc2
ffc1
ffbf
ffc2
ffc6
ffc6
ffc0
ffbb
ffba
ffb8
ffb4
ffb1
ffb3
ffb9
ffc0
ffc5
ffc8
ffc8
ffcb
ffd3
ffd6
ffd1
ffce
ffd0
ffd4
ffdc
ffdc
ffd8
ffd8
ffd3
ffca
ffc4
ffbd
ffb6
ffbc
ffc8
ffca
ffc2
ffbe
ffbc
ffbc
ffc4
ffce
ffd2
ffd2
ffce
ffc5
ffb8
ffb1
ffb3
ffb7
ffbd
ffc0
ffc3
ffcc
ffd7
ffe0
ffe4
ffe6
ffdf
ffd7
ffd2
ffcc
ffc7
ffc6
ffce
ffd4
ffdb
ffe7
fff5
ffff
ffff
fffd
fffd
0000
0002
0000
fff8
ffec
ffe2
ffd8
ffd0
ffcd
ffcb
ffcb
ffcc
ffce
ffce
ffce
ffce
ffce
ffcf
ffd0
ffcf
ffce
ffcf
ffd9
fff9
003a
009d
0124
01b5
022e
0264
021c
015b
008a
fffa
ffaf
ff9c
ffac
ffc7
ffd5
ffd8
ffdd
ffe8
fff0
ffee
ffe5
ffe6
fff2
fff6
ffef
ffeb
fff1
fff3
ffec
ffe8
ffec
ffee
ffec
ffed
fffa
0007
000a
0005
0001
0001
0008
0014
001f
002a
0030
0031
0033
0035
0038
0043
0051
0057
0057
0057
005d
0067
0072
007f
008c
0097
00a0
00a9
00b0
00b6
00bf
00c9
00cb
00c2
00b5
00a9
009c
0089
0072
005b
004a
003d
002d
001c
0006
fff5
ffed
ffe7
ffe1
ffd9
ffd0
ffc8
ffc0
ffb7
ffb2
ffb3
ffb5
ffb8
ffbb
ffbc
ffbc
ffb8
ffb3
ffb3
ffb8
ffc2
ffc9
ffcc
ffcf
ffd1
ffd4
ffd8
ffd7
ffd2
ffc9
ffbc
ffb2
ffb4
ffbb
ffc2
ffc5
ffc6
ffc0
ffbe
ffc4
ffc9
ffce
ffd2
ffd0
ffca
ffc4
ffc4
ffc8
ffcb
ffcb
ffcd
ffd0
ffcf
ffce
ffd1
ffd3
ffd0
ffcb
ffc6
ffc1
ffbf
ffc1
ffc3
ffc4
ffc4
ffc6
ffca
ffd0
ffd1
ffd0
ffcf
ffcf
ffcc
ffc8
ffc7
ffc9
ffcb
ffcf
ffd3
ffd4
ffd3
ffd6
ffdf
ffea
ffef
ffed
ffed
fff5
ffff
0003
0004
0001
fffd
fff7
ffef
ffe9
ffe3
ffdb
ffd4
ffd1
ffce
ffcd
ffcd
ffcb
ffcd
ffd0
ffd0
ffcd
ffcc
ffcf
ffd2
ffd0
ffc9
ffbf
ffba
ffcc
0003
006a
0103
01af
023b
0276
0231
016d
0091
fffc
ffaf
ffa1
ffba
ffd4
ffda
ffd7
ffd9
ffdf
ffe0
ffd9
ffd1
ffd2
ffdb
ffe1
ffe1
ffde
ffe2
ffe9
ffef
fff1
fff5
ffff
0007
0006
ffff
fffd
0002
0003
0001
0002
0006
000a
000c
000f
0014
001d
0029
0031
0036
003f
004a
0055
0063
006c
006e
0071
0073
0079
0082
008e
0099
009f
00a5
00ac
00b6
00bd
00bf
00c2
00c4
00bc
00ab
0095
007d
0062
0047
002e
0018
0007
fff8
ffec
ffe2
ffde
ffdc
ffd7
ffcd
ffbf
ffb3
ffb0
ffaf
ffb3
ffb8
ffb6
ffb1
ffb0
ffb0
ffad
ffa9
ffaa
ffb0
ffb3
ffb1
ffaf
ffb3
ffba
ffbf
ffbe
ffbd
ffbf
ffc1
ffc1
ffc1
ffc0
ffc0
ffc4
ffc7
ffc7
ffc8
ffcb
ffcf
ffd4
ffd5
ffcf
ffc4
ffbb
ffba
ffba
ffba
ffb7
ffb3
ffb2
ffb4
ffb9
ffc1
ffc3
ffc2
ffc2
ffc2
ffc1
ffbe
ffbe
ffc3
ffcc
ffd7
ffd8
ffcb
ffb7
ffab
ffab
ffb3
ffbf
ffc5
ffc3
ffbf
ffc1
ffc4
ffc6
ffc6
ffc9
ffcd
ffd0
ffd4
ffd6
ffd8
ffe0
ffec
fff9
0003
0008
0008
0004
fffe
fff5
ffe9
ffdd
ffd1
ffca
ffc8
ffc9
ffc8
ffc3
ffbe
ffbc
ffc0
ffc5
ffc7
ffc7
ffcc
ffd2
ffd0
ffc8
ffc3
ffbd
ffbd
ffdb
0026
00a3
0142
01de
024d
0253
01cb
00ef
0031
ffc1
ff99
ffa6
ffcb
ffe3
ffe2
ffdc
ffd8
ffd4
ffcd
ffc7
ffc9
ffd3
ffdd
ffde
ffdc
ffe1
ffea
ffeb
ffe5
ffe3
ffe6
ffea
ffed
ffec
ffec
ffef
fffb
0007
000c
000c
000d
000f
0014
001c
0020
0021
0021
0025
002c
0038
0044
004e
005a
0064
006e
007b
0086
0090
009a
00a4
00a6
00a1
009f
00a3
00ac
00b4
00b7
00b4
00ac
009d
008b
007a
006a
0059
0044
002f
001c
000b
0000
fffc
fff9
ffed
ffdb
ffcb
ffbe
ffb6
ffae
ffa6
ffa3
ffa3
ffa5
ffab
ffb0
ffaf
ffb0
ffb3
ffb5
ffb5
ffb8
ffbb
ffbd
ffc3
ffcd
ffd0
ffcb
ffc2
ffbd
ffbf
ffc1
ffc5
ffc9
ffc9
ffc3
ffbe
ffba
ffba
ffc0
ffc7
ffcc
ffcf
ffce
ffca
ffcb
ffd1
ffd7
ffdb
ffd5
ffc8
ffc1
ffc1
ffc4
ffc8
ffc9
ffc1
ffb6
ffb4
ffba
ffbf
ffc1
ffc1
ffc2
ffc4
ffc9
ffcb
ffcb
ffcb
ffd0
ffd7
ffda
ffd7
ffd7
ffdc
ffe4
ffeb
fff2
fff9
0000
0002
ffff
fffa
fff6
fff2
ffeb
ffe2
ffd9
ffd2
ffcf
ffcf
ffcf
ffcb
ffc4
ffbe
ffbe
ffc2
ffc3
ffc3
ffc5
ffc5
ffc4
ffc3
ffbc
ffb3
ffba
ffe2
0032
00b0
0153
01f3
025c
0254
01bf
00e3
0035
ffd0
ffa8
ffac
ffbe
ffc4
ffbd
ffbc
ffc7
ffd2
ffd2
ffcb
ffce
ffd9
ffdf
ffdb
ffd6
ffd5
ffd8
ffda
ffd9
ffda
ffe3
ffef
fff4
ffef
ffeb
fff0
fffb
0005
000a
000f
0012
0012
0014
0019
001b
001f
0026
0033
003e
0041
0042
0046
0050
0058
005b
0061
006b
0076
0082
008f
009a
00a3
00a7
00aa
00ae
00b1
00b1
00af
00a5
0093
0081
0072
0066
0055
003c
0020
0005
fff1
ffe3
ffd7
ffcb
ffc2
ffbb
ffb7
ffb5
ffb1
ffa9
ffa3
ffa2
ffa4
ffa5
ffaa
ffb0
ffb4
ffb6
ffb9
ffbb
ffba
ffb8
ffb9
ffb8
ffb5
ffb6
ffb8
ffba
ffbe
ffc7
ffd4
ffdb
ffd1
ffc0
ffb4
ffb0
ffb0
ffb3
ffb8
ffbd
ffc1
ffc2
ffc6
ffcd
ffd1
ffd1
ffd0
ffcf
ffce
ffcd
ffc6
ffc2
ffc4
ffc8
ffc7
ffc1
ffbb
ffb8
ffba
ffbd
ffbf
ffc3
ffc5
ffc5
ffc7
ffcb
ffcf
ffd0
ffcd
ffcd
ffd0
ffd4
ffdd
ffe9
ffee
ffe8
ffe0
ffe0
ffe9
fff5
fffb
fff7
ffee
ffe6
ffe2
ffe3
ffe2
ffdc
ffd3
ffce
ffce
ffcd
ffca
ffca
ffd0
ffd9
ffdd
ffda
ffd4
ffca
ffc3
ffc2
ffc1
ffbd
ffb6
ffbb
ffdf
002e
00ae
0157
01f9
025a
0249
01b2
00d5
0025
ffc5
ffa6
ffbd
ffe5
fff1
ffe9
ffe4
ffdd
ffd0
ffc5
ffbf
ffc4
ffd1
ffda
ffde
ffe0
ffe2
ffe6
ffe7
ffe4
ffe8
fff5
fffc
fffb
fff8
fffa
ffff
0003
0002
0003
0007
000d
0013
0019
001c
001d
0025
0034
003e
0042
0045
0048
004e
005a
0065
0070
0078
007e
0087
0095
009e
00a7
00b0
00b2
00b2
00b2
00b1
00af
00ae
00ab
00a6
009a
007d
005c
0042
002d
0019
0007
fff8
ffea
ffde
ffd8
ffd7
ffd3
ffce
ffcc
ffca
ffc4
ffbd
ffb8
ffba
ffbb
ffb3
ffa8
ffa6
ffa9
ffa9
ffaa
ffac
ffae
ffb1
ffbc
ffcb
ffd0
ffc7
ffc0
ffc2
ffc8
ffd2
ffdd
ffd7
ffc4
ffb8
ffb6
ffb6
ffbb
ffc7
ffcc
ffc6
ffc1
ffc3
ffc6
ffc7
ffc8
ffca
ffcc
ffcc
ffcc
ffcc
ffce
ffd2
ffce
ffc4
ffbf
ffbc
ffb8
ffb7
ffc1
ffca
ffcb
ffc4
ffc2
ffc6
ffc9
ffc8
ffc8
ffc8
ffc8
ffca
ffca
ffca
ffcf
ffd5
ffd3
ffc9
ffc3
ffc2
ffc5
ffce
ffd6
ffd8
ffd6
ffd6
ffd9
ffd6
ffd1
ffcb
ffc4
ffbe
ffc1
ffca
ffd0
ffd1
ffd4
ffd7
ffd9
ffe1
ffef
fffb
fffc
0000
0006
000e
0018
0011
ffff
ffeb
ffda
ffd3
ffd7
ffde
ffdd
ffd9
ffd9
ffe0
ffe5
ffea
fff2
fff6
ffea
ffd4
ffc1
ffba
ffbe
ffc4
ffc8
ffcc
ffcc
ffc7
ffd1
ffff
005e
00ef
019e
0236
0282
0259
01af
00d4
0035
ffdf
ffb5
ffb1
ffca
ffd5
ffd6
ffde
ffea
fff6
fff6
ffeb
ffdb
ffd1
ffd8
ffec
0008
000d
fffe
fff0
ffdf
ffd3
ffda
ffed
fffc
0011
002e
004b
004f
0036
0028
0035
002f
001d
0024
002c
002d
0029
0031
0042
003d
0043
0065
0078
0072
0070
007f
0099
00b7
00d9
00f2
00e9
00cc
00c4
00d3
00eb
0103
011b
0114
00f0
00c7
00b1
00bc
00c9
00b0
008c
0079
0062
004f
0049
0047
002d
0006
ffee
ffe5
ffe7
fff6
fffa
ffd9
ffc3
ffce
ffda
ffe2
ffe0
ffc9
ffbb
ffc8
ffe7
0002
fff9
ffe8
ffe9
ffea
fff2
0013
001a
ffe1
ffb2
ffb7
ffbc
ffa6
ff92
ff8f
ffa0
ffbe
ffde
ffe7
ffd3
ffc0
ffc7
ffd0
ffc8
ffcd
ffeb
0000
fff0
ffc7
ffad
ffa9
ffaf
ffc0
ffd9
ffdd
ffcb
ffcc
ffe1
fff3
fff9
fff0
ffea
ffe5
ffdc
ffe0
ffdb
ffc8
ffb6
ffa3
ff92
ff8b
ffa6
ffc9
ffd7
ffe1
ffef
fff3
ffe9
ffe1
ffd9
ffd3
ffc8
ffb2
ffa2
ffab
ffc9
ffde
ffdb
ffc9
ffbf
ffbe
ffc9
ffe8
0000
fffb
ffd1
ffa0
ff9b
ffaf
ffcc
ffea
ffff
ffed
ffce
ffcd
ffdf
fffb
0003
ffea
ffdd
fffd
0027
0013
ffd8
ffae
ff9f
ffb0
ffcc
ffd4
ffce
ffce
ffdd
fff6
fff0
ffcc
ffb1
ffb4
ffc9
fff2
0019
0009
ffbe
ff7d
ff7b
ffba
0030
00d5
0188
021a
0259
0216
0160
0094
0003
ffb6
ffa1
ffb5
ffd2
ffe0
ffe3
fffd
0037
0064
004c
fffb
ffc2
ffa3
ff93
ff9b
ffb8
ffdb
fffc
0002
fffa
ffe6
ffc2
ffae
ffaf
ffc1
ffd5
ffe6
fff7
fffb
fffd
0001
fffd
ffee
ffe4
fff4
0015
0031
003b
0038
0035
003a
0044
0048
0049
005c
0079
0091
0094
007c
0071
0074
0076
007d
008c
00ab
00c3
00cd
00ce
00b7
0096
0072
0045
002d
0039
0043
0030
0013
0010
0010
000d
0010
000d
fff7
ffbc
ff75
ff58
ff61
ff77
ff84
ff87
ff95
ffad
ffc8
ffe4
fff6
ffed
ffcb
ff9e
ff81
ff85
ff99
ffa0
ff93
ff89
ff92
ffa3
ffae
ffb3
ffb3
ffba
ffc9
ffda
ffee
ffe8
ffb7
ff8f
ff84
ff89
ff96
ffa2
ffa8
ffb9
ffcf
ffd7
ffd8
ffde
ffd8
ffc2
ffc2
ffc5
ffb3
ffab
ffbe
ffcb
ffb9
ffb6
ffb5
ffa4
ff9b
ffa8
ffa8
ff95
ff92
ffa6
ffc4
ffe4
ffe3
ffca
ffcd
ffe2
fff2
ffed
ffd6
ffc4
ffc0
ffb9
ffa1
ffaa
ffcb
ffdd
ffd4
ffba
ffac
ffb5
ffcb
ffe2
ffe3
ffce
ffc1
ffd9
0018
004f
0053
0022
0004
fff7
ffc5
ff96
ff85
ff8f
ffab
ffc3
ffd0
ffd2
ffcb
ffc8
ffd5
ffed
fffb
fffd
000c
0023
0020
fff6
ffcd
ffb8
ffad
ff99
ff85
ff93
ffcc
0036
00d3
0177
01fa
0247
022c
0199
00db
0053
0013
0005
fffb
ffd5
ffac
ff95
ff9d
ffba
ffd2
ffd7
ffd1
ffd2
ffe4
ffef
fff3
fff7
fff8
0010
0034
002d
0001
ffe5
ffd1
ffbd
ffc9
ffe9
000e
0028
0034
002a
0015
0016
0012
fffa
ffec
fff6
0005
0014
0023
0027
002b
003f
005e
007b
0095
00b4
00ca
00cc
00be
0097
006c
0066
0087
0099
0094
00a3
00c2
00c4
00aa
009c
009e
009b
008d
007e
006e
0059
003e
001d
0004
fffc
fffe
001d
002e
ffff
ffc2
ff8f
ff92
ffd4
ffe9
ffaa
ff79
ff6e
ff75
ff90
ffb0
ffc8
ffd2
ffd4
ffd6
ffc9
ffc2
ffc4
ffd5
ffeb
ffdd
ffae
ff90
ffa4
ffc5
ffc7
ffc0
ffae
ff9c
ffa5
ffb4
ffb7
ffc1
ffdd
fff3
ffea
ffdf
ffe0
ffcb
ffbd
ffbd
ffb4
ffaa
ffa1
ffa8
ffb5
ffb8
ffb8
ffcc
ffec
0007
000e
ffe7
ffb3
ff9d
ff97
ff95
ffa4
ffb1
ffaf
ffae
ffb6
ffc5
ffd5
ffdd
ffde
ffde
ffe6
ffed
ffdd
ffca
ffcb
ffd6
ffe2
ffea
ffee
fff9
000e
0001
ffdb
ffc0
ffaf
ffae
ffb0
ffa5
ffa4
ffad
ffb9
ffcc
ffdd
ffec
0000
0021
0049
0050
002e
0007
fff2
ffe3
ffe6
fff7
fff5
ffee
ffe1
ffd6
ffe2
fffa
0008
0000
ffdf
ffb8
ffa7
ffab
ffb4
ffc4
ffd5
ffdd
ffe0
ffde
ffd9
ffd9
ffd8
ffdf
fff6
001a
0048
009e
0137
01d1
0229
0240
01fb
0142
006a
ffde
ffa4
ff97
ffb5
ffe6
0006
0017
000d
fff8
ffe8
ffd3
ffc8
ffd0
ffe8
0003
fff7
ffd0
ffc2
ffce
ffdf
ffe9
fff2
0000
0014
0019
0005
fffd
0012
0027
0031
003d
002a
0002
fff7
000d
001d
001c
0021
0025
0028
0036
004f
005f
005b
0056
0052
0052
0060
0075
0089
00a8
00c7
00d9
00d1
00b2
00ab
00ba
00bf
00bc
00b1
00a7
009c
0085
006f
0065
005e
0052
0043
0031
0024
001c
000b
fff4
ffe0
ffcf
ffbf
ffb8
ffbb
ffbe
ffb5
ffa9
ffa4
ffa9
ffaf
ffae
ffaf
ffb7
ffbe
ffc1
ffc7
ffd2
ffce
ffbb
ffb4
ffb5
ffb2
ffb3
ffbf
ffd0
ffe5
fff3
fff5
ffe3
ffc0
ffa7
ff9c
ff9d
ffaa
ffbb
ffbc
ffb8
ffc1
ffd0
ffdb
ffd7
ffcd
ffca
ffc9
ffc8
ffca
ffcf
ffd4
ffe2
fff1
ffd9
ffb4
ffa8
ffa0
ff9d
ffa5
ffb2
ffbc
ffbc
ffc2
ffd3
ffe4
ffe9
ffe1
ffd2
ffc9
ffc6
ffc7
ffc9
ffc9
ffc6
ffbf
ffb9
ffb4
ffb5
ffbf
ffc9
ffcf
ffd1
ffd8
ffe2
ffea
fff1
fffa
0002
0004
fff1
ffc8
ffa4
ff9a
ffa3
ffb2
ffbe
ffc6
ffcb
ffd0
ffd9
ffe4
ffef
fff9
fff6
ffe3
ffd3
ffcc
ffcc
ffdb
fff2
0002
fff6
ffe3
ffe4
ffef
fffc
0003
0001
fff4
ffe6
ffe4
ffe7
ffe8
ffe7
ffe2
ffde
ffda
ffd9
ffe0
fff0
fffd
fffd
fffa
ffef
ffde
ffd3
ffcd
ffc9
ffc3
ffbf
ffbe
ffd0
000d
007c
011b
01cf
0263
028f
0221
0144
0071
ffee
ffb6
ffb9
ffdc
fffe
ffff
ffeb
ffe9
ffea
ffd7
ffc5
ffc6
ffd8
ffed
fff1
ffe5
ffdc
ffe0
ffe4
ffe0
ffe0
ffe5
ffe9
ffed
fff4
0000
000e
0017
0018
0014
0012
0017
0018
0013
0011
0014
001a
0021
0027
0031
0040
004c
0054
0054
0054
005b
0067
0074
007f
0085
0085
0088
0090
009b
00a3
00aa
00b0
00b6
00b9
00b6
00af
00a6
009b
008a
0076
0061
004d
0037
0020
000a
fff6
ffe9
ffe0
ffd7
ffce
ffc6
ffc2
ffc1
ffbd
ffb8
ffb6
ffb5
ffb7
ffbc
ffc1
ffc3
ffbf
ffb6
ffb2
ffb3
ffb4
ffb5
ffb9
ffbc
ffc0
ffc2
ffbf
ffbf
ffbe
ffbc
ffbd
ffc0
ffc2
ffc2
ffc1
ffc2
ffc4
ffc5
ffc5
ffc6
ffca
ffcb
ffc8
ffc4
ffbf
ffbd
ffc0
ffc1
ffbe
ffbc
ffbb
ffba
ffbd
ffc2
ffc9
ffcb
ffc9
ffc4
ffc2
ffc2
ffc0
ffc0
ffc4
ffc9
ffcb
ffc8
ffc2
ffc0
ffbe
ffbd
ffbf
ffc3
ffc4
ffc3
ffc5
ffc7
ffc7
ffc7
ffc9
ffcb
ffca
ffc8
ffc8
ffca
ffca
ffca
ffcb
ffce
ffd1
ffd2
ffd1
ffcf
ffcc
ffcb
ffce
ffd3
ffd8
ffdf
ffe3
ffe7
ffec
fff1
fff8
fffd
fffe
fffc
fffb
fff8
fff6
fff2
ffeb
ffe8
ffe4
ffe2
ffe1
ffdd
ffd9
ffd7
ffd7
ffd8
ffda
ffde
ffe0
ffde
ffdb
ffda
ffdc
ffda
ffd4
ffca
ffc9
ffe4
0027
0092
0123
01c1
0239
0254
01ef
012a
006f
fffa
ffc3
ffbc
ffd0
ffdd
ffdd
ffe0
ffea
ffee
ffe4
ffd6
ffcf
ffd8
ffe4
ffe8
ffe7
ffea
fff0
fff2
fff0
fff0
fff4
fffc
0001
0002
0001
0004
0009
000e
0012
0014
0014
0018
001c
001f
0027
0032
003d
0042
0046
004c
0053
005c
0065
006f
007e
008d
0094
009b
00a2
00a5
00ac
00b6
00b7
00b5
00b5
00b8
00bf
00c3
00c3
00bc
00b2
00a5
0097
008a
0077
0060
004c
003d
002b
0014
ffff
fff1
ffe8
ffdf
ffd7
ffd1
ffd0
ffd4
ffd9
ffdc
ffda
ffd4
ffce
ffd1
ffda
ffdd
ffdd
ffdc
ffde
ffe4
ffe6
ffe0
ffd4
ffc8
ffbe
ffb8
ffbc
ffc3
ffc7
ffc9
ffcf
ffdc
ffe4
ffe3
ffdf
ffdd
ffe2
ffec
fff2
fff1
ffe7
ffd6
ffc9
ffc2
ffbc
ffbb
ffbf
ffc5
ffcb
ffd3
ffd9
ffdb
ffdb
ffdb
ffdb
ffdb
ffd9
ffdb
ffea
fff7
fff4
ffe4
ffd1
ffc5
ffc1
ffc5
ffcd
ffd4
ffd8
ffde
ffe6
ffe4
ffda
ffc9
ffb7
ffb1
ffb6
ffbf
ffc6
ffc9
ffc6
ffc5
ffcd
ffd9
ffdf
ffdc
ffda
ffdc
ffe1
ffe3
ffdf
ffd8
ffd7
ffe1
ffe4
ffe0
ffe1
ffea
fff8
0006
0011
0013
000d
0005
0001
ffff
fff9
ffed
ffe8
ffed
ffea
ffe0
ffdb
ffd6
ffd1
ffd1
ffd7
ffe1
ffe5
ffe1
ffda
ffce
ffca
ffd3
ffd9
ffd5
ffc9
ffbd
ffcc
0010
008c
0131
01d9
0258
027a
020a
012f
0069
fff3
ffbd
ffb7
ffcc
ffdb
ffdb
ffdb
ffdc
ffd9
ffcf
ffc4
ffc3
ffd1
ffe2
ffe8
ffe5
ffe3
ffe9
ffee
ffe9
ffe8
ffee
fff9
0002
0002
fffc
fff7
fff6
fff6
fffc
0008
0012
0019
0017
0012
0013
0017
001d
0025
0030
003d
0048
0051
005c
0068
0071
0073
0073
0079
0087
0096
00a3
00ab
00aa
00a4
00a4
00ac
00b5
00b7
00b3
00ab
00a0
0092
007f
006c
005a
0047
0034
0020
000f
0001
fff1
ffde
ffcd
ffc1
ffbc
ffbb
ffba
ffb9
ffb9
ffb5
ffb1
ffb1
ffb5
ffb7
ffb8
ffba
ffbd
ffc3
ffcd
ffd9
ffe1
ffd7
ffc1
ffb3
ffac
ffac
ffac
ffa8
ffa1
ff9d
ffa0
ffac
ffb9
ffbf
ffbf
ffbe
ffbd
ffbe
ffc0
ffbf
ffbf
ffbf
ffbb
ffb9
ffbd
ffc3
ffcb
ffd3
ffd7
ffd5
ffd2
ffd1
ffce
ffca
ffc9
ffc4
ffb7
ffaa
ffa3
ffa1
ffa5
ffb0
ffb5
ffb6
ffb8
ffb9
ffb9
ffbc
ffbe
ffbd
ffc2
ffcc
ffda
ffe0
ffd8
ffd0
ffce
ffc7
ffbe
ffc2
ffd3
ffdd
ffcf
ffb7
ffab
ffab
ffb1
ffb8
ffbb
ffbf
ffc2
ffc4
ffd3
ffe6
fff0
fff0
ffe7
ffd6
ffce
ffd0
ffd1
ffd2
ffda
ffe8
ffee
ffec
ffec
fff1
fff2
ffeb
ffeb
fff7
0001
0003
fff7
ffe2
ffd4
ffce
ffc6
ffc1
ffc7
ffd4
ffdb
ffd8
ffcd
ffc0
ffb7
ffb6
ffc1
ffca
ffcf
ffde
000d
0069
00f6
019e
0236
027e
0237
0171
0098
0004
ffb7
ffa2
ffb3
ffcf
ffd9
ffd2
ffd3
ffdb
ffd7
ffc6
ffbf
ffcc
ffdf
ffea
ffeb
fff0
fff8
fffa
fff2
ffe8
ffe4
ffe4
ffe5
ffe5
ffe9
fff6
0001
0001
fffc
fffc
0006
0013
001b
0024
0033
003c
0038
0031
002f
0030
0032
0037
0041
004f
005d
006d
007c
0087
008c
0092
009f
00a8
00a3
009e
00a0
00a5
00aa
00ae
00af
00ad
00a9
00a3
0098
0088
0071
0055
003d
0027
0010
fffb
fff0
ffe3
ffce
ffbe
ffbc
ffbf
ffbe
ffbc
ffbb
ffb5
ffb1
ffb7
ffc1
ffc5
ffc2
ffbc
ffb5
ffb2
ffb9
ffc8
ffcf
ffc6
ffbb
ffb5
ffb6
ffb7
ffba
ffc0
ffbe
ffb5
ffaf
ffb1
ffb5
ffb9
ffbc
ffc1
ffc9
ffd3
ffdf
ffe2
ffda
ffd2
ffcf
ffcc
ffd0
ffd5
ffdb
ffda
ffcd
ffbf
ffba
ffb9
ffb7
ffb7
ffb8
ffb9
ffb9
ffb9
ffbe
ffc6
ffce
ffd0
ffce
ffce
ffd6
ffdf
ffe1
ffe1
ffe1
ffd8
ffcb
ffc2
ffb9
ffb5
ffb7
ffba
ffbc
ffc2
ffcc
ffd7
ffe0
ffeb
fff5
0002
0004
fffd
fffb
ffff
0000
fffd
fffa
fff7
ffed
ffe2
ffde
ffdd
ffda
ffd7
ffd8
ffdb
ffdb
ffdd
ffe2
ffea
ffed
ffe4
ffd8
ffd6
ffd6
ffd0
ffc8
ffc1
ffbf
ffc0
ffd1
fffd
0051
00d4
0176
0213
0275
025d
01bd
00e6
003e
ffdb
ffb3
ffb4
ffc4
ffc9
ffc6
ffc8
ffd0
ffd6
ffd8
ffdf
ffeb
fff2
fff0
ffeb
ffe9
fff0
fff6
fff6
ffed
ffe5
ffe9
fff7
0001
0000
fff9
fff6
fffa
fffd
0001
000a
0015
001d
0022
0026
002f
0039
003a
0038
003b
0043
004e
0056
005c
0066
0071
0078
007e
0088
0090
0097
00a1
00aa
00b5
00c5
00d1
00d1
00c9
00b8
00a4
0094
0089
007f
0079
006b
0053
0038
001d
0006
fff9
fff0
ffe7
ffdb
ffcc
ffc1
ffbc
ffb9
ffb4
ffae
ffaf
ffb7
ffbf
ffc0
ffba
ffb2
ffad
ffac
ffac
ffab
ffae
ffb6
ffbd
ffbd
ffbd
ffbe
ffbd
ffc0
ffc9
ffd2
ffd3
ffca
ffc3
ffc1
ffc2
ffc3
ffbf
ffb9
ffb5
ffb2
ffb2
ffb5
ffba
ffbd
ffc1
ffc7
ffca
ffcb
ffcc
ffca
ffcd
ffd6
ffd2
ffc6
ffbd
ffba
ffbb
ffc0
ffc8
ffcf
ffd3
ffd2
ffce
ffca
ffc8
ffc5
ffc2
ffc3
ffc4
ffc0
ffbd
ffbb
ffbb
ffbc
ffc4
ffce
ffd0
ffcd
ffc6
ffc1
ffc1
ffc6
ffcf
ffd8
ffda
ffd9
ffdd
ffdf
ffd8
ffd1
ffd0
ffd2
ffd6
ffd9
ffd8
ffd8
ffdb
ffe0
ffe8
fff6
0006
000d
000a
0001
fff9
fff4
fff4
fff5
fff1
ffe8
ffdd
ffd8
ffd4
ffd2
ffcf
ffcc
ffcc
ffd3
ffdb
ffe1
ffe1
ffdd
ffdb
ffd5
ffd0
ffd0
ffce
ffd0
ffe6
0026
009a
0139
01e1
0262
0279
01fd
011b
004e
ffd1
ff9e
ffa4
ffc0
ffd2
ffd8
ffdb
ffe1
ffe8
ffe4
ffdc
ffdc
ffe7
fff3
fff3
ffee
ffec
ffef
fff0
ffeb
ffe1
ffdd
ffe2
ffe9
ffed
ffed
fff1
fff8
0000
000d
001b
0023
0025
0024
0023
0025
002e
0038
003d
003f
003f
003f
0041
0046
0050
005c
006a
0076
007e
0089
009c
00ae
00b5
00bc
00c5
00ce
00d0
00c8
00bc
00b2
00ac
00aa
00a4
0095
007a
0056
0036
0021
0011
0003
fff5
ffe9
ffde
ffd5
ffcf
ffc9
ffc3
ffbb
ffb3
ffab
ffaa
ffae
ffb2
ffb8
ffbc
ffbc
ffba
ffb4
ffad
ffab
ffab
ffaa
ffb1
ffbe
ffc2
ffbe
ffbb
ffbb
ffc1
ffc9
ffd0
ffcd
ffbd
ffaf
ffac
ffb1
ffbc
ffc7
ffc9
ffc7
ffca
ffd3
ffd4
ffcc
ffc8
ffc4
ffba
ffb4
ffb4
ffb6
ffb8
ffbc
ffbf
ffc2
ffc6
ffcb
ffd1
ffd5
ffd0
ffc7
ffbe
ffbc
ffc0
ffc5
ffc9
ffc5
ffbc
ffb8
ffbb
ffc1
ffc6
ffca
ffd1
ffd4
ffcb
ffbc
ffb4
ffb8
ffbf
ffc4
ffc9
ffd1
ffd6
ffd5
ffd5
ffd7
ffd6
ffd3
ffd2
ffd4
ffdd
ffea
ffeb
ffe2
ffda
ffd4
ffcb
ffc8
ffce
ffd5
ffdc
ffe1
ffe4
ffe6
ffeb
fff3
fffc
0002
0008
000a
0005
ffff
fffc
fff8
fff5
ffef
ffe5
ffdb
ffd3
ffd1
ffd7
ffe2
ffe9
ffea
ffe8
ffdf
ffcf
ffc6
ffc6
ffc8
ffc4
ffc2
ffc4
ffd0
ffed
002d
009f
013a
01e1
0260
027a
020b
0132
0063
ffe1
ffa8
ffa7
ffc0
ffd6
ffdf
ffe3
ffe4
ffe6
ffe4
ffdf
ffdf
ffe6
ffee
ffec
ffe5
ffe8
fff0
fff1
ffe9
ffe1
ffe3
ffee
fff7
fff7
fff6
fffc
0006
000d
000f
0012
0016
0019
0018
0019
001e
0025
002d
0034
0039
003e
004b
005b
005d
005a
005d
0065
006f
007b
008a
0095
00a0
00aa
00ae
00ad
00af
00b6
00ba
00bd
00be
00b8
00ad
009f
008c
0075
005c
0042
002d
001f
0010
0000
ffed
ffdd
ffd8
ffd6
ffc9
ffba
ffaf
ffa8
ffa8
ffae
ffb7
ffb5
ffaf
ffac
ffad
ffaf
ffb1
ffb4
ffbd
ffc5
ffc6
ffc5
ffc3
ffbc
ffb6
ffbd
ffc9
ffc7
ffbf
ffbd
ffbf
ffbb
ffb0
ffac
ffb4
ffc7
ffce
ffc5
ffba
ffb4
ffaf
ffb0
ffb9
ffc1
ffc4
ffc7
ffce
ffd2
ffca
ffbe
ffbc
ffbd
ffc1
ffc1
ffbd
ffbd
ffc3
ffc6
ffd0
ffdc
ffd2
ffc0
ffba
ffbb
ffbe
ffc3
ffc9
ffcd
ffc9
ffc3
ffc0
ffc3
ffc7
ffcc
ffd2
ffd7
ffd9
ffd3
ffcb
ffcb
ffdb
ffe9
ffe4
ffe2
ffe5
ffe6
ffeb
ffee
fff1
fff2
fff3
fff9
0002
0006
0002
fffe
fff8
fff1
fff0
fff1
ffee
ffec
ffe9
ffe1
ffdc
ffe2
ffef
fff4
ffeb
ffe0
ffdc
ffd8
ffd3
ffd9
ffe1
ffdd
ffd2
ffce
ffdf
0015
007a
0107
01a4
022f
026d
0225
0167
00a3
0021
ffd8
ffbc
ffc1
ffd6
ffe5
ffed
0000
0014
0007
ffe9
ffe0
ffde
ffd4
ffc8
ffc4
ffca
ffda
ffe8
ffea
ffe6
ffe8
fff5
0005
0008
0007
000d
001f
0027
001f
0015
000d
000c
000e
0013
0020
0031
0039
003d
0047
004c
004e
0055
005e
0067
007a
0082
007d
0082
008a
008e
008f
0095
00a0
00a9
00b0
00bb
00c5
00c8
00c2
00b6
00aa
009f
0091
007e
006a
0057
0043
002a
0011
ffff
fff4
ffee
ffe9
ffe6
ffe8
ffe9
ffd9
ffc5
ffbe
ffbf
ffbe
ffc2
ffca
ffc6
ffbb
ffb7
ffbc
ffc1
ffcd
ffd4
ffd0
ffc6
ffbb
ffc1
ffd5
ffe9
ffe5
ffcf
ffb6
ffad
ffb0
ffb5
ffc0
ffbb
ffb0
ffb1
ffbf
ffde
fff2
fff1
fffe
0000
ffdb
ffc8
ffd3
ffc9
ffb7
ffbd
ffd3
ffea
fff3
ffe1
ffcc
ffbc
ffb6
ffc1
ffd2
ffe8
0004
0011
fffc
ffd3
ffbe
ffc0
ffd6
fffa
0018
0011
ffe6
ffc7
ffcd
ffe7
ffee
ffd8
ffca
ffce
ffd7
ffe7
fff9
0004
0000
fff1
ffe3
ffd4
ffca
ffcb
ffd3
ffe4
fffa
fffe
ffef
ffda
ffd3
ffdc
ffe2
ffdf
ffe2
ffef
ffff
0019
0022
0011
0009
0010
0017
000e
0006
0000
fff2
fff1
fff2
ffda
ffbd
ffb5
ffac
ffa0
ffa2
ffae
ffb6
ffbb
ffc6
ffce
ffd2
ffd0
ffcf
ffd2
ffd3
ffee
003c
00b6
0142
01ca
0238
024d
01df
0113
0052
ffd7
ffa5
ffad
ffcb
ffdb
ffd8
ffd5
ffdd
ffeb
ffed
ffde
ffd4
ffdb
ffe3
ffe2
ffdb
ffd5
ffd5
ffd5
ffd7
ffdd
ffe4
ffe9
ffef
fff9
0007
0014
0017
000d
fffe
fff6
fff5
fff9
0002
000d
0024
0041
0055
0052
0035
0019
0016
001d
0024
0031
0048
0064
007b
0085
008d
0091
0090
0094
00a1
00ac
00ae
00b3
00be
00c8
00c5
00bc
00b0
009d
007e
005c
0040
0029
0018
000f
0007
fffa
ffed
ffe5
ffe2
ffd9
ffc9
ffb8
ff9a
ff82
ff83
ff9a
ffb8
ffc0
ffb1
ffac
ffb0
ffaf
ffa3
ff93
ff87
ff87
ff9d
ffb7
ffc3
ffc6
ffb9
ff9d
ff93
ffa4
ffbd
ffca
ffc4
ffb0
ff9c
ff8c
ff8b
ff9d
ffab
ffae
ffb0
ffb0
ffb3
ffc0
ffcf
ffcf
ffb9
ffac
ffaf
ffb7
ffbb
ffbf
ffc3
ffb4
ffa2
ffa1
ffa7
ffaf
ffb9
ffb5
ffa6
ffa0
ffa6
ffa6
ffa5
ffb3
ffd0
ffe2
ffd7
ffb9
ffa2
ff9b
ff9e
ffa7
ffb3
ffbb
ffbc
ffbb
ffc6
ffd2
ffd5
ffd3
ffc6
ffb7
ffb2
ffb1
ffb2
ffb9
ffc0
ffc1
ffc3
ffc7
ffca
ffcc
ffd0
ffd6
ffd8
ffd2
ffc7
ffbf
ffbc
ffc4
ffd9
ffe9
ffe7
ffde
ffda
ffdb
ffe2
ffe9
ffee
ffee
ffec
ffeb
ffec
ffee
ffee
ffeb
ffe5
ffe4
ffe6
ffe1
ffd9
ffd8
ffdd
ffd5
ffc5
ffc0
ffc3
ffc4
ffc5
ffc8
ffcd
ffd6
ffd6
ffc8
ffc9
ffec
003a
00bf
0170
0214
0274
025f
01bf
00e0
0032
ffcc
ffa5
ffad
ffca
ffdc
ffdf
ffe3
fff0
fff2
ffde
ffc9
ffd2
fff6
000d
fffe
ffe1
ffcf
ffca
ffd1
ffe5
fff4
fffa
fff9
fff1
fff2
0010
0033
0029
0014
001b
001c
0010
0003
fff6
ffef
fff1
fffb
0008
000f
0010
001b
0033
004f
0060
005a
0051
0058
006d
0083
008e
0098
00aa
00b9
00b8
00ac
009e
009b
00a1
00ab
00b2
00b4
00b4
00a5
0085
006a
005a
004e
0044
0036
0012
ffe2
ffbf
ffb1
ffb1
ffb3
ffb2
ffaf
ffac
ffac
ffb1
ffb3
ffb0
ffac
ffaa
ffac
ffad
ffad
ffb0
ffb4
ffb9
ffbb
ffbe
ffc2
ffc1
ffbb
ffb7
ffb7
ffb8
ffba
ffbd
ffbe
ffbe
ffc5
ffd2
ffe6
fff9
fffb
ffec
ffd2
ffb8
ffac
ffaa
ffa5
ffa0
ffa2
ffa7
ffae
ffb7
ffc2
ffc6
ffc0
ffba
ffb9
ffbb
ffbc
ffc2
ffd0
ffe8
0000
0011
000d
ffe6
ffbd
ffab
ff9c
ff91
ff98
ffa4
ffa9
ffaf
ffb8
ffbf
ffc1
ffc0
ffc4
ffcd
ffd6
ffda
ffda
ffd8
ffd6
ffd3
ffd0
ffce
ffce
ffd1
ffd6
ffdb
ffe3
fff5
000b
0013
000b
0002
fff4
ffe0
ffd3
ffd2
ffda
ffe1
ffe5
ffe6
ffe6
ffe8
ffed
fff6
fff7
fff0
ffe1
ffcb
ffc4
ffcb
ffd5
ffdc
ffda
ffcd
ffc0
ffb5
ffba
ffde
0020
008a
0120
01bf
0238
0253
01e8
0121
006d
fffd
ffcb
ffc9
ffdd
ffed
fff4
ffea
ffda
ffd0
ffc8
ffc3
ffc8
ffd7
ffe2
ffe3
ffdf
ffe1
ffea
fff1
fff2
fff1
fff5
fffd
0002
0000
fffc
0001
000b
0013
0016
001a
0020
0025
0025
0025
002a
0035
0042
0049
004e
0055
005e
0069
0077
007f
0086
0095
00a5
00a0
0091
0088
0086
0090
009d
00a7
00b5
00c8
00d5
00d9
00d2
00bb
009f
008c
0080
007f
0084
0079
004b
0014
ffee
ffdc
ffdc
ffe2
ffd9
ffc4
ffb5
ffb7
ffc5
ffcc
ffc7
ffc0
ffc1
ffc8
ffca
ffc8
ffc3
ffb6
ffab
ffaf
ffba
ffbe
ffbd
ffbc
ffbe
ffbe
ffbe
ffca
ffd6
ffd7
ffce
ffc4
ffc3
ffc7
ffcc
ffcd
ffc9
ffcc
ffd4
ffd8
ffd4
ffd1
ffd4
ffd7
ffdc
ffdd
ffd9
ffcf
ffc3
ffbd
ffbe
ffc4
ffcb
ffd8
ffe8
fff4
fff0
ffde
ffce
ffc3
ffc1
ffc7
ffc6
ffc1
ffc2
ffc6
ffca
ffd3
ffda
ffd9
ffd8
ffdd
ffe4
ffde
ffd4
ffd2
ffd2
ffd1
ffcf
ffce
ffd5
ffd7
ffd3
ffd8
ffe1
ffe3
ffe0
ffd6
ffcb
ffcc
ffd0
ffce
ffcc
ffce
ffd2
ffd4
ffda
ffe6
fff3
ffff
000e
0022
002f
0022
0007
fffc
ffff
fff8
ffe6
ffd8
ffcd
ffc5
ffc2
ffc8
ffd2
ffd9
ffde
ffdd
ffe0
ffe7
ffe7
ffe4
ffd7
ffcc
ffc7
ffbf
ffb6
ffb8
ffd9
0026
00ac
015a
0202
0278
0284
01fa
0112
004f
ffde
ffb9
ffc5
ffdb
ffe2
ffdb
ffd0
ffcd
ffcb
ffc3
ffb9
ffbe
ffd1
ffdc
ffd8
ffd3
ffdc
ffed
fffd
0004
0004
0007
0012
0012
0002
fff8
ffff
0004
fffc
ffef
ffee
fff6
0002
000c
0017
0025
002f
0034
0037
0039
0040
004e
005f
0069
006a
006b
0070
007d
008c
008f
008f
0098
00a5
00aa
00a8
00a8
00ad
00b1
00b5
00ba
00bc
00b5
00ae
00a5
008a
0065
004b
0034
001c
0006
ffe9
ffca
ffb7
ffb3
ffb3
ffb5
ffb4
ffb4
ffb7
ffc0
ffd0
ffda
ffd2
ffbf
ffb7
ffb8
ffb8
ffb8
ffaf
ffa0
ff96
ff93
ff99
ffa5
ffb1
ffb5
ffba
ffcb
ffdf
ffe7
ffe0
ffd3
ffcb
ffcb
ffc1
ffb1
ffa7
ffa3
ffa6
ffac
ffb4
ffbd
ffc4
ffcb
ffda
ffe8
ffe7
ffd7
ffc1
ffb2
ffac
ffab
ffae
ffb4
ffb9
ffc0
ffc8
ffc8
ffc3
ffc4
ffca
ffd4
ffe3
ffed
ffea
ffd9
ffbb
ffa8
ffa4
ffa6
ffa8
ffac
ffb4
ffba
ffbf
ffc8
ffd3
ffd4
ffd3
ffd7
ffe9
fff7
fff1
ffde
ffc6
ffbd
ffc0
ffc5
ffc4
ffc1
ffc1
ffc9
ffd7
ffe0
ffdd
ffd7
ffd7
ffdc
fff1
0004
fffd
ffe7
ffcb
ffb5
ffb3
ffbf
ffcd
ffd7
ffe0
ffeb
fffb
000f
0020
0020
0020
0022
001d
0013
fffa
ffde
ffd0
ffcc
ffcc
ffd0
ffd3
ffd5
ffd9
ffdc
ffe0
ffea
ffee
ffe7
ffde
ffdc
ffdc
ffdc
ffdc
ffd5
ffc3
ffc2
ffee
004c
00d7
017f
0220
028b
027a
01ca
00d7
001d
ffb9
ffa0
ffbd
ffe9
0001
fffc
fff0
fff2
ffef
ffd8
ffc8
ffd0
ffe4
ffe5
ffd2
ffcb
ffd1
ffe0
ffec
fff3
fffe
000d
0019
0019
000c
fffe
fff4
fff1
fff6
fffe
000a
0018
0022
0026
0029
002c
002f
0036
0034
0033
0045
005a
0061
0063
0062
0060
0065
006e
007c
008a
0099
00ab
00ba
00c3
00c9
00cc
00ce
00ca
00c4
00c1
00b4
00a0
0090
0087
007b
006d
0065
005e
0047
0019
ffed
ffd5
ffc5
ffbb
ffb9
ffbc
ffbd
ffba
ffbb
ffc1
ffc3
ffbe
ffb9
ffb9
ffb9
ffb6
ffb5
ffb6
ffb7
ffb6
ffb9
ffbe
ffbc
ffb9
ffbf
ffcb
ffda
ffe1
ffcf
ffb5
ffa3
ff9f
ffa8
ffb4
ffbc
ffc1
ffc4
ffc3
ffc3
ffc4
ffc0
ffbb
ffbd
ffc2
ffce
ffd6
ffd3
ffcd
ffc8
ffc7
ffc4
ffbc
ffbb
ffbd
ffbd
ffbf
ffc8
ffcf
ffcc
ffc3
ffb8
ffb6
ffbf
ffc3
ffbe
ffbb
ffbd
ffc1
ffc7
ffcb
ffd3
ffe3
ffeb
ffe1
ffcb
ffba
ffb2
ffaf
ffb2
ffb6
ffbb
ffc2
ffca
ffd2
ffd7
ffdb
ffe1
ffe1
ffdf
ffda
ffd3
ffd0
ffd2
ffd5
ffd2
ffc6
ffc3
ffcb
ffda
ffe7
ffe4
ffd7
ffd1
ffd3
ffda
ffe2
ffe9
fff0
fff8
0003
0008
0006
0001
fffe
fffb
fffa
fffa
fff3
ffe5
ffdc
ffdf
ffea
ffee
ffe2
ffd5
ffcd
ffca
ffd1
ffd9
ffdf
ffe2
ffe4
ffe7
ffe7
ffdc
ffd0
ffd7
0007
006b
0100
01a7
0234
0277
023a
0181
00b2
001f
ffc9
ffaf
ffbd
ffd0
ffd4
ffd4
ffdb
ffe6
ffe9
ffe3
ffe4
fff3
0005
000c
0003
ffec
ffdc
ffd8
ffda
ffdc
ffe3
fff0
fffe
0008
000f
000f
000c
0008
0005
000a
0015
001f
0022
0024
002b
0035
0039
0034
0030
0035
0042
004d
0053
005a
0066
0071
007d
0088
008b
0090
009d
00a4
00a2
00a2
00ac
00ba
00c5
00c7
00c3
00bd
00b5
00a9
0099
0086
006b
004e
0034
001f
000e
ffff
fff2
ffe8
ffdf
ffd5
ffcf
ffca
ffc6
ffc2
ffc1
ffc3
ffc4
ffc1
ffbc
ffb7
ffb3
ffb3
ffb6
ffba
ffbd
ffbf
ffc0
ffc4
ffcb
ffd5
ffdc
ffde
ffd7
ffc2
ffaf
ffa9
ffac
ffb5
ffbf
ffc3
ffc4
ffc3
ffc4
ffc7
ffcc
ffd2
ffdc
ffe1
ffdf
ffd6
ffcb
ffc6
ffc8
ffcc
ffd3
ffd9
ffd6
ffd1
ffd5
ffd7
ffc9
ffb9
ffb6
ffbc
ffc1
ffc1
ffbf
ffbd
ffbc
ffc1
ffcb
ffd7
ffdc
ffd7
ffd6
ffd8
ffda
ffda
ffd7
ffd7
ffda
ffdb
ffde
ffe2
ffde
ffcc
ffb9
ffb0
ffb1
ffb7
ffbf
ffc6
ffc9
ffcb
ffce
ffd2
ffd7
ffdb
ffdb
ffdd
ffe3
ffe9
ffed
fff2
fff8
0001
0003
fffe
fffb
fffa
fffd
0000
0001
fffe
fff6
fff0
ffef
ffed
ffe7
ffe2
ffdd
ffd9
ffdb
ffe3
ffe8
ffe9
ffe4
ffd7
ffca
ffc4
ffc4
ffc5
ffc6
ffc3
ffbf
ffc5
ffe7
0032
00ab
014a
01eb
0260
0272
01f5
0118
0052
ffdd
ffb2
ffbf
ffe3
fff4
ffe6
ffd2
ffce
ffd2
ffd2
ffce
ffcd
ffd3
ffd8
ffdf
ffe5
ffee
fff8
fffc
fff3
ffe5
ffdf
ffe3
ffe9
ffee
fff5
fffa
ffff
0002
0005
000b
0012
0017
001a
001d
0024
002c
0035
003a
0037
0034
003a
0043
004f
005d
0069
0072
0077
007c
0083
008d
0096
00a1
00ab
00b7
00c2
00cb
00cd
00ca
00c4
00b9
00ac
009f
0092
0083
0075
0061
0041
001c
fffc
ffe4
ffd4
ffcb
ffc6
ffc0
ffbc
ffb9
ffb6
ffb5
ffb8
ffbd
ffbe
ffb9
ffaf
ffa5
ff9e
ffa0
ffa8
ffaf
ffb1
ffb2
ffb5
ffbc
ffc3
ffc8
ffc6
ffbc
ffb1
ffad
ffae
ffb2
ffb8
ffbc
ffbd
ffbc
ffbd
ffc2
ffcc
ffd7
ffe2
ffeb
ffec
ffdd
ffc6
ffb4
ffa9
ffa2
ffa4
ffa9
ffaa
ffac
ffb1
ffb6
ffbb
ffbd
ffbe
ffbf
ffbf
ffc1
ffc5
ffc7
ffc7
ffc7
ffc6
ffc8
ffcc
ffd3
ffe0
ffee
ffee
ffd8
ffb9
ffa2
ff9b
ffa1
ffaa
ffb2
ffba
ffbd
ffc1
ffc6
ffc6
ffc6
ffc5
ffc6
ffcb
ffd2
ffd6
ffd8
ffdc
ffe1
ffe5
ffe5
ffe7
ffed
ffe4
ffcf
ffbb
ffae
ffac
ffb2
ffbc
ffc6
ffcd
ffd0
ffd6
ffe1
ffeb
fff3
fff7
fff6
fffd
0007
0011
0015
0012
0010
000b
0002
fff9
fff1
ffed
ffe4
ffcf
ffbe
ffb9
ffbb
ffbd
ffc4
ffcb
ffd3
ffd7
ffd9
ffdd
ffe0
ffe2
ffe5
ffe6
ffea
fffa
0025
0078
00ff
01a2
0233
0272
0227
0161
0087
fff7
ffb3
ffaa
ffc4
ffdd
ffe3
ffe0
ffe2
ffe8
ffe9
ffe4
ffe3
ffeb
fff3
fff2
ffed
ffeb
ffea
ffe8
ffe6
ffe3
ffdf
ffe3
ffed
fff3
fff3
fffa
0009
0012
0014
0015
0017
001f
0029
0033
003b
003f
0040
003f
003d
0039
0038
0039
003b
0044
0055
0068
0079
0084
008e
0099
00a4
00af
00bd
00ca
00cd
00c9
00c4
00bf
00bc
00bb
00b8
00a9
0090
0078
0067
0058
0046
0033
001f
000b
fffa
ffef
ffe5
ffdb
ffce
ffc2
ffbb
ffbb
ffbb
ffbc
ffbc
ffbb
ffbb
ffbc
ffb9
ffb6
ffb4
ffb5
ffb6
ffb6
ffb4
ffb1
ffb0
ffb2
ffb3
ffb7
ffbd
ffbc
ffbb
ffbb
ffbe
ffc2
ffc5
ffc8
ffcb
ffcc
ffcb
ffc8
ffc6
ffc7
ffc9
ffca
ffce
ffd7
ffdc
ffd8
ffc9
ffbb
ffb6
ffb9
ffc1
ffc8
ffc6
ffc1
ffbc
ffb9
ffb9
ffbc
ffbf
ffc2
ffc4
ffc7
ffc9
ffc8
ffc7
ffc7
ffc7
ffc7
ffc6
ffc9
ffd0
ffdd
ffee
fff4
ffe5
ffca
ffb6
ffaf
ffae
ffb0
ffb3
ffb6
ffbb
ffc0
ffca
ffd3
ffd5
ffd4
ffda
ffe0
ffe2
ffea
fff0
ffe9
ffe2
ffdf
ffdf
ffe2
ffe9
fff2
fffa
fffc
fffc
fffc
fff9
fff1
ffea
ffe7
ffe5
ffe2
ffd9
ffd2
ffd1
ffd3
ffd3
ffd5
ffd6
ffd3
ffd0
ffd0
ffd1
ffd1
ffd1
ffd0
ffcb
ffcc
ffe6
002e
00a2
0136
01cd
0244
0261
01f4
0124
006e
0000
ffc6
ffb8
ffc6
ffd8
ffde
ffde
ffe0
ffe4
ffde
ffd2
ffd3
ffdc
ffe0
ffdc
ffd7
ffd9
ffe5
ffef
fff0
ffeb
fff0
fffc
0000
0000
0000
0005
000f
0014
0014
001a
0020
0016
000a
0007
000f
001f
002e
0036
0038
003c
0044
0049
004c
0054
005c
0065
0076
0087
0092
009a
00a5
00b4
00ba
00ba
00bb
00bb
00ba
00b6
00b1
00aa
00a0
0094
0087
0077
0063
004b
0034
0024
0017
0007
fffa
ffed
ffde
ffd5
ffc6
ffb7
ffaf
ffa9
ffa9
ffae
ffb5
ffbb
ffbe
ffb9
ffb5
ffb6
ffb7
ffc1
ffc8
ffc3
ffb8
ffad
ffa7
ffa7
ffaf
ffbd
ffca
ffcf
ffd4
ffdd
ffe3
ffec
fff8
fff1
ffcc
ffad
ffa4
ffa4
ffa7
ffb1
ffbb
ffbf
ffc0
ffc5
ffcd
ffcc
ffc7
ffce
ffdb
ffe3
ffdf
ffce
ffc4
ffc9
ffd4
ffd8
ffdb
ffe1
ffe0
ffd2
ffbf
ffb4
ffbc
ffc8
ffc6
ffc1
ffbd
ffbd
ffc8
ffd6
ffdd
ffdf
ffe6
ffec
ffe4
ffd4
ffc9
ffce
ffdf
ffe5
ffd9
ffc9
ffc8
ffcb
ffcb
ffd0
ffcd
ffc5
ffcc
ffe2
fff4
fff9
ffff
000d
001f
0029
001c
ffff
ffeb
ffe7
ffe8
ffed
ffec
ffe0
ffd8
ffdf
ffe3
ffde
ffd5
ffcf
ffd7
ffe0
ffe2
ffe2
ffe1
ffd5
ffc7
ffbf
ffb7
ffb2
ffb8
ffd2
0009
0070
00fc
018e
0213
0258
0227
0184
00b8
0023
ffda
ffc5
ffc0
ffbf
ffc2
ffcb
ffdc
ffe8
ffea
ffec
fff2
fff3
ffec
ffe0
ffdc
ffe2
ffed
fff8
fff5
ffe5
ffd8
ffda
ffef
000a
0019
001b
0017
0010
0010
0014
0012
0016
0017
0012
001c
0035
004f
005a
004c
0036
0029
002a
003a
0046
0043
0044
0056
0072
0091
00b9
00e0
0100
0109
00e3
00ad
009c
0097
008d
0093
00a5
00ad
00a6
009e
0098
0086
0073
006e
0073
005e
001a
ffd0
ffa0
ff8d
ff8f
ffab
ffcb
ffdb
ffda
ffd0
ffcd
ffc8
ffb7
ffb0
ffb5
ffbf
ffc8
ffc7
ffba
ffa2
ff97
ffa0
ffb1
ffc6
ffd8
ffdc
ffd8
ffd3
ffcb
ffc3
ffbe
ffb8
ffb3
ffb7
ffc8
ffe0
ffff
0016
000a
ffe9
ffd1
ffc1
ffaa
ff9a
ffa3
ffb5
ffbb
ffba
ffba
ffbb
ffbe
ffc3
ffd0
ffe8
000b
002f
0036
0000
ffc0
ff9d
ff85
ff77
ff77
ff81
ff89
ff90
ffa3
ffbd
ffcd
ffce
ffd0
ffe1
fffa
0009
ffff
fff1
fff7
ffe1
ffad
ff9b
ffa2
ff9b
ff9b
ffa3
ffaa
ffb3
ffc1
ffce
ffd0
ffd2
ffe3
0003
001f
0019
fff6
ffda
ffdb
fff3
0007
0003
000c
003d
006b
005d
0009
ff9b
ff63
ff64
ff81
ffaa
ffcc
ffe3
0002
0018
fff7
ffb1
ff7e
ff73
ff94
ffd2
0004
000a
fff3
ffe9
ffe5
ffcc
ffaf
ffc2
0015
0074
00d6
0145
01b8
0217
021b
0199
00cc
0022
ffc3
ffa8
ffb5
ffc7
ffc9
ffc9
ffd1
ffd8
ffdc
ffe3
fff2
0000
fffd
ffe0
ffc2
ffc2
ffde
0000
0013
0008
ffe4
ffc4
ffbb
ffbd
ffc4
ffcd
ffda
ffe7
fff2
fffc
0004
0008
000b
0011
001c
0027
0035
004e
0073
0098
00ad
009a
0071
004f
002c
001e
0022
0024
0031
0049
0063
0078
0087
0099
00af
00c6
00d7
00df
00ea
00f7
00de
00ac
0084
0064
0053
0049
0029
fffd
ffdd
ffd4
ffdd
ffe9
ffe9
ffdc
ffc7
ffbe
ffc1
ffc1
ffbc
ffbd
ffc2
ffc0
ffbc
ffba
ffc0
ffc6
ffc2
ffb2
ffa5
ffaf
ffb6
ffa7
ff90
ff8b
ff96
ff97
ff96
ffa5
ffb4
ffbb
ffcb
ffe2
ffef
ffeb
ffe1
ffd9
ffcf
ffc4
ffc5
ffcb
ffc7
ffbc
ffae
ffa0
ffa7
ffbb
ffc3
ffbd
ffb7
ffc8
ffe4
ffeb
ffd0
ffae
ffa0
ffad
ffcc
ffe5
fff2
fff8
fff2
ffe5
ffd2
ffb6
ffa0
ff98
ffa3
ffb7
ffc1
ffbd
ffb1
ffb2
ffbf
ffd4
ffec
fffa
ffec
ffcd
ffc0
ffc6
ffd2
ffe6
ffff
0015
0022
0026
0016
ffef
ffd0
ffc7
ffcf
ffe0
ffef
fff8
0006
000f
0010
0015
0009
ffee
ffd6
ffb2
ff8b
ff7f
ff8d
ffa3
ffba
ffcb
ffc9
ffbd
ffca
fff4
0034
0099
0133
01e1
0260
0276
01fb
011e
005f
ffed
ffb2
ffa3
ffb4
ffce
ffdd
ffe4
fff1
0001
000a
000b
0006
fffd
fff0
ffdb
ffc6
ffc2
ffc9
ffc7
ffc4
ffcb
ffd7
ffe5
fff3
fffc
0004
000d
0018
0025
002f
002d
001c
0015
001d
001f
001d
0023
0023
0020
0021
0024
002f
003b
0043
004e
0063
007f
0096
00a3
00a4
009e
00a0
00ab
00a7
00a0
00a0
00a3
00aa
00af
00b1
00b1
00a7
009d
009a
009a
0093
0078
003b
fff9
ffd7
ffc8
ffbb
ffb8
ffb5
ffab
ffa5
ffa9
ffb0
ffb5
ffb8
ffb9
ffbd
ffc1
ffc1
ffbc
ffbf
ffd3
ffe8
ffe9
ffd2
ffb1
ff9f
ffa9
ffa3
ff8c
ff85
ff8f
ff9c
ffa8
ffb3
ffb9
ffba
ffbb
ffc1
ffc8
ffc9
ffc7
ffca
ffd6
ffe9
fff3
ffe7
ffcd
ffb5
ffa7
ffa1
ffa4
ffaf
ffb9
ffbe
ffc0
ffc2
ffc5
ffc7
ffc6
ffc5
ffc4
ffc7
ffc8
ffc7
ffc5
ffc4
ffc2
ffc0
ffbf
ffc2
ffc8
ffcf
ffd1
ffcd
ffc6
ffc2
ffc2
ffc4
ffc4
ffc7
ffca
ffcd
ffce
ffcc
ffc9
ffc7
ffc9
ffcc
ffcc
ffcb
ffcc
ffce
ffce
ffcc
ffd2
ffdd
ffe3
ffe3
ffe3
ffe3
ffe6
ffee
fff9
0000
0000
fffb
fff8
fff5
ffef
ffe8
ffe5
ffe2
ffdb
ffd5
ffcf
ffca
ffc7
ffc2
ffc0
ffc5
ffcd
ffcf
ffce
ffcd
ffce
ffd1
ffd1
ffd0
ffc9
ffc9
ffe5
002e
00a7
0144
01e9
0266
027f
0211
0156
00b8
0048
ffe5
ffa2
ff8c
ff8b
ff8d
ff9c
ffb2
ffbe
ffbb
ffbb
ffc9
ffdc
ffe3
ffde
ffdf
ffee
0009
0026
002c
0005
ffd4
ffba
ffaf
ffb1
ffc2
ffd3
ffd7
ffd6
ffdc
ffea
fff9
0000
0003
0009
0014
001c
001d
001d
0025
0033
003e
0043
0045
004a
0055
0060
006b
0075
007d
0084
008b
0094
00a0
00ac
00b5
00ba
00ba
00ba
00bb
00b3
00a3
0093
0082
0071
005c
0047
0031
0020
0010
ffff
ffee
ffdf
ffd0
ffc6
ffc4
ffc9
ffcf
ffd2
ffce
ffc8
ffb9
ffab
ffa8
ffab
ffab
ffaf
ffb4
ffb3
ffac
ffa7
ffa7
ffab
ffb5
ffc0
ffc4
ffc2
ffbc
ffb7
ffb5
ffb8
ffbd
ffc3
ffce
ffe0
ffea
ffde
ffca
ffc1
ffbe
ffc0
ffcd
ffd9
ffe4
ffee
ffe6
ffc8
ffa7
ff96
ff97
ffa1
ffb0
ffba
ffb9
ffb9
ffbf
ffc7
ffcc
ffcd
ffce
ffcf
ffd8
ffe2
ffe2
ffde
ffe2
ffe1
ffd6
ffcd
ffca
ffc9
ffc4
ffb9
ffb1
ffb5
ffbe
ffc5
ffd1
ffe1
ffe8
ffe7
ffe6
ffe8
ffe2
ffd1
ffc1
ffbb
ffc1
ffd2
ffe3
ffef
fff5
fff4
fff6
fffc
0001
0000
fffe
ffff
0000
ffff
fffe
fffc
fff6
ffef
ffe8
ffe4
ffe1
ffe2
ffec
fffb
0002
fffe
fffb
fff5
ffe8
ffe5
ffdd
ffb9
ff99
ff97
ffc2
0022
00b4
0160
01fd
0260
0256
01c5
00f1
0041
ffdb
ffbc
ffc8
ffd8
ffd6
ffcf
ffcf
ffda
ffe1
ffdf
ffda
ffdc
ffe5
ffea
ffe7
ffe6
ffef
fffb
ffff
fffd
fffd
0000
ffff
fffc
fff6
fff2
fff6
0000
0008
000e
001b
002c
003c
0050
0061
005b
004d
003d
002e
0024
001e
0022
0031
0048
005b
006b
0079
0082
0088
008e
0099
00aa
00ba
00d5
00f3
00f4
00dd
00c9
00c0
00b3
009b
0087
007f
006b
0051
0040
002f
0017
fffd
ffef
ffef
fff1
fff0
fff5
0003
0000
ffe5
ffc6
ffac
ff99
ff94
ff99
ffa5
ffb7
ffc4
ffc0
ffbc
ffbf
ffc9
ffc9
ffb6
ffa1
ff91
ff8c
ff95
ffa6
ffb5
ffbf
ffc6
ffd0
ffdd
ffed
fff9
fff3
ffe4
ffd3
ffc6
ffb2
ff9f
ff9d
ffa4
ffaa
ffb2
ffbd
ffc5
ffc9
ffcb
ffd2
ffdf
ffe8
ffde
ffc2
ffae
ffa2
ff9d
ffa2
ffa6
ffa8
ffad
ffba
ffca
ffd9
ffd9
ffc7
ffbe
ffc4
ffd1
ffdd
ffff
0028
0025
ffeb
ff9f
ff73
ff6d
ff7e
ff97
ffac
ffbb
ffc3
ffd7
fff2
0008
0021
002e
0007
ffbf
ffa2
ffad
ffb5
ffb8
ffba
ffb9
ffb2
ffb7
ffd7
fff3
fff7
ffef
fff2
0000
0009
000a
000f
0019
0025
0016
ffef
ffd6
ffc7
ffc3
ffd1
ffd8
ffda
ffe7
0001
0011
0008
fff9
ffe8
ffd2
ffc0
ffc3
ffc2
ffbc
ffc7
ffd3
ffd4
ffe4
0018
005b
0099
00f7
0188
0228
027c
0232
0165
008b
0004
ffce
ffce
ffd7
ffd1
ffcf
ffd5
ffe3
ffef
fff0
ffea
ffde
ffdd
ffe7
fff4
fff2
ffe8
ffe9
ffec
fff3
0002
001c
002e
0012
ffdf
ffc1
ffc0
ffd7
ffed
fff7
0002
0013
0026
0033
0045
006d
009d
0095
0055
002b
002b
0029
001e
001f
001e
0023
0046
0085
00c1
00dd
00e3
00cf
00a6
008d
0081
007d
0086
0093
009d
00a7
00b8
00d5
00ee
00e6
00ce
00b0
0074
0046
0028
0002
ffe7
ffde
ffda
ffc6
ffa9
ffa1
ffa2
ffa7
ffb4
ffc5
ffef
000e
ffe5
ffa3
ff8c
ffa1
ffbb
ffc0
ffa5
ff83
ff77
ff87
ffa9
ffc7
ffcc
ffc5
ffd4
fff6
000d
0005
ffe0
ffb6
ff9a
ff9b
ffa6
ff9f
ffa1
ffb7
ffd0
ffdc
ffe0
ffe7
fffa
0014
0005
ffd8
ffcb
ffcf
ffbd
ffb8
ffc4
ffc6
ffb2
ff82
ff6c
ff77
ff85
ff98
ffb9
ffd5
ffdb
ffdb
ffef
0006
0003
fff3
ffe9
ffdc
ffd0
ffee
001a
0004
ffb5
ff6c
ff4c
ff55
ff72
ff93
ffaf
ffc1
ffd1
ffee
0015
0034
0031
0011
fff5
fffc
000f
000b
0006
0023
0015
ffc8
ff9f
ffa6
ffb4
ffb4
ffad
ffb2
ffbf
ffd9
fff6
fff6
ffdc
ffcf
ffe1
000c
0022
000c
fff4
ffd7
ffb1
ffa9
ffbd
ffca
ffd4
0015
0091
0123
01ac
0217
0232
01cc
010f
0067
0003
ffe6
fff5
fff1
ffde
ffdf
ffef
fff1
ffdf
ffc2
ffae
ffac
ffc8
fff6
fffc
ffe7
ffe2
ffdc
ffc8
ffc0
ffcd
ffec
0010
0026
0021
0007
fff7
000b
0036
003d
0010
ffed
fff9
0019
002c
0023
0025
003c
0042
0045
0046
0044
0052
0054
0031
0024
0039
0045
0059
0074
007c
007c
0080
0092
00a9
00b1
00ac
00b2
00d3
0107
0122
00f9
0096
0045
0027
0023
002f
004d
0065
0063
004d
0028
fffd
ffde
ffb9
ff8f
ff82
ff8d
ff9b
ffb4
ffe3
fff6
ffcc
ffa0
ff90
ff8e
ff8d
ff91
ffa0
ffa7
ffb2
ffdb
0018
0031
0012
ffe1
ffb3
ff96
ff93
ff9d
ffaf
ffca
ffd9
ffd4
ffc6
ffb6
ffa8
ffa6
ffad
ffac
ff9c
ff95
ff9c
ffa1
ffae
ffcb
ffeb
0001
000d
0005
ffda
ffb6
ffbe
ffe5
0000
ffe7
ffa9
ff7c
ff7f
ffa3
ffc3
ffc7
ffbb
ffb6
ffd0
fff6
0009
fffd
ffcc
ffb6
ffcf
ffd4
ffab
ff83
ff83
ff92
ff97
ff9f
ffae
ffbd
ffcb
ffe1
000c
0043
0059
002e
ffe0
ffa1
ff86
ff86
ff94
ffb9
ffe2
ffef
ffe9
ffec
fffa
fff3
ffe2
ffe1
ffef
0006
001e
0032
002e
0018
fffb
ffc6
ff8f
ff7e
ff9c
ffc2
ffd8
ffe0
ffe3
ffe9
0003
0016
ffe2
ff94
ff71
ff76
ff91
ffc1
fff2
002f
009a
0137
01e9
0263
0254
01c6
00fd
0055
fff1
ffb3
ffa1
ffae
ffc5
ffd9
ffdc
ffd9
ffe5
fff0
ffde
ffca
ffc7
ffbc
ffa8
ff9b
ffa1
ffb8
ffcf
ffe3
fffe
001c
0027
0011
ffe2
ffc0
ffc0
ffdd
ffff
0028
0057
0061
0041
0024
000a
ffe2
ffd0
ffe4
fff9
0009
001f
0036
0054
0072
007f
007f
007c
0072
005e
005a
0062
0061
006f
008b
0095
00a0
00cb
00f8
00e7
00a7
0087
009b
00bf
00b4
0081
0055
0023
fffc
fff4
0003
0016
0021
0017
fffe
ffe9
ffc8
ff8d
ff6b
ff7d
ff9b
ffb0
ffb9
ffb9
ffc0
ffc3
ffbf
ffce
ffec
fffd
fff2
ffca
ffb3
ffb4
ffa5
ff79
ff5d
ff6a
ff86
ffa2
ffb2
ffb5
ffb8
ffbe
ffc6
ffd6
fff7
0026
0037
0007
ffc8
ffa4
ff8e
ff8a
ff95
ff9f
ffac
ffbf
ffd7
ffe3
ffd7
ffc3
ffb8
ffc6
ffe3
0005
0021
002f
001d
ffe4
ff96
ff4c
ff36
ff4d
ff79
ff9b
ffa8
ffb0
ffbe
ffd1
ffdb
ffd7
ffd5
ffe2
0001
0026
002e
000c
ffd7
ffab
ff9f
ffc0
ffe5
ffda
ffc6
ffc2
ffbe
ffc1
ffd6
ffec
fff9
0004
000f
000e
fffc
ffe5
ffe0
fffb
0022
0027
fffa
ffbf
ffa0
ffa1
ffa9
ffb0
ffb2
ffb1
ffba
ffc8
ffd6
ffe9
0000
000c
000b
0014
0012
0020
0062
00c9
014f
01d4
0212
01c9
011b
0076
000b
ffd5
ffd9
0001
002f
003a
0007
ffc2
ffa3
ffa6
ffa5
ff9e
ffa6
ffba
ffc5
ffca
ffde
fffa
0006
0007
001f
0047
0052
0027
ffdd
ffb9
ffc4
ffe5
0002
0009
0025
004d
0036
fff6
ffdc
ffe2
ffed
ffff
001c
0028
0022
002e
004e
006c
0075
0080
00a7
00d3
00cc
0099
0073
005c
005e
0083
009e
008f
0076
0074
0083
0091
009c
00a8
00b8
00bf
00b1
0095
007d
0055
001c
fff4
ffd4
ffc1
ffb7
ffad
ffa9
ffac
ffb4
ffbd
ffca
ffd6
ffd1
ffd1
ffdc
ffdb
ffdc
ffe0
ffe4
ffdb
ffb4
ff96
ff8e
ff8d
ff91
ffa3
ffb8
ffc5
ffce
ffd0
ffc5
ffb9
ffbc
ffd9
000c
002f
0006
ffbf
ffa8
ffa8
ff9c
ffa0
ffb3
ffb4
ffaa
ffb8
ffc9
ffdd
000e
003c
0023
ffcf
ff8d
ff72
ff6f
ff81
ffa6
ffbc
ffbe
ffc3
ffd2
ffdf
ffe1
ffec
fffe
fffe
ffe4
ffcb
ffc2
ffb8
ffa5
ff96
ff91
ff9d
ffc0
fff1
001a
0013
fff0
ffca
ffa0
ff91
ffa7
ffc3
ffd1
ffdb
ffe5
ffe1
ffd0
ffd9
fffd
000a
fffb
ffef
ffe5
ffd7
ffd0
ffd6
ffe2
fff7
ffff
fff6
fff7
0002
000b
000e
000f
fffa
ffd8
ffb8
ff9b
ffa5
ffbe
ffcb
ffdc
ffe1
ffd0
ffc8
ffd7
ffe6
ffd6
ffb6
ffb1
ffd5
000e
0068
00f7
01a0
0231
0270
0228
0173
00a8
001a
ffd2
ffbe
ffd5
ffe0
ffd0
ffc3
ffc1
ffcd
ffd7
ffd4
ffc8
ffcd
fff6
0013
0008
ffea
ffcb
ffbd
ffbb
ffc6
ffde
fffd
0010
0004
fff0
fff4
000b
001a
001c
000e
fffb
0009
0024
0023
001d
0019
0013
001b
002e
003e
0045
003d
003c
0055
0069
007a
0098
00ab
00a9
0095
0081
0070
006b
007e
00a4
00c2
00c3
00cd
00ec
00f5
00d2
00a6
0093
0075
003b
0013
0016
0027
0036
0024
ffec
ffc4
ffb9
ffba
ffbf
ffc3
ffbe
ffb5
ffb7
ffc4
ffca
ffc2
ffb8
ffc3
fff4
0029
0015
ffd7
ffe3
000e
ffdd
ff91
ff77
ff79
ffaf
000d
0031
fff1
ff83
ff46
ff54
ff87
ffa9
ffb3
ffb7
ffbc
ffce
ffe7
fff6
0005
001b
002b
0027
ffe6
ff76
ff48
ff71
ff98
ffa7
ffaf
ffb7
ffca
ffdb
ffd6
ffce
ffc8
ffd3
fffc
0019
ffe6
ff9a
ff85
ff99
ffb5
ffca
ffcf
ffc5
ffc6
ffdc
ffe9
ffdc
ffbf
ffad
ffb7
ffcc
ffda
ffdd
ffe5
0001
000d
fffb
ffe4
ffcc
ffa7
ff81
ff7b
ff89
ffa2
ffc2
ffe2
0001
0006
ffe9
ffdc
fff5
000e
000d
0001
ffee
ffe6
ffef
fff4
fffb
000d
0016
0018
0016
ffe8
ffad
ffa0
ffb6
ffdb
fffb
fff9
ffdb
ffca
ffd4
fff3
000c
fff7
ffd7
ffc2
ffb4
ffb2
ffa5
ff9f
ffb8
fff2
0049
00a9
0123
01be
023f
0266
0200
0136
007d
0003
ffd9
ffdf
ffed
ffde
ffb9
ffae
ffb7
ffd8
fff8
0000
0000
fff6
fff0
ffde
ffb2
ff9e
ffac
ffbd
ffcb
ffea
0013
002c
0030
001c
0003
0016
0028
000c
ffec
ffdb
ffd0
ffdf
0001
0020
002f
002b
0028
003e
0064
006c
0057
0042
0032
0034
0044
0057
0063
0070
0080
008e
0099
00a7
00ca
00e9
00e2
00ca
00bb
00b5
00a0
0082
0080
0092
009e
009b
0078
004b
0026
0013
0014
0013
0004
fff6
ffef
ffea
ffed
ffe9
ffd4
ffb5
ff99
ff93
ff9a
ffa7
ffac
ffae
ffb0
ffb0
ffb2
ffbc
ffcd
ffe0
ffef
fffc
fffb
ffe7
ffce
ffa7
ff8f
ffa5
ffb7
ffa5
ff96
ffa0
ffb1
ffb5
ffb7
ffbb
ffbe
ffc9
ffe1
fff9
0002
fffc
ffed
ffe4
ffec
ffdd
ffb3
ff9a
ff96
ff93
ff9a
ffb0
ffbe
ffbc
ffb0
ffab
ffb5
ffc5
ffd1
ffd9
ffe6
fffe
001f
0029
0007
ffca
ff93
ff7f
ff84
ff9e
ffbf
ffd4
ffd6
ffce
ffc7
ffc1
ffbd
ffbb
ffc5
ffe3
0003
000a
ffed
ffca
ffbf
ffc0
ffc6
ffce
ffe1
0005
0036
0048
001d
ffe2
ffc5
ffbf
ffc2
ffd2
ffe2
ffe2
ffd7
ffd1
ffd4
ffdc
ffde
ffe4
fff9
0015
001b
0006
ffe7
ffdd
ffe6
ffd3
ffa4
ff81
ff7f
ff9e
ffe1
004e
00e0
0181
0212
0267
0250
01b3
00d1
001a
ffb1
ff91
ffae
ffd4
ffd3
ffc7
ffc5
ffc7
ffce
ffd6
ffe6
0001
0015
0018
003a
005c
001c
ffaf
ff7d
ff82
ff9a
ffbd
ffe0
fff0
ffe9
ffe5
fff6
000f
001d
002a
0049
0090
00e6
00d7
003f
ffa3
ff78
ff95
ffc6
ffff
002b
0037
0034
003e
0058
006c
006e
006d
007e
00a6
00dd
0122
0157
012f
00b6
0060
0047
0046
0057
007b
008a
0078
0069
006f
0076
0065
004a
004b
006d
0069
0018
ffc4
ffb4
ffc9
ffd3
ffd1
ffce
ffcc
ffb5
ff91
ff89
ff92
ff9e
ffaf
ffc0
ffc5
ffc4
ffc7
ffc9
ffc2
ffbd
ffc9
fff1
001d
000d
ffea
ffe9
ffcc
ff95
ff83
ff88
ff8f
ff9b
ffad
ffbf
ffc4
ffbe
ffbe
ffcb
ffdc
ffe4
ffe5
ffe2
ffdd
ffeb
0012
001e
fff7
ffcc
ffb8
ffb4
ffac
ff9e
ff9a
ff9a
ff95
ff9f
ffb9
ffcb
ffc9
ffbf
ffc7
ffe3
ffff
ffff
ffdf
ffbe
ffb4
ffbb
ffcf
fff4
0008
0004
fff1
ffd7
ffd6
ffeb
ffe0
ffb1
ff8c
ff86
ff97
ffb1
ffc4
ffca
ffce
ffd5
ffdc
ffe0
ffe2
ffea
fffb
000b
001b
002a
002a
0035
0076
00a0
0070
001a
ffb8
ff70
ff63
ff7e
ffa6
ffc1
ffc5
ffc2
ffc8
ffd4
ffdc
ffd9
ffd3
ffd7
ffe5
fffe
002d
0082
00cb
00a7
001b
ff88
ff3a
ff3b
ff78
ffd7
004e
00e8
0197
022f
0267
0201
0123
0056
ffe3
ffb9
ffb9
ffc8
ffd8
ffe4
ffea
ffee
fff6
0004
001d
004d
008f
009b
0028
ffa1
ff6e
ff6e
ff84
ff9e
ffaf
ffb6
ffba
ffcf
fff2
000e
001a
0036
0061
0082
0095
0079
0026
ffdc
ffd2
ffdd
ffd5
ffd1
ffde
fff4
0008
001b
0032
004d
0065
007b
009e
00b3
00af
00b6
00c6
00d3
00cc
00a7
007d
0073
0088
0092
0088
007f
007b
0088
00bb
0114
014c
00f1
0068
0063
0089
0017
ff62
ff26
ff3f
ff5d
ff87
ffbd
ffcd
ffb1
ff9b
ffaa
ffc5
ffc3
ffb3
ffb1
ffc8
ffe3
ffe5
ffdf
000d
006a
005f
ffc0
ff24
feed
ff0c
ff50
ff8e
ffac
ffad
ffab
ffbb
ffd4
ffde
ffd7
ffd6
ffdb
ffcd
ffb5
ffa5
ffb0
ffd9
0018
005c
0052
ffd1
ff64
ff53
ff60
ff6e
ff8b
ffa6
ffa6
ff9b
ffa5
ffc2
ffd8
ffde
ffe8
fff4
fff1
ffec
fff4
0015
0035
0009
ffa9
ff68
ff5f
ff7f
ffa6
ffba
ffb8
ffbd
ffef
001c
fff9
ffb6
ff84
ff75
ff90
ffb7
ffd6
fffe
0037
004e
0009
ffaa
ff82
ffa2
fff6
001c
ffe9
ffae
ff9b
ffad
ffcb
ffdf
ffdc
ffcc
ffca
ffe0
fffc
0015
003b
0054
002e
fff0
ffdb
ffcd
ffaf
ffa1
ff96
ff86
ff83
ff96
ffb5
ffc6
ffc3
ffbf
ffc7
ffd0
ffcc
ffc8
ffe7
003e
00ca
0168
01f5
0251
0244
01ac
00d3
002b
ffce
ffb1
ffbb
ffce
ffd1
ffd0
ffd7
ffdd
ffda
ffd2
ffd1
ffdb
ffe6
ffe8
ffe2
ffe0
ffeb
fffc
0022
0064
0081
0032
ffc5
ff92
ff8c
ffa3
ffce
fff2
fffb
fff6
fffd
0011
001b
0016
0010
001b
0032
0043
0041
0038
0039
0043
004a
004c
0051
0061
0071
0077
0077
007e
008d
009b
00a2
00a5
00ab
00b2
00b8
00b9
00b6
00b5
00b2
00a6
0092
007d
006c
005c
0050
004c
0054
004f
0027
ffea
ffb9
ffa5
ffa4
ffac
ffb4
ffb4
ffaf
ffaf
ffb5
ffb9
ffb7
ffb4
ffb5
ffb9
ffbb
ffbc
ffbe
ffc4
ffd1
ffe9
001f
0063
0074
001e
ffa7
ff5e
ff42
ff50
ff77
ff98
ff9f
ff9c
ffa5
ffb9
ffc3
ffbd
ffb5
ffb8
ffc2
ffc6
ffbd
ffb6
ffbe
ffc9
ffc6
ffba
ffb7
ffc4
ffd0
ffcd
ffc5
ffc5
ffc8
ffca
ffc8
ffc4
ffc4
ffc7
ffc4
ffba
ffba
ffc6
ffd0
ffd2
ffcc
ffc8
ffca
ffc9
ffc8
ffc9
ffcb
ffcf
ffd5
ffdb
ffdd
ffd9
ffd9
ffe7
0002
0011
0002
ffe2
ffc6
ffa6
ff93
ff9c
ffb2
ffc6
ffd1
ffd6
ffde
ffea
fffa
000a
0020
0032
0016
ffdf
ffc0
ffc3
ffd1
ffd5
ffcc
ffc0
ffb6
ffb6
ffc1
ffca
ffca
ffc7
ffc7
ffca
ffca
ffc4
ffbb
ffb6
ffb7
ffb3
ffb2
ffc8
0003
006a
00fd
019f
0228
026d
0239
0187
00b4
0021
ffdf
ffd2
ffda
ffe3
ffe7
ffe9
ffea
ffd7
ffb8
ffa0
ff98
ffa6
ffc3
ffdc
ffe0
ffd9
ffe2
ffee
ffe8
ffda
ffdc
ffe5
ffed
0008
002c
0045
0041
001b
fff4
ffef
000a
0018
000e
fff5
ffdf
ffd4
ffde
fff8
0012
001f
002f
0054
0080
008d
007c
006b
0066
0071
007c
007e
0084
0099
00bc
00d1
00c5
00b3
00ae
00b5
00cc
00e3
00e4
00d2
00a7
0066
0038
002a
001d
000a
fff2
ffdf
ffdd
ffde
ffe6
0004
0014
000d
fff8
ffd7
ffbe
ffbf
ffcd
ffc9
ffb8
ffa3
ff90
ff8b
ffa1
ffc9
ffcc
ff97
ff63
ff58
ff72
ff93
ffa9
ffc2
ffdb
ffdf
ffca
ffb7
ffb0
ffb7
ffe5
004e
00b1
0099
0018
ff92
ff3d
ff32
ff52
ff64
ff6b
ff78
ff88
ff9a
ffb1
ffc4
ffc8
ffc6
ffcc
ffd3
ffd5
ffe1
0012
007a
00eb
00fb
006a
ff8e
fef6
fec5
feda
ff23
ff73
ff98
ff9f
ffac
ffc2
ffd0
ffd1
ffd8
0003
0052
008c
0077
0007
ff8d
ff53
ff3e
ff42
ff64
ff8c
ffa5
ffb4
ffcc
ffe8
fff8
fff1
ffe2
ffed
0009
002c
006d
0089
004c
fff6
ffb3
ff91
ff8d
ff9e
ffb0
ffb2
ffad
ffb3
ffc5
ffd5
ffd6
ffd1
ffd0
ffd8
ffe8
fff9
000a
0009
fff1
ffdb
ffcd
ffd4
fff5
0011
0005
0001
0054
00fe
01bd
024d
0262
01d4
00f1
003e
ffe0
ffc2
ffd1
fff1
0001
fff0
ffe3
fff8
0017
0010
ffdf
ffb7
ffa8
ffa5
ffa4
ffa9
ffb6
ffbf
ffc2
ffca
ffd7
ffdf
ffe3
ffeb
fffa
000b
0019
0034
0054
005b
0042
0014
fff1
ffec
fff3
fffc
0006
0016
0029
0032
002f
002e
0038
0043
004f
005f
0072
0082
0094
00ae
00bc
00b9
00b5
00bb
00ce
00dc
00d1
00b5
009d
0097
009c
009a
008f
007e
0067
004f
003d
002d
001d
000f
0002
fff5
ffe4
ffd5
ffcd
ffd0
ffdc
ffde
ffd4
ffc7
ffb9
ffb5
ffb9
ffbd
ffb8
ffaf
ffa7
ffa0
ff9d
ff9b
ff9b
ffa1
ffaf
ffc0
ffce
ffd4
ffd5
ffd0
ffc2
ffb8
ffb8
ffc0
ffc4
ffbc
ffb3
ffad
ffae
ffb6
ffc0
ffc1
ffbc
ffba
ffbb
ffbf
ffc3
ffc8
ffd0
ffd7
ffdd
ffe6
fff3
fff0
ffd7
ffbf
ffb1
ffa8
ff9f
ff99
ff9b
ffa2
ffa9
ffb1
ffbb
ffc8
ffda
fff3
fffe
ffec
ffd2
ffc8
ffd4
ffe4
ffec
ffe4
ffc6
ffa2
ff8d
ff8c
ff97
ffa3
ffb0
ffbe
ffcf
ffda
ffe0
ffed
0003
0014
0011
0004
fffd
0000
0001
fff8
ffe4
ffce
ffbf
ffb9
ffb8
ffb8
ffb7
ffba
ffc3
ffca
ffd1
ffd8
ffdf
ffeb
fffc
000a
000e
0001
ffef
ffe4
ffdf
fff7
004a
00da
0182
020c
023d
01e2
0119
0059
ffe4
ffb2
ffb0
ffc4
ffd5
ffd8
ffd7
ffdc
ffe2
ffe0
ffd9
ffd9
ffe2
ffec
ffea
ffdf
ffd6
ffd2
ffd3
ffd6
ffde
ffef
ffff
0001
fff6
ffeb
ffea
fff2
fffc
ffff
ffff
0005
000e
0018
0022
002d
003b
0046
004b
0047
003b
002e
0028
002b
0036
004a
0060
0072
0080
008c
0096
009f
00a5
00ab
00b3
00c0
00ce
00d7
00d9
00da
00d1
00b9
0096
0073
0059
0047
0039
002d
0020
0010
0000
fff5
fff0
ffea
ffe4
ffe3
ffe5
ffe5
ffe2
ffe7
ffef
ffe9
ffd5
ffc9
ffc3
ffba
ffb7
ffb7
ffb9
ffc1
ffcb
ffd3
ffd8
ffd8
ffd2
ffd1
ffda
ffe3
ffeb
fff6
fff8
ffef
ffe6
ffe4
ffe5
ffe4
ffe0
ffdc
ffd8
ffd8
ffdb
ffdb
ffd9
ffd8
ffda
ffde
ffe3
ffe7
ffe9
ffe8
ffe5
ffe1
ffdd
ffdd
ffe5
ffe7
ffda
ffcc
ffc8
ffcb
ffd2
ffd7
ffd7
ffd3
ffcf
ffd4
ffdd
ffe1
ffdf
ffe1
ffe6
ffeb
fff0
fff5
fff5
ffec
ffe2
ffd2
ffc3
ffbf
ffc6
ffd5
ffe4
fff1
fffa
0002
000c
0013
0016
0015
0013
0013
0014
0014
0015
0013
0008
fffc
fff3
ffed
ffe7
ffe0
ffdc
ffde
ffe5
fff0
fff9
fff9
fff3
ffee
ffef
ffef
ffef
fff8
0018
005d
00cd
0161
01fc
0276
0296
0229
0156
008e
000c
ffce
ffc8
ffdf
fff7
0001
0007
000e
0010
0009
fffd
fff6
fff9
0000
0003
0005
000f
0016
000f
0003
0002
000b
0015
001c
001c
001f
0027
0033
0044
0052
0056
004e
0039
001e
0009
0005
0012
0028
003c
0046
004e
005d
0072
0085
008f
0096
0097
008f
008b
0093
00a2
00ac
00b3
00ba
00bd
00be
00c2
00cc
00ce
00c7
00b9
00a8
0098
008b
007e
0071
0064
005a
0053
0041
001f
ffff
ffe5
ffd3
ffca
ffc9
ffc4
ffb4
ffa1
ff9f
ffb6
ffdb
fff3
ffe2
ffb6
ff92
ff88
ff94
ffaa
ffb9
ffb7
ffae
ffa5
ffa3
ffa9
ffb1
ffb5
ffb9
ffc4
ffd0
ffd0
ffc9
ffc5
ffc8
ffcc
ffd0
ffcf
ffc8
ffc5
ffc4
ffc1
ffbb
ffb6
ffbf
ffc7
ffca
ffc8
ffbf
ffb3
ffab
ffac
ffb4
ffbc
ffc5
ffc4
ffb7
ffaf
ffb4
ffb8
ffb8
ffb6
ffae
ffa3
ff9f
ffa2
ffa9
ffb3
ffbf
ffc2
ffc4
ffc4
ffba
ffae
ffae
ffb8
ffbf
ffc0
ffbe
ffbf
ffc6
ffc9
ffc5
ffc3
ffc2
ffc7
ffd2
ffd7
ffd8
ffde
ffed
fffd
0001
fff3
ffe2
ffd7
ffd2
ffcf
ffcd
ffcb
ffc3
ffb7
ffb0
ffb8
ffc8
ffd2
ffd5
ffd2
ffcc
ffc4
ffb6
ffac
ffaf
ffb9
ffb7
ffae
ffb2
ffd3
001a
0091
0131
01d3
0242
023c
01ae
00dc
0031
ffc7
ff97
ff98
ffab
ffb3
ffb5
ffc2
ffd4
ffdc
ffd2
ffc3
ffba
ffbb
ffbf
ffc1
ffc6
ffce
ffd3
ffcd
ffc4
ffc0
ffc7
ffd3
ffdf
ffeb
fff6
0001
0007
0002
fff6
ffed
ffee
fff4
fffb
fffe
0000
0006
000b
0009
0007
0010
001e
002b
0037
0046
0057
0068
0076
0084
0090
0094
008f
0093
00a2
00ac
00b5
00c0
00bb
00a8
0090
0081
0073
0063
0053
0041
002f
001f
0011
0004
fff6
ffe5
ffd5
ffcb
ffc5
ffbf
ffb6
ffae
ffad
ffb1
ffb4
ffb5
ffb3
ffb4
ffbc
ffc4
ffc1
ffb1
ffa1
ff99
ff92
ff88
ff83
ff86
ff8b
ff92
ff9b
ffa2
ffa5
ffa6
ffa9
ffab
ffb1
ffb9
ffc1
ffc9
ffd2
ffd8
ffd0
ffc4
ffbd
ffb6
ffae
ffa9
ffa7
ffa2
ff9d
ff9d
ffa1
ffa4
ffa6
ffaa
ffaf
ffb0
ffaf
ffb0
ffb3
ffb6
ffb7
ffb7
ffb9
ffc1
ffc8
ffca
ffc5
ffbf
ffc0
ffc2
ffbb
ffae
ffa6
ffa5
ffa7
ffae
ffb5
ffb7
ffb8
ffbc
ffc2
ffca
ffd1
ffd2
ffcf
ffcd
ffd0
ffdc
ffe9
fff2
fff7
fff2
ffe9
ffe5
ffe4
ffe5
ffe9
ffe2
ffce
ffba
ffaf
ffaf
ffb2
ffb4
ffb9
ffbb
ffba
ffb7
ffb9
ffc4
ffcb
ffce
ffcf
ffcd
ffd0
ffe8
0024
008c
011c
01b7
0230
0249
01da
0109
0046
ffcf
ffa0
ffa4
ffbd
ffcc
ffcd
ffcc
ffd3
ffdc
ffd9
ffd4
ffdd
ffee
ffed
ffd7
ffc1
ffbf
ffcb
ffd6
ffd7
ffd2
ffd6
ffe3
ffef
ffef
ffe9
ffe9
fff1
fff8
0000
0009
000c
000e
0011
0017
0020
0027
002e
0037
003d
003f
0042
0049
004f
005a
0068
006d
006a
006c
0076
0087
009b
00ad
00b7
00b6
00b0
00b0
00b6
00b1
00a8
00a3
009c
0091
0084
0074
0060
004a
0036
0025
0013
ffff
ffec
ffdd
ffd2
ffcb
ffc7
ffc0
ffbc
ffc0
ffc7
ffc5
ffbc
ffb3
ffae
ffb0
ffb3
ffb4
ffb3
ffb1
ffb0
ffb5
ffbc
ffc0
ffc4
ffc7
ffc7
ffc7
ffca
ffcc
ffc9
ffc1
ffbb
ffbf
ffc8
ffcc
ffc6
ffc2
ffc3
ffc8
ffcd
ffcf
ffcc
ffc4
ffc1
ffc2
ffc5
ffca
ffcc
ffc7
ffc6
ffc7
ffc7
ffca
ffd1
ffda
ffe5
ffe3
ffd1
ffbb
ffad
ffac
ffb3
ffc2
ffcd
ffcf
ffcb
ffc7
ffc7
ffca
ffcc
ffd2
ffdf
ffed
ffef
ffe5
ffda
ffd9
ffe4
fff4
0001
0007
0003
ffff
fff9
fffa
fffc
fff5
ffe9
ffe2
ffdf
ffdf
ffdc
ffd4
ffcd
ffca
ffcb
ffd2
ffd9
ffd9
ffd2
ffcb
ffc7
ffc5
ffc6
ffc4
ffc0
ffc8
ffeb
0036
00b0
0151
01f0
025a
025a
01d1
00fc
004b
ffdf
ffb3
ffb6
ffc9
ffd0
ffcd
ffcc
ffd3
ffd7
ffd4
ffd3
ffd7
ffde
ffe1
ffdc
ffd6
ffd9
ffe3
ffe8
ffe6
ffe2
ffe3
ffe9
ffec
ffee
fff4
fffd
0005
0008
0007
0009
0012
001b
001c
001e
0025
002d
0031
0030
0030
0037
003e
0042
0046
004e
0058
0064
0074
0083
008e
0093
0096
009b
00a3
00ae
00bc
00c4
00c3
00bc
00b4
00a7
0095
007e
006a
0058
0045
0031
001f
000e
ffff
fff1
ffe4
ffd6
ffcb
ffc6
ffc6
ffc2
ffbb
ffb8
ffb5
ffb5
ffaf
ffa9
ffaa
ffab
ffa8
ffaa
ffb0
ffb3
ffb4
ffb6
ffb7
ffba
ffbc
ffbc
ffbc
ffbb
ffba
ffb9
ffb9
ffbe
ffc7
ffcb
ffc8
ffc4
ffc1
ffc2
ffc5
ffc7
ffc4
ffc0
ffbf
ffbf
ffbe
ffbc
ffbb
ffbb
ffbd
ffbf
ffc0
ffc1
ffc0
ffbd
ffbd
ffc1
ffc5
ffcb
ffd3
ffd1
ffc6
ffbb
ffb5
ffb5
ffb7
ffba
ffc1
ffc8
ffce
ffd3
ffdc
ffec
fff8
0003
0009
fff3
ffd2
ffc5
ffd1
ffd1
ffb2
ff9a
ff95
ff9a
ffad
ffcc
ffe6
fff0
fff9
0008
000e
000f
0012
000a
fffe
fff8
ffe3
ffcb
ffbe
ffc5
ffe3
0015
003c
0024
ffec
ffce
ffc3
ffaf
ff9d
ff92
ff8e
ff8e
ff98
ffad
ffcb
ffea
0023
0099
014b
0200
0268
024d
01b4
00ea
004c
fff0
ffc8
ffce
ffea
fff7
ffef
ffea
fff3
0002
0002
fff3
ffea
fff0
fff9
fffc
fff5
fff5
ffff
0007
0009
0007
fffd
fff8
ffff
000f
0017
000b
0000
fffd
fff9
fffc
000d
0021
0033
0052
006f
0074
0055
0024
0008
0010
0037
005c
0060
005b
005a
0058
0059
0060
0069
0079
0092
00a6
00b3
00cb
00f5
010f
00f4
00b6
008b
007a
0079
0083
007f
0069
005c
0050
0043
003c
0026
0007
fffe
000a
000e
0007
0003
0004
0002
fff7
ffe4
ffca
ffb2
ff9c
ff9b
ffb8
ffeb
0021
0042
0045
0012
ffe7
ffd9
ffc5
ffb7
ffad
ffa4
ffa7
ff9b
ff89
ff84
ff8c
ff93
ff94
ff9e
ffb0
ffb7
ffb9
ffc5
ffd7
ffec
0004
000d
fff0
ffc7
ffb6
ffb9
ffc7
ffdd
ffdf
ffc2
ffa6
ffa3
ffb4
ffc7
ffd3
ffda
ffd5
ffc7
ffc1
ffbe
ffbb
ffbe
ffc7
ffd0
ffd3
ffd2
ffd2
ffd3
ffd1
ffc7
ffc0
ffbf
ffc2
ffc9
ffd2
ffe9
0003
0010
000e
0006
0003
fff5
ffda
ffd0
ffd2
ffd4
ffde
ffe8
ffe3
ffda
ffd8
ffd8
ffdb
ffda
ffcf
ffc5
ffc2
ffbf
ffbb
ffb9
ffba
ffc0
ffc2
ffc2
ffc1
ffc3
ffc8
ffc9
ffc6
ffcd
fff3
004a
00d3
0171
01ff
0250
0225
0172
0095
fff5
ffa3
ff91
ffa6
ffbf
ffca
ffce
ffdf
fffb
000e
000c
fffe
ffeb
ffd5
ffb8
ff9c
ff8e
ff93
ffa4
ffb4
ffbd
ffc5
ffcd
ffd3
ffd5
ffd7
ffde
ffe5
ffe8
ffea
fff0
fffc
000c
0017
001a
001b
001f
0021
0020
001d
0019
001a
0023
002d
0034
003e
0055
0071
0086
009b
00ad
00b6
00b8
00b8
00ab
0096
007e
006a
0063
006b
0078
0077
0067
0057
0049
003a
002d
0021
000f
0001
0001
fffd
ffef
ffdd
ffcc
ffc0
ffb6
ffaa
ffa3
ffa4
ffa8
ffab
ffa5
ff9a
ff8f
ff86
ff89
ff94
ffa0
ffa5
ffa6
ffa9
ffae
ffb1
ffb0
ffad
ffaa
ffae
ffb9
ffc5
ffcc
ffd7
ffe6
ffde
ffd1
ffcf
ffc7
ffac
ff8a
ff7f
ff88
ff91
ff9e
ffb1
ffc1
ffc5
ffcf
ffea
fff4
ffdf
ffc1
ffab
ff9e
ff9d
ffa0
ffa1
ffa2
ffa4
ffa6
ffab
ffb2
ffbc
ffc9
ffcf
ffc7
ffba
ffb2
ffb2
ffb6
ffba
ffba
ffb8
ffbd
ffcb
ffd8
ffd7
ffce
ffcb
ffd0
ffde
fff0
0003
0023
004f
0069
005a
0026
ffec
ffbd
ffa1
ff96
ff95
ff97
ff9a
ffa2
ffb0
ffbe
ffbd
ffb6
ffb6
ffc1
ffc8
ffc6
ffc4
ffc8
ffce
ffd1
ffd9
fff5
002d
008b
0116
01b1
022d
0258
01fd
012f
0065
fff3
ffd6
ffe8
fffc
fff0
ffca
ffa8
ffa0
ffa9
ffae
ffaf
ffb6
ffc3
ffd1
ffd6
ffd7
ffde
ffe9
fff3
fff0
ffed
fff1
fffc
000b
000f
0003
fff8
fff7
fffa
0004
0019
0020
0011
0002
0004
0017
0038
0062
007a
006f
004e
003d
0042
0042
0037
0036
003c
0046
0055
0065
0072
0080
0093
00aa
00c0
00d8
00ec
00eb
00d4
00b8
00a4
0096
007c
0066
0057
0042
0028
0014
000b
0003
fff6
ffeb
ffe8
ffef
fff6
fff4
ffea
ffd6
ffc4
ffc0
ffc2
ffc0
ffbc
ffb1
ffa5
ff9e
ff9e
ffa8
ffbc
ffcc
ffcb
ffc7
ffce
ffdb
ffe8
ffee
ffef
fff6
fff2
ffd4
ffb0
ffa0
ffa0
ffa5
ffae
ffb9
ffc2
ffc6
ffc7
ffcc
ffd3
ffe0
ffe8
ffec
fffa
000a
0001
ffda
ffb2
ffa2
ffa4
ffaf
ffbc
ffc3
ffc4
ffc5
ffc6
ffc6
ffc9
ffc8
ffc4
ffc3
ffc5
ffc6
ffc7
ffcf
ffdc
ffe9
fffe
000f
000a
fff6
ffdc
ffc7
ffc0
ffbe
ffc1
ffcb
ffd0
ffd5
ffd9
ffdc
ffe2
ffe9
fff0
fffc
0005
0002
fff8
ffef
ffed
ffeb
ffe4
ffde
ffe0
ffe7
ffee
fff1
ffeb
ffde
ffcf
ffc0
ffb7
ffb5
ffbb
ffc3
ffc6
ffc3
ffc1
ffc5
ffde
001c
0086
011a
01bc
0242
0275
021e
0153
0082
fff5
ffb0
ffa9
ffc4
ffd8
ffe1
ffe7
ffe7
ffe8
ffeb
ffdf
ffcf
ffd1
ffde
ffe8
ffef
fff7
fffd
0001
0004
0001
0000
0000
fffc
fffa
0003
0008
fff7
ffdf
ffd6
ffd5
ffde
fff4
0008
000d
000e
0018
0022
002a
002f
0034
0042
0055
0061
006d
007e
0083
007b
0079
007d
007c
0085
0098
00a3
00a6
00a8
00aa
00b0
00b3
00ae
00aa
00a5
009a
0087
0077
006b
0054
003c
002c
0021
0014
0002
ffec
ffdb
ffcf
ffcd
ffd6
ffc7
ffa1
ff8a
ff90
ffa4
ffb8
ffbe
ffb1
ffa2
ffa0
ffaf
ffc9
ffe0
ffef
ffdd
ffaf
ffa2
ffbe
ffcc
ffb7
ffa8
ffa0
ffa4
ffbd
ffde
fff5
ffef
ffde
ffde
fff6
0004
fff1
ffc1
ff97
ff80
ff79
ff89
ffa9
ffbe
ffb4
ffa3
ffa2
ffb8
ffd9
ffe6
ffda
ffc6
ffb8
ffab
ffae
ffd1
fff3
fff4
ffd6
ffab
ff9f
ffad
ffbf
ffd9
fff1
0003
fff8
ffd2
ffcc
ffdf
ffcc
ffa6
ffa2
ffc2
ffda
ffc9
ffa9
ff9d
ffa4
ffbd
ffd8
fff0
002b
0067
004e
ffef
ffca
ffe3
ffff
0009
0026
004a
0016
ffc7
ffc0
fff5
001f
0000
ffcf
ffd9
ffe3
ffad
ff80
ff90
ffc5
fffc
0014
000d
ffff
ffeb
ffe2
000a
0047
002d
ffdf
ffec
0079
0128
01b5
021b
022c
01bf
0119
00a0
005e
002d
fffb
ffe7
fffd
fffa
ffcb
ffaa
ff93
ff89
ff98
ffaa
ffcc
fffa
0011
000a
0000
0010
0038
0047
003a
0025
ffef
ffb3
ffa1
ffc3
fff5
fff8
ffdd
ffe0
fff2
ffef
fff5
0014
0029
0028
0033
0060
008e
00a0
0095
0059
0005
ffd7
ffd5
fff6
0029
0054
0073
0091
00b6
00c8
00af
008f
0086
009b
00d6
011f
014a
0134
00e5
00a8
007e
0045
0015
fff3
ffe6
ffe9
fffd
0027
0056
005d
003b
fff0
ff83
ff40
ff42
ff5d
ff7c
ff9f
ffb5
ffb5
ffb1
ffc7
000c
0059
0059
0011
ffc8
ff92
ff63
ff43
ff48
ff6f
ffa6
ffca
ffc2
ffae
ffb7
ffd2
ffd5
ffc0
ffb0
ffb1
ffcd
fff9
0019
000f
ffd6
ff90
ff68
ff69
ff7d
ff98
ffa2
ffa7
ffc1
ffde
ffdd
ffc8
ffc8
ffdc
ffe1
ffc0
ff91
ff80
ff88
ff93
ffbc
000b
0034
fff9
ffa8
ff80
ff72
ff73
ff85
ff99
ffa5
ffb1
ffca
0003
006d
00c9
0082
ffe1
ff98
ff91
ff90
ffa0
ffbb
ffb8
ff9c
ff94
ffae
ffcb
ffcd
ffc0
ffd3
002a
009e
0093
ffdd
ff5b
ff4d
ff50
ff61
ff87
ff9d
ff9f
ffa4
ffaf
ffc0
ffe9
0039
00c9
0196
0258
02ba
027a
01a7
00ca
003a
ffb0
ff3b
ff2a
ff60
ff95
ffb1
ffbd
ffc3
ffc5
ffca
ffe0
0006
0025
0011
ffeb
ffe1
ffe1
ffdf
ffeb
fff8
ffd9
ffb7
ffb0
ffc5
ffe3
ffee
ffee
ffe5
ffd7
ffd3
ffe2
fff6
0006
0011
001e
0030
0034
0031
0041
007b
00c2
00d2
00ac
0064
000c
ffe9
0012
0044
004e
003c
0032
003a
0056
007e
009c
00a5
00a3
00a3
00aa
00b0
00ba
00e1
011f
011c
00ad
004b
0015
ffc8
ff98
ff8e
ff86
ff8e
ff9f
ffb1
ffbd
ffba
ffac
ffa9
ffb8
ffc9
ffd4
ffe1
ffef
ffed
ffcf
ffa6
ff89
ff86
ff9c
ffbd
ffdb
fff4
fff9
ffeb
ffc9
ffa2
ff91
ff9f
ffbe
ffd0
ffcd
ffc3
ffbb
ffbc
ffcc
fffe
005a
00a8
0066
ffab
ff36
ff2d
ff4d
ff7d
ffa7
ffb6
ffac
ffaa
ffc2
ffd9
ffd2
ffb9
ffb2
ffc4
ffd3
ffcf
ffc3
ffc5
ffd3
ffd7
ffcd
ffc1
ffc6
ffdb
fff5
0019
0042
003a
fffc
ffbd
ffa5
ffac
ffba
ffc9
ffd5
ffcb
ffb6
ffb5
ffc8
ffd5
ffdb
fff3
0023
004f
0058
003e
0025
0016
fffb
ffd1
ffa4
ff9b
ffac
ffb1
ffaf
ffb7
ffc5
ffd3
ffd9
ffde
ffe8
ffe8
ffe7
fff6
ffff
fff0
ffcd
ffb1
ffb1
ffce
0011
0080
011b
01cb
0269
02ac
024d
0164
0079
ffe4
ff9a
ff92
ffb0
ffc2
ffc6
ffcf
ffe7
0004
0017
0020
000f
fff7
ffe3
ffb7
ff98
ffa6
ffbf
ffce
ffd8
ffe4
fff9
000c
0017
0023
0033
0046
0048
002d
000b
fff4
ffeb
ffe9
fff2
0000
0010
002a
0050
006c
0060
004a
004d
0052
0049
0048
0058
006a
0080
00a0
00ab
009d
0098
00a7
00c0
00ce
00c0
00a7
009b
00a1
00a7
00a1
0094
0080
0070
0071
007a
007f
0070
004c
002f
002f
0028
fffe
ffd8
ffcd
ffb2
ff89
ff7c
ff86
ff97
ffa6
ffaf
ffba
ffc6
ffcf
ffd2
ffd1
ffdb
fff8
0028
003a
0002
ffc9
ffab
ff88
ff73
ff80
ff99
ffa6
ffbd
ffe5
fff8
ffe3
ffbc
ffa7
ffaf
ffcb
ffeb
fffd
ffff
fff1
ffd2
ffb1
ff9f
ffa4
ffb3
ffbb
ffb9
ffb3
ffb6
ffcb
ffe5
ffe7
ffd2
ffc3
ffc0
ffc5
ffc9
ffcb
ffd5
ffdf
ffda
ffd0
ffcc
ffcd
ffcc
ffcc
ffc9
ffc4
ffc7
ffc3
ffbe
ffc4
ffc7
ffc7
ffcd
ffd6
ffd9
ffd8
ffcf
ffc5
ffca
ffd2
ffd9
ffe5
fff8
0006
0008
0012
0025
0034
002c
0005
ffe5
ffe0
ffdf
ffd9
ffd9
ffd7
ffc9
ffc1
ffc6
ffcb
ffcd
ffd1
ffdb
ffe2
ffde
ffd4
ffd7
ffec
0003
0008
fff9
ffd8
ffba
ffbd
ffe2
002c
00a0
013b
01d9
0245
0243
01b6
00dd
0029
ffc4
ffa7
ffbd
ffe1
fff7
ffff
0005
0003
fffb
ffe8
ffd9
ffe0
ffe2
ffce
ffb5
ffab
ffb7
ffcc
ffdd
ffe1
ffe0
ffe6
fff4
fffd
fffa
fff9
0008
0020
0032
003d
0043
0039
0023
0004
ffec
ffe6
ffee
0000
0015
0023
002e
003b
004a
0059
0069
007f
008e
008e
0088
0086
0086
008c
009b
00a8
00b3
00c1
00c7
00c2
00c0
00c1
00b8
0099
0070
004f
003c
0038
0035
0022
000a
fffa
fff7
0002
0007
ffef
ffcb
ffb4
ffb6
ffc9
ffd2
ffc7
ffbc
ffae
ff99
ff90
ff99
ffab
ffbd
ffc3
ffbf
ffbf
ffbc
ffb3
ffae
ffb7
ffcd
ffed
0005
fff4
ffbc
ff91
ff88
ff90
ffa1
ffaf
ffb6
ffbc
ffb7
ffb5
ffbd
ffc3
ffc9
ffdc
ffef
ffe6
ffcf
ffc1
ffb8
ffb1
ffb1
ffb0
ffa8
ffa2
ffa7
ffad
ffaa
ffa9
ffb3
ffc5
ffd4
ffdf
ffec
fff3
ffea
ffdc
ffd3
ffbe
ffa0
ff96
ff9d
ffa6
ffb6
ffcb
ffd5
ffca
ffbc
ffb9
ffbd
ffc5
ffcb
ffd1
ffde
ffee
fff2
ffe7
ffdd
ffe3
fff1
fffd
fffe
fff5
fff0
fff0
ffe2
ffd4
ffd3
ffd3
ffd2
ffd2
ffd2
ffcf
ffce
ffce
ffd2
ffe1
fff9
0009
fff7
ffd1
ffb9
ffb2
ffb3
ffb6
ffb2
ffa7
ffaf
ffdc
0034
00b4
0156
01f1
024d
0239
01a4
00d7
0039
ffdc
ffb9
ffc4
ffdd
ffe1
ffca
ffb7
ffb6
ffc0
ffcb
ffd5
ffdf
ffe9
ffec
ffec
fff4
ffff
fffb
ffe8
ffd8
ffd2
ffcf
ffcc
ffcd
ffd5
ffeb
0005
000f
000b
0007
0009
0007
0004
0008
0019
003b
0060
006c
005d
0049
0030
001a
0017
0021
0031
0042
0056
0066
0071
007a
0083
008c
0096
00a1
00ab
00b7
00c3
00cb
00d2
00d4
00bc
0099
0083
0070
0055
003a
001f
0004
ffec
ffde
ffdb
ffd6
ffce
ffc7
ffc7
ffcd
ffd3
ffdb
ffe5
ffef
ffea
ffc5
ff97
ff85
ff91
ffa4
ffb0
ffb5
ffb7
ffb9
ffc1
ffce
ffd2
ffca
ffc0
ffc6
ffe0
fff5
ffdd
ffb3
ff9f
ff9e
ffa6
ffb8
ffd4
ffea
ffee
ffdb
ffc6
ffbc
ffb5
ffb1
ffb4
ffc0
ffd1
ffeb
000c
001e
000b
ffde
ffb9
ffb1
ffb6
ffbf
ffc4
ffb7
ff99
ff90
ff9f
ffad
ffb5
ffba
ffc3
ffcf
ffd6
ffd6
ffd0
ffcf
ffda
ffee
fff9
fff5
ffdd
ffbb
ffb3
ffc3
ffce
ffca
ffc3
ffc4
ffd6
fff2
fffd
ffed
ffd8
ffd5
ffe5
fffb
000b
0016
0031
0053
0049
0016
ffd9
ffa5
ff8f
ff99
ffae
ffbe
ffc8
ffcf
ffd4
ffd6
ffdd
fff4
0014
0017
ffe5
ffa7
ff80
ff78
ff94
ffd2
002d
00ac
0151
01f3
025c
024e
01b3
00db
0034
ffd5
ffae
ffb3
ffcb
ffe3
fffc
002e
0075
007c
0027
ffc4
ff81
ff6a
ff7a
ff9d
ffb8
ffc1
ffc6
ffd3
ffe0
ffe6
ffe5
ffe8
ffee
fff4
fff7
fffa
fffe
0004
000b
000d
0010
0017
001a
001b
0021
0031
0057
0095
00c7
00b3
0055
0001
ffe8
fff6
0019
0043
0062
006b
006e
007c
0093
00a5
00a9
00ab
00b6
00c6
00d5
00e5
00f1
00e8
00c4
0085
003d
0012
000a
000c
000d
000c
0010
0015
0016
0012
0008
001f
005a
0053
ffd5
ff48
ff11
ff1d
ff46
ff7a
ffa0
ffa9
ffaa
ffc1
ffe9
0008
0004
ffd4
ffa6
ff9e
ffa3
ff9c
ff9d
ffac
ffbc
ffc3
ffbf
ffb9
ffb4
ffac
ffa5
ffa9
ffbb
ffd7
fff5
0015
0023
0014
ffe4
ff9f
ff70
ff65
ff76
ff92
ffa6
ffad
ffb1
ffbd
ffca
ffc9
ffbd
ffb5
ffb5
ffbc
ffc1
ffc3
ffc4
ffc5
ffc8
ffcb
ffcb
ffca
ffc8
ffc1
ffbd
ffc9
ffea
000e
0018
0005
ffe0
ffc6
ffbf
ffb0
ff9a
ff90
ff98
ffac
ffc0
ffde
000c
002a
001a
fff1
ffc4
ffa3
ff9d
ffb1
ffcf
ffe4
ffea
ffe9
ffee
fff7
fffc
fff6
ffeb
ffea
fff6
000a
0013
ffff
ffd7
ffb4
ff9a
ff92
ff9f
ffb8
ffcc
ffd2
ffd0
ffd2
ffd3
ffcd
ffd1
fff8
0049
00c5
015f
01f3
0255
0249
01b8
00eb
0054
0015
001e
0047
0043
fff4
ff95
ff6a
ff76
ff92
ffa8
ffb6
ffc3
ffcd
ffd5
ffd9
ffde
ffe4
ffe7
ffea
ffec
ffed
fff2
fffa
0003
000d
001e
002d
0028
0013
0003
fffd
0001
0009
000a
000b
000e
0016
0022
002f
0036
003d
0044
004b
0055
005f
0066
006c
0075
007f
008a
0095
00a3
00bc
00dd
00f3
00e5
00bf
00a0
008f
0086
0084
0083
007b
006d
005d
0050
0041
002d
0018
0006
fffc
ffff
000a
0012
fffe
ffd1
ffa8
ff93
ff90
ff9c
ffab
ffb1
ffb0
ffb1
ffb9
ffc4
ffc8
ffc3
ffc6
ffde
fff4
ffee
ffd2
ffb1
ffa4
ffa9
ffb4
ffc3
ffd5
ffeb
0000
0008
fff4
ffc7
ffa1
ff90
ff91
ffa0
ffb2
ffbd
ffbe
ffc0
ffc9
ffd1
ffcf
ffce
ffd9
ffef
0004
fffb
ffdb
ffc1
ffb2
ffb1
ffba
ffbf
ffbd
ffbd
ffc5
ffd7
ffe0
ffde
ffd2
ffc3
ffc4
ffd8
fff0
fff1
ffd7
ffb8
ffa8
ffb0
ffc7
ffda
ffdb
ffcd
ffbc
ffb3
ffb3
ffbd
ffcd
ffda
ffdb
ffd4
ffd5
ffda
ffe3
fff0
ffff
000b
000a
0003
fffd
fff9
fff1
ffe0
ffd2
ffcc
ffc9
ffca
ffcf
ffcf
ffca
ffc6
ffc8
ffca
ffc5
ffbf
ffbb
ffbb
ffbc
ffbf
ffbe
ffb9
ffb8
ffc0
ffe1
002f
00ae
014e
01eb
0254
0249
01b2
00dc
0032
ffcc
ffa1
ffa3
ffbb
ffce
ffd9
ffe8
fff3
ffe9
ffd2
ffbf
ffbd
ffcd
ffde
ffdc
ffcb
ffc0
ffc0
ffc4
ffcc
ffda
ffea
fffb
0004
0000
fff2
ffea
fff6
0002
fffe
fff6
fffa
0004
000d
0012
0017
001e
0022
002d
0044
005e
006d
0067
0059
004a
0047
004c
004e
0057
006f
0085
008d
008c
008d
008f
0090
0092
0098
00a0
00a0
0097
0088
0079
0068
0052
003d
002b
001d
000f
fffe
ffe7
ffd0
ffc2
ffbc
ffbc
ffbb
ffb8
ffb2
ffaa
ffa9
ffad
ffb1
ffb3
ffb8
ffc5
ffd1
ffd8
ffdc
ffda
ffd5
ffca
ffb7
ff9f
ff8f
ff8f
ff9a
ffa5
ffaa
ffad
ffb1
ffb8
ffc1
ffca
ffcf
ffd1
ffd7
ffe2
ffef
fffd
0007
0000
ffd3
ff9b
ff85
ff8c
ff9e
ffb2
ffbf
ffc1
ffbf
ffc7
ffd7
ffe6
ffec
ffe8
ffe2
ffdf
ffd5
ffb8
ffa1
ff9f
ffa5
ffac
ffb7
ffc8
ffd3
ffd8
ffe1
fff0
fffd
0009
0009
fff7
ffde
ffc9
ffb9
ffb7
ffbf
ffc1
ffc7
ffd5
ffe1
ffe7
ffed
fff4
fff9
0002
0010
001c
001b
000e
fffd
fff2
ffea
ffd9
ffcb
ffc5
ffc5
ffbf
ffb5
ffb1
ffb1
ffb4
ffbc
ffc8
ffd5
ffd9
ffd6
ffdd
0004
004d
00b9
0143
01cf
0235
023d
01c6
00f9
0041
ffd1
ffa2
ffa6
ffc3
ffdb
ffe2
ffea
fff8
0003
ffff
fff4
ffee
ffeb
ffee
ffea
ffe2
ffe0
ffe3
ffe2
ffda
ffd5
ffdc
ffe9
fff4
fffc
0002
000c
0019
0026
002b
0021
0018
0015
000e
000e
0019
0028
002c
0024
0020
0026
0033
0040
004a
0054
005e
006b
0079
0086
0090
0095
0098
009d
00a3
00aa
00b2
00b5
00b4
00b1
00ad
00a6
009a
008b
007c
006c
0059
0043
002d
0018
0004
fff6
ffea
ffdf
ffd4
ffcb
ffc3
ffbf
ffbf
ffbe
ffbb
ffba
ffb8
ffb7
ffb8
ffb9
ffb9
ffb8
ffb8
ffb9
ffb8
ffb9
ffbd
ffc0
ffc1
ffc0
ffba
ffb7
ffb7
ffb7
ffb9
ffbd
ffc2
ffc2
ffbe
ffbd
ffc2
ffc8
ffcc
ffcc
ffcd
ffce
ffcd
ffc6
ffbc
ffb8
ffb7
ffbb
ffbd
ffbd
ffbd
ffc1
ffc4
ffc7
ffc9
ffc9
ffc9
ffcb
ffcc
ffc6
ffbb
ffb4
ffb1
ffb0
ffb4
ffb6
ffb8
ffc1
ffca
ffd2
ffd4
ffd1
ffcf
ffd1
ffd0
ffca
ffc3
ffbd
ffb4
ffaf
ffb0
ffb7
ffbd
ffc0
ffc6
ffcd
ffd2
ffd4
ffd9
ffe7
fffb
000f
0021
002b
0029
0019
fffe
ffe1
ffc5
ffb4
ffad
ffac
ffac
ffaf
ffb5
ffb9
ffbf
ffc4
ffca
ffd6
ffe4
ffe7
ffdb
ffd0
ffcc
ffcc
ffd2
ffe7
0012
0053
00b9
0145
01d4
0231
021d
0184
00b4
0017
ffc9
ffba
ffd5
0002
0021
002f
0032
0019
ffe5
ffb3
ff95
ff8e
ff9a
ffab
ffb5
ffbb
ffc1
ffcc
ffdd
ffe9
ffef
fff7
0002
0006
0001
0002
000a
0014
0018
0016
0013
000e
000c
0011
001a
0028
0042
0064
0084
009f
00a8
0097
0065
0039
0025
001a
001d
0031
0050
006e
0081
008b
0092
009d
00b0
00c8
00d7
00d5
00c2
00ac
009c
008d
007b
006c
0062
005d
005d
0055
0045
0032
001d
0011
0012
0015
0009
ffed
ffc5
ffa3
ff98
ff95
ff94
ff99
ffa2
ffb0
ffc5
ffda
ffdf
ffe1
ffe7
ffe7
ffd2
ffb7
ffaa
ffab
ffbe
ffdd
fff6
0005
0024
0038
0015
ffd0
ff8b
ff71
ff87
ffa8
ffb7
ffbd
ffcb
ffe7
fffa
fffd
ffe8
ffbd
ffa4
ffb5
ffdd
ffee
ffdc
ffbe
ffb2
ffb7
ffbf
ffc4
ffc8
ffce
ffc8
ffbc
ffb7
ffc0
ffca
ffcf
ffce
ffc5
ffc5
ffce
ffd8
ffe2
fff1
fffa
ffed
ffdc
ffd9
ffda
ffd3
ffcd
ffce
ffcb
ffd2
ffdb
ffe2
ffea
fff1
fff8
0007
0018
0014
ffff
fff2
fff5
0000
0007
0000
fff0
ffdc
ffc6
ffbc
ffc4
ffd9
ffd9
ffc6
ffbb
ffbc
ffc2
ffc9
ffd1
ffda
ffe1
ffde
ffe4
000a
004d
008f
00cf
0134
01b2
0217
021d
0197
00c3
0015
ffb3
ff91
ffa0
ffbf
ffcb
ffc5
ffc6
ffd8
ffe5
ffe0
ffd7
ffd9
ffe4
ffea
ffe3
ffde
ffe8
fff9
0002
fffd
fff7
fffe
000a
000e
000d
0011
0017
001a
0018
0018
001f
002a
0030
002c
0024
0022
002b
0038
003f
0043
004b
0052
0056
005a
005f
006d
0082
008f
0094
0095
0096
009d
00a6
00af
00b7
00ba
00b7
00ad
00a7
00a7
00a4
009c
008e
007a
0065
0051
003d
0027
0017
000a
fff9
ffe9
ffe0
ffdc
ffd6
ffce
ffc5
ffc2
ffc4
ffc4
ffc6
ffc2
ffb3
ffa6
ffa5
ffa7
ffa3
ff9f
ff9e
ff9c
ff9d
ffa2
ffa8
ffae
ffb1
ffb3
ffb5
ffb6
ffb6
ffb5
ffb8
ffbe
ffc3
ffc2
ffc1
ffc0
ffbf
ffbd
ffb8
ffb4
ffb3
ffb9
ffbf
ffc0
ffbe
ffc0
ffc1
ffbf
ffbf
ffbe
ffbe
ffbd
ffbe
ffbf
ffbe
ffbc
ffbb
ffb7
ffb3
ffaf
ffae
ffb2
ffbb
ffc4
ffc9
ffc9
ffc5
ffc2
ffc2
ffc5
ffcc
ffd1
ffd3
ffd3
ffd0
ffce
ffd0
ffd8
ffe1
ffeb
fffe
000c
0008
fff7
ffe1
ffce
ffc5
ffc5
ffc8
ffc6
ffc0
ffbb
ffb8
ffb8
ffb8
ffb7
ffb7
ffba
ffbf
ffc1
ffc3
ffc5
ffc3
ffbe
ffc3
ffe0
0021
008b
0114
01a6
021d
0243
01e1
0115
0051
ffd3
ff93
ff8b
ffa6
ffc4
ffd2
ffdd
ffef
fffb
ffef
ffd1
ffca
fff1
0028
0039
000f
ffcf
ffa9
ff99
ff92
ff9c
ffab
ffb7
ffbd
ffc3
ffd3
ffe7
fffb
0007
000d
001a
002c
0036
0039
002b
0014
0009
0013
0027
003b
0046
0042
0041
0042
0040
004c
0064
0079
0086
008d
008f
0085
0076
007a
0090
00a5
00ad
00ac
00af
00b1
00ab
00a1
008e
0076
005c
0041
002d
0026
0024
0023
001f
000c
ffe7
ffc1
ffae
ffb0
ffae
ff9e
ff96
ff9d
ffa6
ffac
ffac
ffaf
ffb6
ffc8
ffe9
fffd
ffe8
ffba
ff9f
ffa1
ffab
ffb3
ffb4
ffaf
ffaa
ffaf
ffc1
ffe2
0014
0038
0026
ffe5
ffb1
ffb3
ffce
ffcb
ffaf
ff97
ff87
ff8f
ffaa
ffbc
ffbc
ffae
ffa6
ffb4
ffd1
fffa
0032
0067
0071
0049
0005
ffb1
ff6c
ff54
ff5e
ff72
ff80
ff91
ffa7
ffb3
ffaf
ffad
ffbe
ffe2
000e
003a
0058
003b
ffec
ff9a
ff6a
ff6d
ff93
ffc1
ffdd
ffe3
ffe1
ffe6
fff1
fff6
fff4
fff8
0008
0019
001e
0034
0061
004f
fff4
ffa1
ff7e
ff8a
ffa2
ffaa
ffa9
ffa8
ffac
ffb6
ffc2
ffc4
ffb7
ffaf
ffba
ffcc
ffe6
0025
00a3
012e
0185
01c2
0207
0226
01d3
0115
0058
ffd7
ff94
ff9a
ffc4
ffe2
fff6
0008
0017
0021
fffa
ffb4
ff95
ffae
ffd8
ffef
ffe5
ffce
ffba
ffb1
ffaa
ffa9
ffb9
ffd1
ffe0
ffea
fff5
ffff
fffe
fff3
ffe9
ffea
fff9
000a
0011
000f
0011
001d
0028
002c
002d
0034
003f
0049
004d
0052
005c
006b
007b
0084
0088
008b
0091
009a
00a1
00a6
00ae
00b7
00c2
00c8
00cc
00d3
00dd
00df
00be
0080
0034
fff7
ffdc
ffd5
ffd9
ffdf
ffdb
ffce
ffc6
ffc7
ffc3
ffb9
ffb1
ffad
ffaf
ffb0
ffac
ffab
ffaf
ffb5
ffba
ffc5
ffdc
ffe3
ffcd
ffb4
ff9e
ff94
ffa0
ffb1
ffb3
ffb2
ffbb
ffcc
ffd6
ffd7
ffd4
ffcc
ffbb
ffbb
ffd4
ffec
ffe9
ffd3
ffca
ffd6
ffe1
ffca
ffaf
ffa4
ffab
ffbd
ffd4
ffe6
ffd6
ffa2
ff76
ff6d
ff7e
ff96
ffa5
ffae
ffb5
ffb5
ffbd
ffd2
fff4
001d
002b
fffa
ffb0
ff7f
ff72
ff81
ff90
ff97
ff9c
ffa6
ffbc
ffd2
ffd8
ffd2
ffc3
ffba
ffc9
fff8
0037
004c
001d
fff8
fff8
ffeb
ffd5
ffc8
ffb5
ffa7
ffb2
ffc0
ffc0
ffbd
ffb2
ffa5
ffb0
ffd1
0003
0037
0038
0004
ffd1
ffba
ffbb
ffb7
ffab
ffaa
ffb6
ffca
0001
0088
013f
01ec
026c
02ac
026e
0198
009e
0014
fff7
ffef
ffc6
ffa8
ffb2
ffae
ffb8
ffd5
ffd0
ffd1
fff1
0026
0021
ffe8
ffe6
0016
002a
0028
001c
fff9
ffe7
fff3
0002
0017
001f
0005
fff3
fff6
0004
0021
0047
006a
007f
007f
0078
0062
0022
ffed
ffec
0000
0012
002e
0044
003e
0038
004e
007d
00b4
00ea
00f4
00d6
00ce
00d6
00be
0091
0083
008c
0088
0086
00a5
00d5
00ee
00d7
008f
004f
0030
001c
0001
ffe9
ffe1
ffdb
ffd4
ffe1
fff9
fff9
ffdc
ffc0
ffc3
ffee
002f
0046
0003
ffb4
ff99
ff87
ff75
ff7b
ff8e
ffac
ffe0
0006
0001
fff4
ffe2
ffd2
fff3
001e
ffff
ffa4
ff63
ff5a
ff7a
ffb1
ffdc
ffea
ffe9
ffe8
ffe8
ffe0
ffd5
ffc7
ffb3
ffb9
ffd3
ffd2
ffe5
0028
0060
002a
ffa5
ff61
ff70
ff86
ff89
ffa7
ffd5
ffdc
ffdc
fff0
fff6
ffe0
ffb9
ffbb
ffea
0002
ffe6
ffca
ffe2
ffe2
ffb7
ffac
ffd1
001b
0052
002a
ffd6
ffb2
ffc1
fffa
0032
003f
0032
0008
ffd2
ffa8
ff85
ff6f
ff7b
ff8e
ff97
ff9d
ffa8
ffbf
ffeb
002a
0032
ffd1
ff74
ff83
ffe8
008b
015a
0223
029c
027a
01c6
00d9
002d
ffdf
ffca
ffd9
ffde
ffb3
ff84
ff80
ffb2
fffb
0036
006d
0091
0063
ffe9
ff7d
ff47
ff50
ff7e
ffa3
ffa9
ffa0
ffb8
fffd
0047
0045
fffe
ffd7
fff5
0043
008f
006c
ffec
ffaa
ffb4
ffca
ffd9
ffeb
fffc
fffd
0011
004d
0095
009f
0056
001c
0021
003e
0069
00ba
011f
013a
00e3
006b
0038
003c
0057
0082
00b1
00ef
010c
00c8
0045
ffea
ffcd
ffda
fffa
001b
001c
fff3
ffd2
ffd8
fff1
0015
004e
0085
0061
ffc8
ff3d
ff07
ff11
ff50
ffa2
ffd3
ffd5
ffc1
ffbb
ffd6
ffdf
ffb2
ff92
ffa5
ffc3
ffae
ff81
ff6e
ff67
ff6e
ff7e
ff99
ffc2
ffd7
ffd7
ffdc
ffef
fff8
ffdf
ffb5
ff9c
ff90
ff83
ff7e
ff7d
ff81
ff8d
ffaa
ffd1
fff2
000a
fff9
ffd4
ffbc
ff95
ff6b
ff6a
ff93
ffba
ffcd
ffde
ffde
ffc6
ffaa
ffad
ffd2
0007
0013
ffd3
ff72
ff46
ff64
ff8b
ffa9
ffbe
ffbc
ffb1
ffb7
ffd2
fff5
000a
001a
0045
0064
003e
0001
ffe6
ffcb
ffb1
ffaa
ff82
ff50
ff49
ff69
ff8d
ffa6
ffb3
ffb4
ffb8
ffcb
ffe2
fffc
0014
0014
fffd
ffe3
ffc1
ffa6
ffbf
001f
00bd
0171
0203
0236
01de
0118
0051
ffcf
ff9c
ffa8
ffd9
0019
0057
0058
000a
ffdf
ffbb
ff6f
ff52
ff68
ff78
ff7c
ff91
ffb3
ffce
ffd6
ffd0
ffd4
ffe9
0001
0014
0026
002a
0018
0004
ffee
ffd0
ffcd
ffe7
0006
0023
0022
fff8
ffe1
ffef
0008
0020
0037
0038
0021
0013
0022
0041
0060
0076
008c
00ab
00b4
0096
006a
0062
008c
00c2
00c3
008f
006a
0067
0075
007c
007a
0070
0055
0031
0014
000f
001b
002e
0030
0016
ffe7
ffac
ff88
ff86
ff95
ffa6
ffb0
ffaa
ffa7
ffba
ffd6
ffdb
ffbc
ff97
ff7d
ff6f
ff7c
ffa9
ffda
fff0
fff1
fff8
ffe0
ffac
ff88
ff74
ff75
ff8a
ffa2
ffb1
ffb2
ffaf
ffb6
ffc1
ffc8
ffce
ffd1
ffd2
ffd3
ffd1
ffde
fffd
0004
ffee
ffd6
ffb1
ff87
ff7c
ff8c
ff9c
ffaa
ffb7
ffbf
ffbe
ffbb
ffbd
ffcb
ffe3
fff7
0003
0013
002c
005b
0091
0053
ff9e
ff2d
ff2f
ff60
ffa1
ffe2
fffc
ffeb
ffd7
ffdd
ffef
ffef
ffd9
ffce
ffe7
0016
0041
004d
001f
ffdb
ffb8
ffa7
ff9b
ffa1
ffa6
ff96
ff84
ff85
ff9d
ffb8
ffcc
ffef
0043
00d5
0185
0215
0258
022e
01a3
00fb
0067
ffe9
ff98
ff96
ffbd
ffcc
ffc1
ffb4
ffb0
ffb4
ffb3
ffb3
ffc5
ffd4
ffd6
ffd6
ffe5
0005
0032
004d
003d
001f
000e
fff6
ffd0
ffbe
ffbe
ffc2
ffcc
ffd5
ffe2
fff7
0003
0007
000d
001a
0026
002a
0029
0030
0044
005a
006f
0085
009a
00a1
0092
0078
005a
004c
0059
006a
0072
007d
008e
009e
00a9
00ab
00a9
00a6
009f
0091
0081
006d
0059
0049
003a
002d
0028
002d
002d
0030
0049
0047
000d
ffce
ff95
ff77
ff84
ff9a
ff9d
ff97
ff9a
ffa0
ffa6
ffaf
ffbb
ffce
fff5
0012
0005
ffea
ffdc
ffbd
ffa7
ffaf
ffa3
ff85
ff7b
ff8f
ffa7
ffb8
ffc1
ffce
ffe3
fffd
0012
0013
fffb
ffd1
ffad
ff98
ff9e
ffd0
0012
0014
ffd0
ff97
ff8e
ff9b
ffad
ffc4
ffc9
ffbc
ffb0
ffb6
ffd5
0010
0047
003c
0001
ffc1
ff83
ff62
ff6f
ff96
ffb8
ffc4
ffc5
ffc9
ffd1
ffda
ffdf
ffe1
ffea
ffff
001d
003b
004d
0055
0049
002e
ffed
ffa5
ff96
ffa4
ffaf
ffb8
ffc4
ffcb
ffcd
ffcf
ffd4
ffda
ffe7
fffe
0006
000e
002a
001b
ffe0
ffc1
ffb6
ffa7
ffa7
ffd4
0037
00c7
016d
0201
0252
0222
016f
009b
000a
ffc0
ffae
ffc4
ffe5
0003
0029
0057
0072
003b
ffcb
ff88
ff78
ff82
ff9c
ffb7
ffc5
ffc9
ffd1
ffdf
ffe9
ffeb
ffec
fff3
ffff
0006
0003
fffd
0002
0011
0018
001e
0027
002e
003b
0051
0060
0062
0047
001b
000b
001c
003c
0052
0055
004c
004a
0055
0064
0072
0078
007c
008a
00a2
00b7
00c3
00cf
00e6
00e7
00cc
00b7
00b5
00b7
00a2
0074
0037
000c
fffe
fff9
fff1
ffdc
ffc1
ffb5
ffb7
ffbb
ffb8
ffb3
ffb6
ffbb
ffbb
ffb7
ffb8
ffc5
ffdb
ffe2
ffcb
ffb6
ffb6
ffbc
ffb4
ffa4
ff9e
ffa2
ffae
ffb7
ffb8
ffba
ffb9
ffb6
ffbd
ffc6
ffc7
ffc0
ffb9
ffba
ffc3
ffc8
ffc8
ffc9
ffcc
ffce
ffcc
ffc3
ffb8
ffb6
ffb9
ffbd
ffbf
ffc3
ffc7
ffc8
ffc8
ffc9
ffc7
ffc5
ffc4
ffc5
ffca
ffd5
ffe3
fff3
fff7
ffe6
ffd7
ffd4
ffd4
ffcd
ffc0
ffb1
ff9d
ff93
ff9b
ffad
ffb9
ffc3
ffcb
ffd1
ffdb
ffe9
fff5
fff8
fff4
fff3
fff2
fff0
fff0
ffee
ffef
ffef
ffed
ffef
0000
0013
000b
ffeb
ffc0
ff92
ff7c
ff84
ff96
ffa6
ffad
ffac
ffa9
ffae
ffbe
ffde
001a
007b
010a
01a8
0223
024e
01f9
0135
0077
0004
ffc6
ffb5
ffc0
ffc9
ffc7
ffcc
ffdb
ffe5
ffdd
ffc9
ffc3
ffd4
ffec
ffed
ffd9
ffc7
ffc3
ffc5
ffc7
ffd0
ffe5
fffd
000a
0004
fff1
ffe8
fff8
000a
001e
0038
003a
0012
fff1
fff0
fff4
fff7
0000
000b
0012
0020
0030
003f
004a
0050
0057
0066
007a
0092
00a8
00bc
00e3
0113
0107
00b5
0064
0041
003d
0051
0076
008f
008e
008a
0090
008e
008f
009f
009a
005c
0001
ffaf
ff83
ff8d
ffb9
ffd3
ffc4
ffa7
ff87
ff83
ffac
ffd6
ffd6
ffc5
ffb6
ffb7
ffce
ffe2
ffdc
ffcf
ffc0
ff9e
ff8c
ffa7
ffcf
ffd2
ffbb
ffb6
ffcd
ffee
000b
0004
ffd3
ffb7
ffb4
ffba
ffcb
ffe3
ffec
ffe3
ffd7
ffd4
ffd7
ffcf
ffc1
ffbe
ffc2
ffc4
ffdb
0025
0082
009f
005d
fff3
ffc0
ffbb
ff97
ff71
ff75
ff81
ff89
ffa8
ffd3
ffec
ffe8
ffe4
ffeb
fff1
ffec
ffda
ffd0
ffe1
fffb
000c
001f
005a
00b2
00ba
0052
ffe9
ffcc
ffe2
fff2
ffe1
ffcf
ffd5
ffdf
ffe5
fff5
002c
005e
0041
ffe9
ff96
ff68
ff55
ff62
ff92
ffbb
ffb9
ffaf
ffd6
0032
00ac
0144
0209
02d7
0327
028d
0136
0001
ff5b
ff2e
ff54
ff95
ffc5
ffd8
ffe2
fff3
000e
001f
0024
0032
0039
0003
ffac
ff83
ff91
ffad
ffbd
ffc8
ffd7
ffe5
fff0
fffe
0006
000b
0020
0038
0040
0041
0043
0042
003a
0021
ffef
ffc8
ffc6
ffe8
001b
004a
0061
005a
004f
0058
0073
008f
00aa
00ba
00b0
0097
0070
004f
004c
0069
0092
00a5
00a0
00a2
00a8
009a
0085
0080
0084
008a
00a1
00ca
00c3
0070
0004
ffb8
ff88
ff6d
ff6d
ff7b
ff88
ff96
ffa6
ffaf
ffb2
ffb7
ffc8
ffe5
0001
0013
0020
001b
ffe7
ff9d
ff6b
ff61
ff7d
ffa0
ffac
ffa9
ffb1
ffc6
ffdb
ffe0
ffce
ffb4
ff98
ff91
ffa2
ffbe
ffe0
fff9
fffa
ffdb
ffc2
ffe1
0024
0035
fffd
ffb0
ff69
ff49
ff62
ff8f
ffa6
ff93
ff82
ff96
ffbd
ffd6
ffda
ffeb
000e
0021
0000
ffb2
ff74
ff6e
ff8f
ffc0
ffec
fffb
ffde
ffb4
ff95
ff8f
ff93
ff96
ff9d
ffaa
ffbc
ffcb
ffd6
ffde
ffed
0007
0033
007e
00c2
009f
002b
ffca
ff85
ff5e
ff64
ff7f
ff94
ff96
ff97
ffaa
ffbd
ffc0
ffbc
ffc6
ffec
002b
0062
005d
0021
ffd1
ff86
ff54
ff4d
ff82
ffe8
0075
011e
01cb
0252
0262
01d7
00f5
003c
ffdc
ffd3
000a
0044
0032
ffd8
ff8e
ff75
ff82
ff9d
ffb6
ffbd
ffbc
ffc5
ffd6
ffdd
ffd8
ffcb
ffce
ffea
0015
0038
003b
001c
fffa
ffe7
ffd3
ffb6
ffac
ffb9
ffcc
ffde
fff2
0002
0008
000d
0014
0020
0034
004a
005c
006a
0078
0088
00a8
00c0
0098
004b
001b
0015
0029
004d
0078
0094
0098
0098
00a7
00c1
00da
00f2
00f6
00cf
00a4
0090
006d
002b
ffeb
ffc4
ffb0
ffaa
ffb9
ffce
ffd2
ffc0
ffaf
ffb1
ffbe
ffbf
ffb3
ffa8
ffaf
ffbc
ffbe
ffb9
ffb7
ffb9
ffb9
ffb3
ffab
ffaf
ffbe
ffc5
ffb9
ffa8
ffa4
ffab
ffb2
ffb7
ffb9
ffba
ffbd
ffbd
ffbc
ffc2
ffcf
ffd6
ffd8
ffe3
ffdf
ffc4
ffad
ffa2
ffa2
ffaf
ffc4
ffce
ffc2
ffb1
ffb0
ffba
ffbc
ffba
ffbd
ffc3
ffcd
ffdd
fff0
0005
0008
ffe6
ffbb
ffaa
ffa4
ff9e
ff98
ff93
ff8d
ff8e
ff9f
ffb6
ffc6
ffcd
ffcf
ffd8
ffe7
fff3
0000
0018
0027
0022
001a
000c
fffa
ffde
ffc6
ffbd
ffb2
ffa2
ff96
ff92
ff93
ff9a
ffaa
ffbe
ffd0
ffd9
ffd4
ffcb
ffc3
ffbf
ffb7
ffb8
ffda
001d
007b
00f9
018e
0216
0250
0201
013e
0076
fff3
ffb1
ff92
ff94
ffad
ffbb
ffc6
ffd4
ffd8
ffca
ffb9
ffbb
ffca
ffdd
fff4
0010
002e
0046
002c
ffe6
ffbc
ffb9
ffb9
ffb6
ffba
ffbe
ffc7
ffdd
ffef
fff4
fff1
fffa
0022
005b
007a
0074
0064
0040
001f
0021
002e
0034
0050
006c
0064
0054
005c
0069
0073
0075
0068
0066
0084
00c1
00f1
00e8
00d3
00d2
00df
00f4
00fe
00e5
00b6
0089
006c
0053
0044
0044
002a
fffd
fff2
0001
0004
fff5
ffc5
ff8a
ff74
ff81
ffa8
fff3
0031
0031
0022
0047
0062
0027
ffe2
ffc3
ffb6
ff9a
ff72
ff8c
ffd0
ffcd
ffa6
ffa6
ffa9
ff9a
ff9f
ffc0
ffdd
ffea
0003
002e
006e
0098
005e
fff7
ffc4
ffa9
ff90
ff8f
ffa5
ffc4
ffe2
ffe2
ffb7
ff9e
ffbc
ffe1
ffdf
ffd7
ffd3
ffdc
0004
0034
0024
ffeb
ffca
ffa0
ff83
ff9c
ffcc
ffdd
ffde
fff5
000c
0024
0030
0011
ffec
ffc3
ff84
ff5f
ff7d
ffc4
0004
003d
0055
0019
ffea
fff6
fffe
ffdf
ffc1
ffc7
ffd8
ffea
001f
004e
003a
0017
000e
0005
ffc6
ff82
ff7b
ff93
ffa3
ffb3
ffc9
ffcb
ffb2
ffa3
ffaa
ffb5
ffcc
0013
008e
00fd
0129
0177
01f2
021a
01cb
011d
004f
ffd2
ffc4
fff4
002e
004d
004b
001c
ffcd
ff9a
ff94
ffaa
ffc0
ffbb
ffa5
ff95
ffa7
ffd4
fff3
ffee
ffea
000a
0019
0002
ffd5
ff99
ff7e
ffa3
ffdf
fffe
ffff
000a
002d
0037
0030
003d
0040
001e
0005
0005
0010
0038
0079
009e
0079
0033
0020
003e
004d
003d
0027
0025
0045
0071
008e
00a7
00cf
00f7
0114
0119
00ed
00a3
0051
002e
0036
0023
000a
0009
000b
000e
0027
0035
0004
ffca
ffc5
ffce
ffb8
ff9c
ff99
ffa8
ffc9
ffbb
ff95
ff9e
ffa6
ff9b
ff93
ff80
ff77
ff84
ffa1
ffbc
ffcc
ffb9
ff95
ff96
ffb9
ffdc
fff1
fffd
0005
0000
0004
ffee
ff8a
ff56
ff72
ff7c
ff67
ff6b
ff8c
ffa6
ffb2
ffbe
ffe0
000b
001c
0020
ffe6
ff93
ff8e
ffba
ffca
ff9c
ff76
ff79
ff86
ff9c
ffba
ffc5
ffb4
ffa0
ffa5
ffbc
ffcb
ffd7
ffe9
fff9
fffa
fff1
ffcb
ffa5
ffb3
ffb4
ff8b
ff68
ff65
ff84
ffb3
ffdc
ffed
fffa
000e
0013
0006
ffea
fffd
0064
00b0
0046
ffa4
ff69
ff5f
ff61
ff8b
ffb8
ffb1
ff98
ff94
ffa7
ffb9
ffaf
ffa3
ffb1
ffd2
fff4
0003
ffeb
ffb9
ffb6
0006
0094
0137
01d5
0251
025c
01c2
00d0
000f
ff99
ff65
ff6e
ffa1
ffd5
ffd7
ffbb
ffb2
ffc4
ffdc
ffea
ffee
fff8
fffc
ffe4
ffc9
ffaf
ffa6
ffb7
ffcb
ffdd
fff1
0000
fff6
ffe8
fff8
0015
001c
0004
ffe2
ffc9
ffd8
0017
0049
0034
0011
0006
fff9
fff6
0000
0008
0013
0033
0059
0063
005c
005a
0061
006d
007c
009c
00d4
00ff
0105
00e9
00bd
009a
0066
003f
003b
0045
0050
0055
0052
0045
0031
001f
0017
0015
0005
ffed
ffe0
ffe0
fff5
0009
0009
0021
0025
ffc1
ff66
ff5b
ff56
ff57
ff6e
ff83
ff88
ff8f
ffa0
ffb7
ffc2
ffbb
ffb4
ffb8
ffc2
ffc7
ffcc
ffe4
0015
002e
0019
ffe1
ff9e
ff7a
ff7c
ff8d
ff9e
ffa8
ffab
ffad
ffac
ffae
ffb3
ffb7
ffb8
ffbb
ffbe
ffc1
ffc0
ffbf
ffc1
ffca
ffe0
fffb
0000
ffeb
ffda
ffca
ffb2
ffab
ffc5
ffe2
ffea
ffd3
ffb2
ff9f
ff97
ff9e
ffab
ffb3
ffb4
ffb5
ffba
ffc4
ffce
ffd0
ffcf
ffd4
ffe1
fff3
fffe
0000
0010
0023
0017
fffd
ffee
ffe4
ffda
ffdf
fff7
000c
0002
ffec
ffda
ffc4
ffb1
ffb5
ffd4
fffc
0008
ffe8
ffb7
ff99
ff99
ffa8
ffc1
ffe0
ffeb
ffd8
ffc6
ffe3
0046
00e3
0195
0232
027d
0240
0193
00ef
007c
0013
ffcc
ffa4
ff88
ff84
ff91
ffa8
ffbb
ffc1
ffc4
ffcc
ffd8
ffe3
ffe6
ffe6
ffef
0002
001a
002e
003d
003d
0035
003e
002e
ffec
ffb9
ffb2
ffba
ffca
ffe7
0002
000f
0010
0017
0028
002f
002e
0033
0047
006e
0097
00ad
009e
006e
004c
0046
003f
003f
0059
0077
0087
0096
00b1
00d1
00e8
00ef
00de
00c2
00b6
00b9
00b5
00a2
008c
0078
004f
001d
0005
ffff
fffc
fffb
ffff
0001
fff8
ffee
ffe9
ffe6
ffeb
fffd
0011
000b
ffeb
ffd9
ffd4
ffca
ffd0
ffe8
ffed
ffdc
ffd0
ffc4
ffbe
ffc5
ffcf
ffd2
ffd0
ffd1
ffc9
ffc5
ffd9
fff2
0001
0014
002d
0025
fff3
ffc9
ffac
ff95
ff98
ffb1
ffc3
ffc9
ffd4
ffd8
ffd1
ffd5
ffe7
fff3
fff6
fff5
ffee
ffd9
ffbf
ffbf
ffd9
fff0
fff1
ffe7
ffde
ffdf
ffd7
ffca
ffc8
ffca
ffc9
ffd0
ffe4
ffef
fff4
fff6
fff0
ffe6
ffe0
ffd9
ffd7
ffec
0009
0015
0013
0007
0004
000c
0010
0002
ffea
ffe1
ffe8
fff2
ffe6
ffc5
ffac
ffae
ffbc
ffc9
ffcd
ffc4
ffbd
ffc4
ffca
ffc7
ffc9
ffdc
fffb
000f
0000
ffe7
fff8
003c
00a8
013d
01ed
0271
0275
01de
00f1
0031
ffbb
ff92
ffbc
0004
0016
0000
0000
fffd
ffd3
ffaf
ffbd
ffca
ffc2
ffe2
0004
ffeb
ffd6
0003
0029
0007
ffc6
ffa4
ffaf
ffe5
003d
0083
0077
0021
ffbc
ff82
ff8c
ffb8
ffd5
ffdb
ffdd
ffef
000f
0027
0031
003a
0051
006e
007e
007a
007f
009a
00b4
0093
0054
0039
0045
0062
0086
00a5
00aa
00a6
00a5
009b
009a
009e
0093
007d
006e
005b
0042
002c
001c
0015
000a
fff6
ffe5
ffe0
ffde
ffd5
ffc2
ffb2
ffae
ffac
ffac
ffad
ffb1
ffbc
ffc3
ffbf
ffbe
ffc0
ffbc
ffbb
ffb9
ffb7
ffae
ffa4
ffa9
ffaf
ffae
ffaf
ffae
ffa9
ffa9
ffb1
ffbb
ffbf
ffbb
ffb7
ffb7
ffb9
ffb9
ffb6
ffb7
ffbe
ffc8
ffcf
ffcc
ffc8
ffc6
ffbd
ffb2
ffb2
ffbc
ffbd
ffba
ffba
ffb2
ffa8
ffa6
ffb0
ffc4
ffe3
000a
0025
001c
fffc
ffdd
ffca
ffc4
ffc6
ffb3
ff74
ff41
ff42
ff5f
ff80
ff9d
ffac
ffb0
ffb4
ffbe
ffcb
ffd3
ffd5
ffdc
ffee
0001
000d
000d
0010
001f
002c
0022
fff5
ffbe
ffa6
ffad
ffbd
ffbd
ffa7
ff92
ff8e
ff98
ffab
ffb9
ffbb
ffb8
ffbe
ffd3
fff9
0018
001f
0021
0039
007c
00cf
0127
019c
0208
0204
016f
009c
fff9
ff98
ff6b
ff77
ff9f
ffbe
ffd0
ffe5
fff8
fffd
fffb
fffa
0005
ffff
ffd7
ffb4
ffab
ffb9
ffd3
ffe9
ffef
ffdb
ffbc
ffb3
ffb9
ffc1
ffd7
0000
002b
003b
001f
fffa
ffec
fff5
0016
003f
005c
006c
0061
002f
000d
0017
001b
000c
fffe
0003
001d
003f
005c
007a
0097
00ae
00b2
009c
0089
008d
00a1
00af
00b9
00b4
009f
008f
008f
0097
0084
004c
0021
001e
0016
fffe
fff9
fffa
fff5
ffe8
ffc9
ffb0
ffa7
ffac
ffc4
ffde
ffd3
ffa6
ff85
ff92
ffac
ffbb
ffc2
ffca
ffd0
ffcc
ffc6
ffc9
ffcc
ffcf
ffd1
ffbc
ff99
ff9e
ffc6
ffdf
ffcd
ffab
ff9b
ffa3
ffbf
ffef
0018
001b
fffa
ffe4
ffe7
ffe4
ffc1
ffa6
ffae
ffaf
ff9b
ff91
ff94
ff9e
ffb0
ffc6
ffd6
ffde
ffe6
ffea
fff0
fff9
ffee
ffd4
ffd2
ffe5
fff0
ffe5
ffbe
ff9e
ff98
ffa5
ffca
fff3
fff0
ffcd
ffbd
ffca
ffe8
000a
0027
0022
0003
fff0
ffe7
ffe8
ffee
ffeb
ffd9
ffd1
ffd9
ffdc
ffc6
ffb3
ffb5
ffb7
ffbd
ffd2
ffe9
ffea
ffd1
ffc5
ffdb
ffe1
ffcb
ffce
ffec
0029
00a1
014e
01f4
0256
023d
0196
00bb
0013
ffb7
ffa1
ffb4
ffcf
ffd9
ffd9
ffd9
ffdb
ffdf
fff4
001e
002e
0005
ffd6
ffc4
ffb8
ffac
ffb2
ffc3
ffc7
ffd2
fff4
0009
fffe
ffef
fff2
fffd
000d
0011
fffd
fff3
000a
0035
0055
0046
0022
0006
fff8
0001
0018
0030
0042
0055
0065
006c
0077
008f
00a0
00a4
00a9
00a9
00a9
00c0
00e0
00de
00ba
0087
0069
0072
0085
0091
0094
0081
0064
0057
0060
005c
0033
fff3
ffc4
ffa3
ff9a
ffa5
ffad
ffb3
ffba
ffb5
ffab
ffad
ffba
ffd3
ffee
fff3
ffd1
ff9f
ff80
ff7e
ff87
ff8c
ff93
ffa1
ffc6
fff7
000d
fff3
ffbb
ff99
ff97
ff97
ff8a
ff89
ff93
ffad
ffd1
ffe7
ffe9
ffd6
ffc5
ffc9
ffd7
ffe1
ffdd
ffcc
ffbc
ffbc
ffb7
ffb0
ffb5
ffba
ffb8
ffb1
ffae
ffaf
ffaf
ffac
ffab
ffb6
ffc7
ffda
ffe7
ffeb
fff3
fffb
ffeb
ffc7
ffb3
ffc0
ffd0
ffca
ffc3
ffc1
ffc0
ffc0
ffc7
ffde
fffb
fff9
ffee
fff8
000f
0025
001f
0004
ffec
ffd7
ffc2
ffc3
ffd8
fff8
0011
000a
fff1
ffd5
ffb9
ffac
ffb5
ffc4
ffc0
ffb3
ffac
ffaf
ffbc
ffc9
ffd1
ffd3
ffe4
0024
008e
0119
01ac
0226
0266
023a
018c
00af
0017
ffcf
ffb7
ffc7
ffe1
ffca
ffa0
ff9d
ffbc
ffd2
ffcc
ffc5
ffc6
ffc9
ffcf
ffdc
ffe3
ffe7
fffb
0021
0032
0026
0012
ffee
ffc6
ffba
ffc3
ffcd
ffda
ffee
0000
0009
000d
0014
001e
0024
0027
002e
0039
0041
0042
0043
0049
0053
005f
006a
006c
006d
0074
0081
008d
009a
00a6
00ad
00b0
00b1
00b4
00ba
00be
00ba
00b2
00af
00ab
00a1
008f
0072
0056
003e
001e
ffff
ffee
ffe4
ffd1
ffb2
ff9f
ffa0
ffa5
ffa5
ffa3
ffa2
ff9f
ff9e
ffa5
ffb1
ffbf
ffcc
ffdb
fff4
000f
000a
ffdc
ffb0
ffa1
ff91
ff73
ff66
ff73
ff88
ffa1
ffbb
ffbf
ffb2
ffaf
ffbf
ffdc
fff1
ffef
ffda
ffc3
ffb4
ffa6
ff99
ff95
ff98
ff9b
ffa1
ffab
ffb4
ffbf
ffcb
ffca
ffb7
ffa2
ff9b
ffa6
ffba
ffc8
ffcd
ffcc
ffc7
ffc8
ffd2
ffd7
ffd1
ffcc
ffdb
fffb
0014
0004
ffce
ff9b
ff88
ff8e
ffa1
ffba
ffca
ffcb
ffcd
ffda
fff1
0000
0005
0002
fffc
fffb
0003
0007
ffff
fff8
fff8
fff7
fff5
ffee
ffd7
ffba
ffa4
ff9a
ff9d
ffaa
ffb4
ffb7
ffbb
ffc3
ffcc
ffcc
ffc7
ffd2
0002
0059
00db
0181
021f
0284
027b
01db
00e2
000b
ff88
ff65
ff7f
ffa0
ffb2
ffb7
ffbf
ffd0
ffdd
ffda
ffcd
ffc7
ffcc
ffd6
ffde
ffe7
fffe
001c
002b
0026
001b
0007
ffeb
ffd5
ffc2
ffb6
ffb7
ffc4
ffd6
ffe7
fff6
0003
000f
001b
002a
003c
0056
006c
0066
0050
0049
004e
0045
0033
002f
0038
0042
0051
006a
008b
00a9
00be
00c9
00c2
00b4
00a7
00a3
00b0
00bf
00bb
00ac
00a4
008e
0066
003c
001a
0007
0003
0004
fffc
fff0
ffe7
ffe5
fff1
fff7
ffe4
ffd3
ffc0
ff9a
ff79
ff77
ff87
ff97
ff9d
ff96
ff90
ff94
ffa5
ffb4
ffbd
ffbd
ffb9
ffc3
ffdb
ffe2
ffd8
ffd9
ffe4
ffe3
ffd6
ffd3
ffd5
ffde
ffd9
ffb3
ff94
ff81
ff74
ff7a
ff8e
ff9e
ffa7
ffaf
ffc2
ffde
fff2
fffc
0007
0008
fff8
ffdd
ffc0
ffa3
ff90
ff91
ff9f
ffa4
ffa2
ffad
ffc1
ffc7
ffc0
ffc2
ffca
ffd3
ffd8
ffdd
ffe6
fff1
fff4
fff1
fff2
fff8
fffd
0009
0015
0018
0011
0003
fffc
0002
0009
fffe
ffe4
ffc9
ffb2
ffa1
ff9f
ff9e
ff9b
ffa2
ffb1
ffc4
ffd6
ffe4
ffe8
ffe5
ffed
0018
006e
00f4
019d
023b
0284
023f
0170
008e
fff2
ffa3
ff98
ffb5
ffd6
ffe0
ffd9
ffda
ffe4
ffe4
ffdc
ffd8
ffdd
ffe7
ffea
ffe4
ffde
ffdf
ffe7
ffed
ffed
fff2
fffa
ffff
fffe
fff7
fff4
fff4
fff7
fffe
0000
0002
0008
0010
0016
001e
0028
0031
0037
003e
0041
0045
004a
004d
005a
0079
00a6
00ca
00dc
00d6
00b4
0092
0077
006b
0072
0084
0093
0098
0099
009b
0099
0092
0083
0072
0069
0075
0096
00b2
00a5
005d
fff8
ffaf
ff8c
ff80
ff85
ff8a
ff86
ff84
ff90
ffa2
ffad
ffaa
ffa7
ffb5
ffd7
0002
001c
0017
fffe
ffd6
ffaf
ff98
ff8f
ff92
ff9d
ffa7
ffa8
ffab
ffb4
ffba
ffbd
ffc2
ffc9
ffd0
ffd8
ffdf
ffeb
ffff
000b
0002
ffdc
ffb5
ffa0
ffa0
ffab
ffb2
ffb7
ffb9
ffb5
ffb2
ffb9
ffc9
ffda
ffeb
0008
0024
0022
fff4
ffcd
ffc7
ffbf
ffa5
ff93
ff8d
ff87
ff8d
ff9f
ffb8
ffd2
ffe4
ffea
fff2
fff0
ffdf
ffdb
ffe4
ffe8
ffe3
ffe8
fffa
0007
0003
fff1
ffe2
ffdc
ffd5
ffd4
ffd9
ffe5
fff1
ffeb
ffd9
ffbd
ff9d
ff93
ffaa
ffce
ffe0
ffd0
ffb8
ffb8
ffc4
ffd0
ffd0
ffc9
ffc4
ffd7
000b
006c
0109
01c0
0247
0266
020c
014a
0074
ffdf
ff9d
ffa0
ffc2
ffda
ffdb
ffd2
ffd1
ffd6
ffda
ffdb
ffe4
fffa
ffff
ffef
ffde
ffd8
ffe5
fffb
0008
000d
0008
fff3
ffe4
ffea
fffb
000e
000e
ffff
fff7
fff7
fff3
ffe8
ffe2
ffe8
fff5
0009
0020
0032
003d
0043
004c
0055
0057
0062
0078
0088
00a5
00d2
00cb
0095
006f
0064
006c
007c
008a
009b
00ae
00b5
00bd
00b2
0091
007b
006f
0073
0087
007f
004c
001a
ffff
ffe5
ffd2
ffcc
ffb9
ff9d
ff8d
ff8b
ff8c
ff97
ffae
ffbe
ffc3
ffcf
ffe3
0004
0018
ffeb
ffb0
ff93
ff85
ff80
ff8a
ff98
ffa1
ffad
ffbc
ffc3
ffc4
ffc4
ffcc
ffe7
0008
0018
0006
ffdf
ffd7
ffe9
ffd3
ffab
ffa3
ffa7
ffa5
ffad
ffbf
ffc7
ffc4
ffca
ffd3
ffd7
ffd4
ffcb
ffc5
ffcf
ffe8
000e
0029
0025
fff9
ffc0
ff9a
ff8e
ff9a
ffbb
ffd4
ffcc
ffb7
ffb8
ffcd
ffe2
fff0
0001
0023
0042
003d
001b
ffdd
ffa5
ff95
ffa3
ffc4
ffdd
ffec
fff8
0002
0007
000a
0003
ffed
ffd9
ffd1
ffd1
ffd4
ffd9
ffde
ffe1
ffdf
ffdf
ffe2
ffe7
ffe6
ffdd
ffd0
ffc5
ffc5
ffcc
ffd0
ffd0
ffc5
ffb6
ffc4
fffe
0067
0100
01ad
0244
0291
025f
019d
00bb
002b
ffdf
ffbe
ffc0
ffcd
ffbc
ffa3
ffae
ffcf
ffe1
ffd6
ffd8
fffe
0025
0017
ffdf
ffb8
ffba
ffd8
fff1
ffe0
ffbe
ffb0
ffc2
ffee
001a
0030
001d
ffef
ffdc
ffe0
ffe3
ffe2
fff1
0017
002e
002f
002b
002e
0033
003c
0053
0052
003b
0038
003f
0048
0059
0063
0061
0063
006f
0082
0098
00ab
00ba
00c6
00d2
00d6
00c8
00ab
008f
008b
008f
0084
0059
0019
fff4
ffe3
ffd1
ffc4
ffb2
ffa9
ffad
ffb5
ffc1
ffce
ffe1
ffe6
ffd7
ffae
ff87
ff77
ff80
ff9f
ffba
ffb3
ff9b
ff91
ff8e
ff93
ff9e
ffa2
ffa4
ffaa
ffbe
ffd0
ffca
ffc1
ffca
ffca
ffb6
ffaa
ffb7
ffd6
ffe4
ffd2
ffb1
ff8e
ff85
ff91
ff97
ff9c
ffac
ffb4
ffbb
ffd0
ffe2
ffdf
ffd0
ffd2
ffe1
ffde
ffc0
ff9d
ff82
ff80
ff95
ffa3
ffa3
