575
382
169
22
-59
-84
-67
-41
-37
-50
-57
-50
-46
-48
-46
-37
-27
-24
-24
-19
-14
-19
-29
-35
-30
-18
-10
-9
-9
-1
8
12
13
16
24
32
32
28
28
31
38
43
45
53
67
80
91
101
109
114
123
137
148
154
159
167
176
186
197
204
200
190
182
170
152
136
122
113
99
79
58
35
6
-24
-44
-50
-45
-36
-27
-22
-29
-47
-65
-72
-78
-84
-78
-65
-63
-75
-84
-82
-76
-73
-71
-59
-39
-29
-39
-53
-64
-77
-90
-92
-84
-69
-52
-41
-40
-49
-62
-69
-64
-52
-37
-31
-30
-41
-63
-81
-87
-88
-87
-82
-77
-79
-80
-73
-60
-48
-37
-35
-43
-47
-51
-66
-83
-85
-68
-50
-41
-28
-13
-1
0
-5
-9
-9
-4
12
31
35
27
14
-7
-22
-29
-37
-49
-58
-58
-55
-53
-52
-50
-46
-38
-25
-15
-9
-13
-50
-100
-129
-134
-113
-53
48
190
359
516
613
595
438
217
49
-43
-80
-81
-66
-58
-65
-74
-72
-74
-81
-86
-80
-65
-54
-57
-64
-54
-34
-15
-3
5
17
18
2
-32
-58
-67
-71
-67
-52
-29
-10
-6
-7
-6
-4
-2
6
17
32
43
50
61
79
102
115
115
102
93
101
112
120
132
148
162
169
169
163
153
147
143
135
110
67
17
-15
-23
-22
-23
-30
-35
-39
-51
-67
-84
-98
-114
-125
-121
-109
-101
-97
-96
-96
-97
-97
-93
-89
-89
-96
-107
-109
-108
-110
-112
-108
-99
-94
-91
-88
-80
-70
-63
-62
-64
-70
-77
-80
-77
-75
-76
-75
-76
-79
-82
-86
-84
-74
-66
-63
-65
-64
-57
-54
-61
-69
-81
-95
-105
-103
-95
-92
-92
-88
-78
-63
-55
-54
-55
-55
-58
-60
-58
-52
-44
-34
-24
-14
-7
-5
-8
-15
-23
-28
-37
-54
-72
-83
-87
-86
-82
-75
-67
-57
-45
-37
-33
-30
-32
-37
-34
-41
-67
-91
-76
-9
109
270
437
561
585
466
249
56
-60
-106
-98
-68
-46
-42
-43
-33
-19
-14
-16
-32
-51
-58
-63
-68
-65
-52
-43
-41
-42
-42
-36
-31
-28
-24
-16
-7
-2
3
9
23
34
30
15
6
13
29
42
55
68
71
70
69
71
81
95
105
110
119
133
145
154
161
167
174
178
180
176
170
158
142
124
113
101
68
26
-5
-24
-37
-46
-52
-63
-76
-79
-76
-71
-68
-67
-66
-67
-75
-90
-97
-88
-80
-82
-83
-82
-81
-79
-80
-84
-84
-78
-73
-68
-70
-79
-83
-76
-61
-46
-42
-41
-46
-59
-69
-74
-72
-68
-68
-70
-65
-55
-49
-54
-58
-55
-49
-48
-53
-66
-75
-77
-70
-57
-51
-47
-37
-40
-57
-71
-88
-97
-87
-68
-44
-21
-13
-25
-32
-27
-27
-25
-19
-16
-17
-16
-11
-1
-4
-20
-31
-34
-45
-64
-74
-78
-80
-75
-66
-62
-59
-46
-23
-5
-11
-41
-73
-80
-36
50
164
306
467
591
602
479
267
80
-23
-54
-51
-42
-42
-41
-19
2
-5
-35
-57
-45
-9
23
27
9
4
-3
-26
-47
-49
-28
8
34
24
8
23
61
100
107
81
69
78
75
47
20
20
39
77
132
168
162
152
165
169
141
117
106
104
116
140
161
172
185
206
232
258
260
238
211
192
177
164
139
103
74
53
32
18
14
8
-3
-20
-34
-49
-66
-71
-60
-48
-43
-48
-53
-49
-42
-41
-44
-43
-40
-36
-34
-37
-39
-36
-30
-22
-11
-12
-33
-55
-69
-72
-65
-52
-42
-37
-34
-30
-25
-22
-28
-39
-51
-59
-65
-68
-64
-56
-53
-58
-63
-60
-52
-48
-47
-49
-51
-51
-50
-53
-55
-53
-54
-55
-51
-48
-47
-47
-49
-50
-47
-43
-38
-34
-33
-28
-14
-2
4
7
7
1
-6
-11
-15
-17
-21
-32
-45
-54
-58
-59
-59
-57
-54
-52
-51
-47
-46
-49
-53
-55
-62
-66
-64
-45
5
99
238
398
538
610
559
381
159
-4
-85
-94
-66
-38
-22
-11
-5
-17
-35
-48
-62
-68
-62
-55
-55
-54
-45
-32
-27
-28
-26
-16
-5
-2
-8
-13
-11
-5
0
2
6
13
24
32
34
31
33
41
47
50
56
67
76
81
84
92
103
109
114
126
143
154
159
161
163
164
163
160
151
140
131
116
101
87
69
48
29
4
-22
-40
-50
-59
-65
-69
-71
-76
-83
-87
-86
-88
-93
-94
-92
-86
-77
-69
-62
-58
-57
-59
-62
-67
-64
-51
-44
-47
-58
-62
-61
-68
-71
-61
-62
-81
-92
-89
-94
-101
-103
-96
-80
-62
-48
-41
-43
-55
-70
-81
-81
-81
-81
-74
-57
-19
19
-2
-72
-130
-151
-147
-129
-107
-92
-91
-92
-84
-68
-62
-70
-74
-63
-47
-32
-26
-31
-44
-48
-44
-47
-51
-47
-36
-22
-8
6
18
24
13
-24
-51
-54
-48
-37
-37
-52
-79
-96
-95
-81
-69
-63
-65
-64
-51
-42
-41
-54
-76
-81
-48
30
148
304
466
591
616
497
283
89
-22
-60
-49
-10
-1
-42
-80
-83
-64
-47
-41
-39
-35
-37
-36
-31
-24
-17
-9
8
25
26
24
23
12
15
35
41
16
-18
-34
-28
-7
12
22
26
30
42
65
87
94
91
92
97
96
93
97
107
115
118
122
131
144
157
167
177
182
182
188
186
178
174
168
148
110
69
37
13
-6
-17
-31
-48
-60
-71
-77
-71
-64
-62
-63
-65
-67
-65
-63
-60
-65
-78
-82
-77
-73
-64
-52
-43
-31
-17
-22
-46
-76
-93
-90
-80
-68
-60
-66
-76
-73
-67
-65
-64
-62
-60
-58
-57
-59
-62
-62
-60
-55
-51
-52
-55
-60
-68
-73
-72
-64
-53
-48
-49
-46
-40
-41
-51
-64
-76
-78
-72
-63
-54
-47
-47
-50
-51
-44
-31
-18
-10
-7
-5
-10
-9
-7
-13
-15
-12
-8
1
-5
-33
-61
-80
-94
-100
-95
-84
-76
-70
-61
-57
-62
-71
-75
-65
-39
21
128
277
438
555
586
496
300
101
-30
-95
-106
-84
-65
-61
-61
-55
-48
-46
-42
-39
-39
-39
-42
-46
-44
-38
-34
-33
-29
-18
-2
2
-9
-21
-27
-24
-18
-12
-8
-2
4
10
16
21
22
26
35
45
51
58
68
75
82
92
105
120
132
135
131
127
128
134
142
151
161
171
170
167
169
160
137
113
90
62
27
-4
-25
-40
-48
-48
-45
-46
-54
-65
-64
-49
-42
-49
-65
-84
-98
-104
-103
-97
-94
-93
-91
-83
-72
-63
-63
-63
-58
-56
-64
-76
-82
-81
-74
-66
-59
-53
-50
-56
-65
-65
-61
-62
-61
-54
-41
-37
-47
-50
-48
-55
-67
-73
-68
-62
-60
-55
-47
-40
-39
-39
-40
-53
-67
-77
-83
-81
-77
-71
-64
-53
-42
-31
-19
-9
1
15
21
12
1
-13
-25
-27
-26
-25
-23
-28
-33
-36
-47
-59
-70
-77
-72
-56
-39
-32
-31
-37
-42
-40
-49
-73
-90
-83
-38
54
191
354
505
603
590
444
243
77
-37
-90
-85
-60
-42
-41
-48
-48
-50
-55
-56
-51
-46
-43
-37
-21
6
27
30
9
-16
-22
-16
-15
-18
-16
-14
-14
-14
-9
3
17
30
47
71
89
88
68
45
39
50
60
67
73
80
90
101
113
126
137
145
151
159
176
198
216
226
220
198
185
174
144
103
64
36
18
6
-3
-15
-26
-27
-24
-26
-32
-36
-41
-52
-67
-72
-71
-77
-82
-79
-71
-66
-61
-56
-54
-59
-67
-69
-59
-49
-47
-46
-45
-51
-56
-58
-54
-46
-45
-48
-55
-66
-64
-49
-40
-40
-39
-37
-41
-50
-58
-62
-61
-61
-65
-69
-66
-62
-56
-47
-42
-44
-49
-56
-58
-54
-50
-54
-66
-70
-72
-72
-72
-73
-72
-67
-56
-41
-28
-25
-29
-32
-26
-11
4
14
18
20
18
1
-16
-28
-42
-58
-64
-66
-72
-76
-77
-70
-64
-63
-64
-61
-55
-50
-45
-47
-61
-75
-67
-24
61
186
339
493
606
604
455
229
42
-62
-97
-86
-53
-32
-40
-52
-49
-48
-58
-69
-62
-43
-35
-39
-43
-35
-15
-4
-14
-29
-35
-32
-30
-29
-24
-17
-10
-8
-4
6
20
35
42
48
51
46
42
41
40
41
50
65
79
90
103
120
134
145
152
160
159
143
138
144
150
157
164
171
168
154
140
130
111
81
52
30
16
5
-2
-13
-36
-50
-55
-62
-74
-84
-88
-91
-89
-83
-77
-70
-70
-66
-55
-52
-65
-81
-87
-82
-70
-70
-80
-80
-66
-50
-46
-48
-62
-81
-91
-88
-77
-69
-61
-52
-48
-52
-58
-61
-63
-63
-64
-66
-67
-59
-54
-59
-64
-66
-67
-69
-69
-70
-70
-68
-62
-57
-60
-66
-64
-57
-49
-40
-36
-43
-57
-65
-64
-58
-54
-52
-53
-57
-57
-43
-23
-10
-1
16
33
38
29
2
-32
-50
-56
-50
-38
-34
-37
-45
-52
-53
-56
-63
-68
-70
-67
-60
-54
-54
-55
-55
-54
-53
-48
-23
30
121
260
423
563
624
550
349
136
-6
-82
-99
-79
-60
-60
-66
-62
-52
-46
-45
-40
-26
-15
-17
-22
-18
-13
-15
-28
-33
-27
-18
-9
-9
-14
-14
-12
-11
-12
-9
-6
-2
5
13
25
39
55
65
66
65
70
77
78
83
96
110
115
112
115
117
119
129
145
156
164
171
176
173
162
154
153
147
121
85
58
43
33
28
20
-7
-36
-53
-59
-65
-69
-71
-78
-89
-90
-83
-79
-81
-82
-80
-79
-78
-72
-64
-62
-64
-61
-59
-61
-62
-52
-42
-42
-48
-56
-65
-71
-76
-81
-83
-78
-70
-65
-63
-65
-67
-62
-51
-46
-52
-54
-40
-20
-5
-7
-23
-49
-79
-98
-104
-102
-95
-87
-70
-55
-54
-54
-52
-50
-45
-33
-18
-13
-20
-30
-30
-18
-2
10
12
2
-15
-24
-29
-45
-62
-72
-70
-63
-58
-57
-61
-63
-59
-50
-39
-32
-28
-18
-16
-30
-51
-70
-72
-45
16
121
270
430
550
580
481
284
97
-24
-78
-74
-41
-14
-9
-17
-17
-17
-30
-44
-48
-46
-47
-51
-49
-37
-25
-21
-28
-33
-27
-13
0
11
13
13
11
16
37
60
53
27
4
-4
3
19
37
52
64
70
73
76
76
82
97
114
130
144
157
173
189
191
180
166
162
166
162
149
132
117
106
96
83
67
53
46
33
10
-11
-20
-23
-23
-24
-26
-36
-58
-84
-102
-104
-96
-86
-77
-70
-64
-59
-53
-43
-35
-40
-48
-50
-50
-56
-65
-74
-77
-73
-64
-58
-53
-45
-46
-53
-58
-54
-42
-26
-24
-37
-50
-59
-61
-60
-58
-58
-60
-62
-57
-46
-44
-54
-64
-65
-59
-53
-50
-49
-44
-40
-45
-50
-48
-42
-38
-43
-56
-68
-72
-70
-68
-63
-55
-49
-41
-30
-20
-13
-12
-9
1
5
5
5
1
-7
-18
-29
-36
-38
-34
-27
-28
-38
-46
-50
-47
-48
-50
-50
-56
-62
-65
-66
-67
-72
-74
-52
8
111
254
415
555
626
575
391
166
1
-83
-98
-67
-31
-22
-31
-42
-49
-51
-50
-43
-36
-36
-40
-46
-43
-28
-15
-16
-25
-30
-21
-10
-11
-16
-14
-9
-5
-4
-7
-7
-1
11
23
33
40
47
58
67
64
59
61
72
86
94
100
106
114
127
142
155
161
161
162
166
171
173
173
171
164
154
135
109
85
72
59
36
7
-21
-41
-50
-51
-51
-57
-61
-60
-62
-67
-70
-71
-74
-80
-84
-87
-86
-83
-81
-79
-76
-71
-69
-68
-66
-65
-64
-62
-57
-55
-57
-60
-57
-51
-50
-54
-62
-69
-71
-70
-72
-72
-68
-67
-67
-63
-58
-59
-60
-52
-46
-49
-53
-54
-57
-64
-69
-72
-70
-68
-62
-56
-55
-55
-58
-62
-60
-56
-61
-69
-71
-69
-65
-58
-49
-44
-40
-37
-32
-26
-25
-23
-20
-22
-29
-37
-34
-19
-4
-5
-16
-25
-29
-30
-27
-28
-34
-41
-47
-48
-43
-36
-31
-29
-25
-24
-33
-45
-55
-62
-67
-72
-75
-77
-66
-21
71
214
385
541
625
581
399
173
12
-69
-87
-66
-39
-29
-33
-36
-34
-33
-32
-35
-32
-28
-30
-32
-24
-10
-11
-28
-41
-39
-26
-11
-3
-4
-6
0
7
5
3
5
7
16
29
34
33
37
46
53
64
80
94
101
96
85
81
88
99
112
127
142
155
164
173
185
197
212
215
201
177
148
118
90
69
54
40
24
4
-16
-29
-40
-51
-60
-65
-64
-62
-61
-62
-66
-69
-70
-68
-69
-75
-80
-83
-87
-83
-73
-58
-54
-66
-77
-78
-76
-67
-55
-55
-65
-74
-75
-64
-53
-51
-59
-69
-72
-76
-77
-70
-60
-49
-51
-62
-68
-66
-58
-55
-65
-75
-80
-77
-71
-64
-62
-63
-66
-71
-74
-76
-76
-73
-69
-66
-66
-66
-64
-60
-55
-52
-40
-31
-43
-62
-72
-70
-61
-47
-38
-37
-36
-26
-11
0
-1
-8
-13
-13
-13
-15
-15
-19
-26
-39
-54
-59
-57
-56
-55
-46
-40
-45
-54
-62
-66
-67
-64
-62
-62
-47
-5
79
211
371
523
622
603
439
209
25
-75
-109
-101
-76
-58
-54
-52
-45
-39
-43
-48
-41
-28
-24
-31
-35
-29
-22
-27
-35
-37
-30
-20
-13
-14
-14
-5
4
6
7
16
30
31
29
33
42
49
52
52
53
60
67
74
83
92
102
112
120
128
142
159
171
176
176
174
173
179
185
176
153
131
117
111
94
68
45
23
-2
-20
-26
-24
-34
-48
-54
-58
-63
-65
-61
-56
-65
-80
-83
-73
-57
-42
-37
-47
-69
-88
-94
-87
-72
-62
-55
-50
-55
-57
-57
-54
-47
-45
-49
-54
-58
-58
-55
-52
-51
-48
-44
-39
-36
-38
-44
-45
-38
-40
-47
-50
-51
-50
-52
-55
-56
-57
-53
-43
-34
-29
-19
-13
-25
-42
-54
-63
-58
-51
-54
-57
-52
-37
-19
-8
-19
-32
-31
-25
-25
-30
-29
-15
2
7
2
-3
-5
-4
-3
-5
-12
-24
-33
-35
-38
-44
-48
-40
-28
-19
-15
-20
-24
-35
-56
-73
-85
-88
-67
-7
97
246
433
594
658
589
389
154
-9
-94
-119
-100
-70
-53
-50
-44
-29
-19
-10
3
12
24
40
19
-31
-49
-40
-49
-63
-55
-39
-28
-24
-12
14
27
18
6
8
28
53
45
9
-12
-13
2
24
45
60
67
76
90
111
130
140
144
139
124
112
108
119
142
166
179
183
186
186
181
169
151
135
120
96
68
49
36
22
4
-12
-33
-57
-71
-78
-83
-83
-77
-71
-71
-76
-76
-69
-67
-71
-74
-73
-67
-62
-56
-52
-57
-61
-64
-67
-66
-57
-40
-33
-46
-68
-81
-82
-75
-62
-42
-29
-34
-48
-59
-65
-72
-75
-71
-69
-68
-67
-64
-61
-58
-51
-41
-31
-24
-32
-44
-50
-58
-68
-74
-73
-71
-71
-69
-68
-70
-65
-58
-57
-57
-56
-54
-48
-43
-46
-52
-58
-62
-62
-64
-65
-60
-56
-53
-48
-41
-33
-26
-22
-17
-6
6
16
14
2
-9
-15
-18
-18
-23
-38
-48
-53
-53
-50
-50
-50
-46
-41
-41
-44
-42
-40
-45
-51
-58
-70
-67
-32
45
166
325
487
602
616
490
265
63
-57
-101
-90
-56
-33
-27
-28
-31
-31
-36
-49
-53
-43
-27
-20
-19
-14
-14
-26
-39
-43
-37
-26
-17
-12
-12
-11
-6
-2
-1
0
8
21
31
39
44
48
49
49
57
69
73
73
74
79
96
121
131
124
117
122
135
148
160
170
177
181
179
173
168
160
148
136
121
101
86
75
55
19
-24
-57
-78
-85
-84
-81
-78
-77
-77
-72
-66
-62
-60
-57
-54
-47
-51
-67
-81
-93
-102
-106
-103
-93
-80
-72
-67
-62
-61
-68
-77
-74
-61
-57
-67
-81
-84
-68
-52
-46
-52
-68
-85
-94
-91
-85
-82
-76
-74
-82
-84
-77
-66
-50
-39
-45
-58
-64
-62
-61
-66
-71
-81
-87
-83
-79
-76
-66
-59
-64
-68
-64
-60
-51
-36
-14
0
-7
-33
-49
-55
-66
-69
-61
-50
-41
-33
-24
-17
-12
-15
-23
-30
-31
-31
-35
-39
-39
-43
-48
-48
-46
-44
-44
-42
-47
-57
-61
-60
-65
-69
-62
-33
34
142
285
438
558
589
491
298
115
1
-63
-81
-65
-49
-47
-51
-47
-31
-23
-27
-28
-23
-27
-43
-53
-52
-48
-41
-34
-33
-38
-33
-21
-11
-1
22
47
50
34
22
18
12
-1
-4
8
23
46
54
46
41
49
69
90
104
112
121
135
148
148
136
132
144
160
175
177
166
157
150
145
145
145
133
107
76
53
35
16
2
-8
-22
-31
-39
-54
-65
-72
-77
-78
-75
-70
-70
-75
-78
-76
-72
-61
-50
-43
-45
-56
-66
-70
-62
-53
-52
-62
-60
-51
-49
-54
-59
-68
-76
-76
-64
-54
-52
-50
-44
-47
-54
-54
-44
-30
-29
-41
-52
-57
-60
-66
-71
-72
-66
-53
-44
-49
-56
-57
-55
-46
-31
-25
-26
-24
-20
-23
-40
-57
-58
-51
-49
-53
-60
-65
-63
-55
-45
-39
-34
-22
-5
8
10
12
11
2
-8
-17
-22
-26
-23
-17
-19
-25
-23
-11
0
-5
-17
-30
-43
-42
-37
-44
-56
-69
-81
-84
-84
-83
-74
-40
41
179
358
535
655
656
520
300
95
-44
-109
-106
-78
-61
-54
-45
-32
-22
-25
-35
-32
-13
11
19
1
-24
-43
-57
-63
-58
-47
-35
-17
11
31
26
12
6
7
14
15
7
4
11
24
38
47
51
55
63
73
83
91
102
117
127
130
138
149
155
157
160
164
173
187
198
201
193
182
177
174
156
125
94
69
49
31
14
-1
-22
-42
-53
-59
-63
-67
-72
-73
-79
-84
-83
-79
-75
-72
-70
-62
-39
-12
7
1
-39
-79
-91
-91
-91
-84
-77
-69
-54
-26
-5
-17
-37
-42
-35
-31
-41
-58
-76
-92
-95
-86
-82
-85
-84
-80
-75
-71
-56
-39
-27
-19
-23
-34
-49
-64
-67
-71
-81
-85
-74
-63
-61
-57
-53
-56
-64
-63
-54
-50
-51
-37
-9
18
11
-38
-83
-96
-86
-73
-71
-75
-80
-80
-66
-43
-17
7
32
36
18
-2
-22
-29
-20
-12
-23
-39
-42
-40
-41
-43
-41
-32
-21
-17
-32
-50
-54
-53
-57
-64
-64
-57
-45
-34
-36
-43
-33
16
117
259
403
527
597
555
380
158
-4
-88
-106
-79
-43
-22
-14
-9
1
9
1
-24
-52
-59
-44
-40
-49
-54
-53
-48
-40
-32
-24
-18
-19
-21
-15
-3
5
10
18
31
40
33
19
17
28
42
54
74
99
119
128
120
99
78
71
75
86
97
112
130
146
159
169
181
199
221
243
249
222
176
135
105
72
39
13
-8
-21
-26
-29
-36
-43
-41
-22
-1
-3
-25
-59
-91
-112
-119
-118
-112
-102
-93
-86
-76
-65
-60
-62
-66
-67
-67
-64
-65
-72
-78
-79
-73
-60
-44
-31
-29
-42
-64
-78
-82
-80
-70
-65
-74
-85
-87
-79
-70
-65
-65
-61
-57
-59
-62
-64
-67
-70
-64
-52
-48
-54
-61
-69
-77
-79
-79
-79
-76
-71
-66
-63
-60
-58
-56
-50
-33
-17
-23
-47
-67
-73
-72
-64
-52
-45
-44
-38
-27
-17
-12
-14
-11
-5
-2
-3
-13
-22
-24
-20
-23
-34
-42
-46
-40
-38
-52
-65
-70
-68
-66
-62
-57
-56
-58
-58
-58
-58
-51
-26
34
142
292
449
574
610
508
297
97
-25
-76
-78
-60
-48
-47
-48
-47
-43
-44
-49
-49
-40
-32
-32
-38
-37
-29
-26
-29
-30
-23
-15
-9
-8
-11
-7
0
5
8
11
15
16
19
24
30
37
43
49
54
60
68
78
87
93
103
113
119
123
130
140
151
161
166
169
173
179
182
181
175
163
148
129
107
95
85
62
34
7
-13
-28
-35
-44
-49
-43
-45
-53
-55
-55
-62
-71
-71
-67
-67
-61
-56
-64
-79
-94
-100
-94
-80
-72
-67
-65
-63
-55
-48
-43
-40
-41
-44
-52
-65
-76
-76
-73
-65
-56
-53
-48
-37
-26
-37
-59
-69
-68
-61
-57
-59
-59
-57
-57
-54
-42
-34
-39
-38
-35
-41
-48
-50
-41
-24
-10
-23
-53
-67
-73
-79
-75
-69
-72
-78
-71
-52
-32
-23
-1
21
2
-26
-32
-32
-29
-15
4
9
-6
-17
-15
-10
-6
-11
-30
-58
-75
-72
-61
-56
-53
-50
-52
-47
-36
-27
-27
-41
-59
-72
-78
-53
24
149
311
474
591
609
501
302
112
-17
-83
-77
-35
-16
-35
-58
-62
-59
-53
-39
-22
-12
-19
-36
-51
-58
-54
-41
-34
-36
-32
-23
-10
6
26
45
49
33
13
0
-5
-2
3
14
27
37
47
54
63
84
110
126
117
94
81
90
110
132
154
166
169
162
166
176
175
167
160
158
160
163
159
142
119
85
49
20
-2
-18
-40
-61
-68
-68
-70
-71
-70
-67
-62
-61
-59
-58
-64
-69
-69
-65
-66
-75
-78
-71
-67
-68
-70
-74
-76
-71
-66
-63
-62
-56
-46
-37
-42
-63
-82
-87
-80
-64
-55
-59
-66
-67
-61
-53
-42
-31
-26
-23
-26
-37
-58
-80
-90
-94
-92
-85
-79
-72
-66
-58
-46
-41
-45
-48
-42
-48
-58
-52
-48
-65
-76
-73
-67
-65
-60
-48
-39
-39
-33
-21
-10
-13
-33
-43
-43
-37
-33
-41
-51
-52
-40
-23
-11
-6
-4
4
16
30
26
-11
-52
-75
-81
-79
-74
-67
-60
-53
-44
-22
11
35
26
-22
-73
-106
-123
-116
-72
14
138
301
476
607
620
482
266
91
-14
-65
-73
-61
-54
-58
-65
-64
-58
-56
-57
-50
-34
-18
-9
-9
-6
6
12
-11
-37
-45
-45
-43
-38
-30
-18
-6
4
17
26
26
31
42
45
43
43
48
52
50
57
70
84
99
110
108
106
107
114
126
139
156
175
206
244
257
226
181
153
133
108
94
88
76
62
51
39
26
14
8
13
0
-31
-55
-74
-90
-97
-100
-101
-94
-85
-84
-82
-75
-72
-77
-83
-83
-81
-76
-69
-60
-58
-60
-64
-71
-72
-73
-76
-74
-69
-66
-65
-64
-62
-60
-60
-60
-61
-59
-58
-58
-58
-58
-57
-55
-55
-55
-57
-62
-66
-67
-65
-63
-61
-60
-60
-60
-55
-48
-42
-47
-59
-66
-70
-70
-69
-67
-64
-62
-61
-60
-59
-56
-57
-60
-59
-55
-51
-50
-49
-46
-41
-37
-33
-29
-24
-19
-12
-2
3
-1
-7
-12
-17
-22
-30
-40
-48
-53
-55
-55
-53
-53
-52
-54
-55
-55
-54
-50
-49
-51
-57
-63
-62
-34
31
136
282
442
568
603
499
293
100
-21
-82
-91
-69
-51
-46
-46
-39
-32
-34
-45
-48
-39
-32
-36
-41
-39
-29
-23
-24
-25
-20
-13
-12
-16
-16
-10
-4
-2
-1
2
7
15
21
24
28
36
44
50
54
62
70
75
80
85
94
105
114
122
130
138
148
158
167
173
175
176
176
172
164
151
137
122
104
84
62
41
22
3
-14
-27
-37
-47
-55
-61
-66
-67
-67
-71
-76
-77
-78
-78
-77
-73
-69
-67
-65
-62
-61
-64
-67
-68
-66
-64
-61
-58
-56
-54
-54
-56
-55
-50
-48
-48
-46
-46
-46
-45
-47
-47
-45
-43
-41
-42
-42
-43
-47
-49
-48
-46
-44
-42
-41
-40
-40
-42
-43
-42
-41
-41
-41
-40
-39
-40
-40
-38
-39
-40
-39
-38
-38
-38
-39
-38
-37
-35
-31
-25
-19
-12
-8
-4
1
7
12
17
19
13
3
-5
-9
-9
-11
-19
-27
-31
-34
-35
-34
-35
-37
-39
-40
-38
-34
-32
-33
-37
-42
-49
-49
-22
46
158
311
471
592
618
510
302
105
-18
-71
-71
-46
-27
-25
-29
-26
-20
-20
-27
-31
-27
-22
-21
-25
-26
-21
-16
-13
-12
-9
-2
4
3
1
8
16
18
19
20
24
33
39
41
44
47
54
60
63
69
78
89
96
103
111
122
135
146
156
168
179
187
190
192
193
190
184
178
171
163
149
131
112
92
73
54
33
13
-4
-19
-32
-41
-46
-52
-58
-61
-59
-56
-56
-56
-56
-59
-62
-64
-64
-61
-55
-47
-41
-40
-43
-48
-53
-58
-63
-66
-67
-66
-62
-54
-46
-42
-38
-34
-32
-31
-34
-43
-53
-61
-62
-60
-60
-59
-59
-59
-58
-57
-56
-57
-57
-55
-51
-47
-44
-38
-28
-18
-20
-30
-45
-62
-79
-91
-91
-84
-74
-64
-56
-49
-49
-51
-47
-38
-28
-24
-25
-26
-30
-35
-48
-61
-62
-55
-53
-53
-54
-60
-66
-66
-56
-45
-36
-28
-20
-9
4
9
4
-2
-7
-9
-7
-2
8
19
21
11
-7
-30
-50
-61
-69
-76
-74
-64
-55
-49
-42
-33
-33
-48
-59
-37
25
133
291
461
589
624
527
317
104
-28
-85
-86
-64
-51
-55
-63
-59
-38
-19
-18
-23
-26
-25
-22
-25
-27
-27
-35
-50
-62
-59
-42
-22
-15
-14
-11
-3
7
21
27
24
16
3
-3
3
17
32
45
56
63
69
73
73
78
89
102
111
119
128
137
151
173
193
207
210
206
191
170
151
137
127
118
108
92
68
41
18
-1
-16
-22
-20
-25
-39
-51
-54
-56
-59
-65
-81
-100
-107
-100
-84
-77
-80
-79
-83
-91
-86
-68
-60
-66
-77
-85
-91
-95
-89
-74
-60
-53
-56
-65
-68
-72
-78
-79
-78
-78
-75
-72
-72
-72
-73
-71
-77
-83
-83
-85
-82
-68
-52
-44
-44
-55
-69
-80
-84
-85
-85
-76
-68
-66
-63
-61
-65
-68
-63
-51
-35
-25
-25
-40
-60
-71
-82
-89
-89
-82
-73
-64
-65
-68
-67
-58
-43
-30
-26
-31
-37
-40
-42
-40
-33
-21
-9
-1
2
-1
-5
-6
-10
-21
-33
-46
-53
-54
-54
-56
-56
-52
-48
-46
-44
-42
-38
-27
-16
-5
-5
-27
-52
-49
-13
56
176
339
502
603
585
424
190
9
-81
-88
-45
-8
-14
-43
-58
-49
-33
-33
-49
-54
-49
-50
-55
-55
-48
-36
-27
-19
-8
0
3
7
10
2
-7
-12
-14
-9
3
17
26
29
30
36
47
54
59
59
56
57
64
74
88
107
123
136
148
156
164
177
189
183
170
167
170
175
178
176
161
139
118
96
76
54
33
14
2
-5
-18
-33
-45
-51
-56
-59
-58
-53
-50
-61
-82
-95
-96
-92
-96
-101
-102
-99
-94
-86
-79
-75
-77
-78
-73
-61
-51
-47
-48
-47
-43
-48
-66
-78
-81
-86
-92
-88
-81
-77
-73
-65
-55
-50
-53
-63
-65
-61
-61
-63
-64
-67
-72
-75
-77
-79
-77
-74
-73
-72
-71
-68
-66
-62
-56
-43
-31
-34
-49
-64
-70
-68
-66
-63
-66
-70
-74
-76
-72
-65
-60
-55
-45
-40
-47
-56
-55
-48
-43
-35
-25
-9
11
24
19
7
-5
-16
-19
-18
-22
-38
-53
-66
-70
-64
-61
-60
-59
-58
-58
-52
-40
-28
-23
-28
-40
-60
-72
-53
7
117
276
447
578
617
521
313
107
-23
-84
-91
-74
-54
-43
-34
-14
11
18
-4
-36
-54
-58
-57
-50
-38
-32
-32
-34
-33
-23
-11
-9
-13
-9
4
22
33
32
30
35
43
46
48
52
55
53
50
52
59
67
74
82
89
95
106
126
147
156
162
175
183
186
184
176
166
161
162
164
162
157
145
124
97
77
63
55
47
23
-9
-35
-53
-59
-52
-43
-45
-53
-58
-58
-55
-54
-56
-58
-59
-58
-56
-48
-39
-40
-46
-49
-56
-63
-63
-64
-63
-55
-43
-33
-33
-38
-40
-39
-39
-41
-42
-41
-42
-42
-40
-43
-45
-44
-48
-50
-48
-44
-37
-33
-36
-42
-44
-43
-44
-50
-63
-72
-70
-62
-54
-48
-44
-42
-44
-42
-37
-34
-30
-31
-39
-46
-51
-49
-40
-29
-22
-22
-24
-23
-22
-22
-24
-23
-17
-6
5
15
17
17
20
19
12
7
-1
-13
-21
-26
-36
-44
-47
-47
-39
-29
-28
-27
-26
-32
-52
-70
-81
-87
-78
-42
32
146
300
465
595
631
527
310
105
-19
-76
-79
-58
-41
-34
-37
-34
-29
-30
-37
-43
-36
-30
-36
-43
-42
-33
-27
-27
-32
-28
-19
-15
-14
-10
-5
2
9
10
9
14
21
35
43
39
41
47
50
50
54
62
77
94
106
111
104
100
107
124
149
171
180
183
187
204
216
202
181
173
172
159
132
102
76
66
69
68
48
2
-48
-71
-55
-7
42
61
84
99
32
-103
-180
-189
-174
-152
-145
-146
-149
-141
-114
-86
-77
-80
-74
-51
-31
-44
-67
-65
-59
-69
-83
-83
-58
-37
-39
-47
-61
-71
-68
-61
-61
-70
-76
-69
-65
-69
-65
-48
-53
-74
-77
-60
-45
-45
-47
-44
-32
-19
-12
-17
-37
-50
-48
-65
-101
-124
-122
-99
-60
-24
-24
-55
-70
-56
-41
-40
-38
-25
-16
-28
-40
-47
-59
-62
-48
-26
-11
-13
-17
-19
-25
-20
-1
13
18
27
44
68
79
72
59
44
8
-45
-82
-93
-86
-83
-78
-69
-65
-65
-71
-61
-40
-32
-37
-46
-54
-51
-15
61
146
251
388
523
598
552
370
141
-18
-77
-76
-60
-43
-33
-50
-59
-43
-37
-42
-29
3
33
53
37
15
-6
-47
-86
-104
-91
-65
-48
-39
-26
1
21
27
27
14
1
0
2
3
9
27
48
64
72
73
71
67
65
72
86
105
117
123
129
139
150
161
170
175
180
186
190
188
179
166
153
135
114
98
83
59
27
0
-18
-29
-38
-43
-43
-49
-48
-41
-48
-63
-74
-86
-97
-98
-93
-87
-84
-79
-72
-71
-72
-68
-67
-72
-75
-77
-76
-74
-73
-69
-64
-60
-59
-52
-39
-34
-41
-56
-72
-81
-80
-73
-69
-68
-69
-72
-70
-59
-53
-58
-60
-56
-54
-59
-61
-64
-72
-77
-76
-73
-67
-60
-57
-61
-61
-51
-40
-29
-15
-14
-24
-42
-64
-80
-91
-97
-96
-90
-83
-76
-62
-45
-34
-32
-37
-35
-25
-18
-26
-45
-56
-51
-39
-24
-4
12
11
-5
-15
-16
-22
-31
-31
-28
-33
-42
-48
-51
-56
-63
-66
-64
-59
-56
-54
-53
-52
-48
-49
-55
-61
-70
-74
-56
-3
95
247
419
563
620
539
335
118
-23
-84
-89
-66
-43
-32
-27
-22
-22
-32
-35
-27
-22
-16
-6
-4
-12
-29
-51
-65
-62
-47
-28
-15
-13
-22
-27
-24
-17
-13
-9
4
23
31
29
28
34
45
51
51
57
72
87
96
90
89
101
118
137
145
147
149
151
155
164
174
178
175
167
159
156
154
142
114
84
63
43
26
16
7
-5
-17
-27
-45
-64
-75
-81
-83
-78
-71
-70
-73
-77
-71
-63
-65
-70
-83
-93
-96
-92
-83
-77
-76
-76
-65
-54
-51
-48
-41
-45
-62
-77
-79
-79
-84
-90
-93
-93
-88
-81
-75
-65
-61
-64
-64
-63
-64
-71
-78
-81
-81
-78
-72
-64
-58
-58
-59
-61
-63
-61
-58
-59
-61
-56
-47
-50
-62
-78
-89
-94
-94
-89
-83
-76
-70
-67
-59
-45
-38
-38
-40
-46
-44
-29
-16
-14
-22
-23
-13
-5
-14
-34
-50
-57
-55
-38
-28
-36
-43
-42
-38
-39
-46
-52
-51
-50
-59
-73
-76
-59
-45
-58
-75
-89
-97
-84
-27
76
219
383
532
616
570
382
161
10
-67
-89
-80
-56
-30
-28
-41
-40
-40
-56
-65
-58
-51
-53
-53
-45
-37
-29
-23
-21
-20
-16
-14
-19
-20
-10
7
21
21
17
13
12
15
23
30
36
41
43
45
51
59
66
71
80
95
113
124
130
138
147
154
160
166
174
185
192
188
173
162
156
145
130
123
119
105
88
74
44
10
-15
-34
-48
-57
-60
-60
-62
-61
-53
-48
-49
-49
-46
-43
-48
-55
-60
-69
-76
-69
-63
-68
-75
-77
-66
-44
-30
-36
-47
-49
-52
-52
-46
-41
-38
-33
-32
-38
-48
-55
-51
-43
-42
-47
-58
-68
-67
-64
-58
-53
-50
-48
-47
-43
-43
-45
-39
-33
-37
-44
-48
-46
-43
-43
-43
-42
-44
-44
-41
-41
-45
-48
-48
-45
-41
-34
-28
-23
-17
-11
-7
-5
-3
3
12
15
14
12
9
4
4
10
7
-11
-29
-37
-35
-33
-34
-36
-38
-29
-6
10
9
-6
-33
-56
-69
-75
-78
-64
-12
84
227
401
565
654
607
418
182
14
-69
-88
-75
-60
-54
-56
-52
-41
-33
-35
-38
-32
-19
-9
-7
-13
-24
-30
-30
-31
-28
-17
-6
-2
-1
8
17
17
14
14
20
29
35
32
28
34
41
46
50
55
65
76
87
93
102
114
125
134
143
154
166
177
182
176
171
173
181
190
187
171
151
130
107
87
71
58
41
21
4
-3
-9
-24
-42
-54
-63
-72
-78
-84
-88
-87
-79
-76
-77
-75
-72
-69
-66
-61
-56
-51
-44
-39
-39
-43
-53
-66
-76
-82
-82
-77
-71
-66
-61
-61
-63
-59
-51
-44
-36
-42
-62
-76
-81
-83
-83
-79
-72
-70
-72
-67
-55
-44
-45
-54
-53
-43
-46
-63
-77
-76
-68
-64
-67
-70
-73
-77
-76
-69
-62
-59
-52
-46
-50
-54
-51
-50
-51
-47
-43
-45
-46
-40
-34
-34
-40
-41
-32
-16
-3
6
8
4
0
-6
-18
-30
-34
-27
-29
-43
-51
-53
-55
-51
-39
-33
-43
-59
-68
-67
-67
-67
-67
-72
-68
-25
70
213
380
534
627
593
415
184
11
-82
-105
-79
-43
-28
-31
-36
-36
-36
-38
-42
-38
-33
-36
-43
-49
-48
-41
-34
-31
-30
-23
-7
5
11
11
11
12
15
21
19
9
3
4
13
23
27
28
29
33
45
62
78
88
98
116
139
152
151
148
149
153
156
161
170
173
171
167
162
156
146
132
113
93
72
52
34
15
-1
-13
-22
-34
-46
-55
-60
-64
-69
-73
-72
-66
-64
-66
-70
-76
-80
-82
-81
-76
-72
-72
-75
-74
-73
-73
-71
-69
-69
-68
-60
-47
-42
-51
-63
-72
-79
-80
-74
-68
-65
-64
-63
-58
-56
-60
-68
-70
-66
-62
-63
-66
-67
-66
-64
-61
-58
-59
-61
-65
-66
-65
-63
-61
-59
-60
-61
-61
-60
-61
-62
-62
-61
-58
-54
-54
-55
-57
-56
-53
-48
-42
-39
-39
-37
-32
-25
-16
-6
-2
-4
-8
-7
-6
-11
-21
-30
-34
-41
-49
-54
-58
-63
-64
-60
-55
-49
-41
-39
-44
-49
-55
-53
-48
-46
-30
27
137
291
448
572
614
523
331
151
34
-25
-57
-80
-84
-81
-77
-64
-50
-55
-71
-84
-84
-70
-54
-43
-40
-41
-42
-45
-53
-53
-38
-24
-21
-13
4
10
7
3
1
8
24
35
35
31
33
42
49
53
65
91
112
109
94
85
87
103
119
127
137
151
159
167
177
181
183
188
192
187
174
154
124
90
68
56
45
26
0
-25
-46
-57
-58
-53
-48
-38
-15
3
-7
-49
-94
-111
-108
-99
-80
-70
-73
-74
-74
-72
-64
-62
-60
-46
-30
-27
-41
-52
-54
-58
-70
-82
-85
-74
-67
-69
-71
-69
-68
-64
-55
-51
-56
-59
-56
-42
-18
4
7
-3
-23
-47
-66
-73
-62
-48
-48
-60
-65
-57
-37
-12
-5
-15
-23
-17
13
34
27
18
18
-13
-79
-110
-105
-99
-95
-82
-61
-37
-11
28
65
86
106
133
128
43
-59
-113
-119
-98
-71
-52
-48
-46
-37
-13
10
0
-25
-24
-13
-33
-66
-83
-91
-89
-67
-18
73
215
388
541
630
605
435
209
36
-67
-100
-74
-31
-5
-1
4
29
34
2
-34
-52
-48
-33
3
39
44
14
-35
-65
-69
-60
-44
-32
-25
-10
22
67
114
112
51
-7
-28
-27
-19
6
40
78
114
118
82
49
30
31
57
94
118
121
123
141
167
179
175
174
183
193
194
187
183
181
167
140
113
92
81
76
60
33
11
-2
-9
-16
-37
-58
-74
-87
-91
-87
-80
-71
-64
-68
-73
-63
-54
-53
-45
-38
-51
-70
-82
-88
-83
-74
-67
-64
-62
-60
-57
-55
-54
-54
-52
-49
-48
-51
-53
-52
-49
-48
-49
-52
-53
-50
-46
-49
-58
-60
-59
-57
-55
-53
-54
-57
-60
-60
-57
-55
-55
-57
-58
-58
-59
-59
-57
-54
-51
-50
-54
-57
-57
-54
-54
-55
-55
-54
-53
-53
-55
-57
-55
-50
-42
-33
-26
-25
-25
-19
-9
-2
-2
-6
-11
-16
-23
-27
-29
-32
-40
-49
-58
-64
-67
-66
-62
-54
-46
-52
-60
-62
-61
-60
-66
-75
-81
-69
-19
79
221
382
524
597
545
360
137
-20
-95
-101
-66
-35
-34
-46
-43
-28
-33
-56
-68
-63
-57
-56
-58
-55
-48
-41
-38
-39
-36
-29
-20
-8
3
3
-4
-12
-18
-20
-16
-4
11
18
20
25
34
50
61
61
62
60
62
72
81
90
99
110
120
131
142
151
160
169
174
179
181
178
170
163
151
129
109
90
71
48
23
2
-16
-29
-38
-49
-60
-63
-64
-68
-75
-80
-80
-77
-78
-82
-84
-85
-83
-77
-68
-63
-67
-73
-77
-79
-80
-80
-76
-68
-60
-59
-65
-71
-71
-69
-69
-66
-57
-52
-56
-60
-64
-66
-63
-56
-50
-47
-49
-61
-73
-78
-74
-65
-62
-60
-66
-76
-77
-70
-66
-69
-72
-70
-65
-62
-63
-65
-65
-61
-56
-51
-53
-61
-67
-68
-67
-61
-52
-57
-66
-66
-60
-56
-52
-45
-41
-42
-41
-32
-21
-11
-4
-4
-8
-11
-12
-14
-21
-30
-40
-48
-54
-58
-59
-60
-58
-56
-49
-40
-36
-38
-44
-49
-53
-60
-70
-71
-51
3
105
248
404
534
589
515
324
122
-15
-85
-98
-77
-53
-44
-39
-26
-13
-20
-38
-48
-41
-29
-21
-23
-34
-36
-29
-29
-37
-40
-32
-27
-24
-20
-13
-4
3
6
8
14
21
26
31
37
45
49
44
44
53
68
77
77
81
95
111
120
125
129
133
137
145
157
169
181
196
198
176
150
132
118
107
96
82
64
44
27
15
1
-17
-35
-50
-59
-64
-68
-71
-70
-67
-65
-64
-64
-66
-68
-71
-73
-73
-72
-69
-67
-66
-63
-56
-48
-46
-55
-63
-64
-62
-59
-61
-61
-57
-56
-58
-57
-54
-52
-49
-46
-41
-38
-41
-50
-56
-57
-50
-41
-37
-39
-48
-58
-62
-61
-51
-42
-47
-54
-52
-47
-44
-47
-54
-55
-49
-46
-48
-53
-59
-61
-54
-44
-40
-37
-34
-31
-29
-28
-24
-16
-5
6
13
18
14
4
2
-2
-12
-23
-33
-39
-39
-35
-32
-32
-33
-39
-45
-44
-37
-34
-39
-44
-41
-40
-52
-53
-20
55
177
334
485
591
600
470
259
83
-22
-69
-65
-34
-15
-22
-30
-26
-25
-29
-31
-28
-23
-22
-25
-27
-23
-14
-1
3
-3
-6
0
5
5
10
13
12
13
18
30
41
45
40
39
57
71
63
53
55
69
83
91
98
102
110
126
141
151
152
152
160
171
177
180
185
191
192
189
183
170
151
128
106
86
64
47
30
6
-14
-25
-29
-33
-42
-51
-56
-60
-64
-67
-67
-67
-68
-66
-61
-59
-60
-59
-59
-57
-45
-35
-46
-64
-72
-71
-66
-63
-61
-60
-59
-54
-49
-46
-47
-51
-55
-54
-52
-54
-57
-56
-51
-47
-47
-42
-36
-42
-52
-60
-66
-67
-62
-58
-54
-51
-52
-54
-54
-54
-50
-46
-46
-51
-54
-56
-60
-60
-56
-52
-52
-51
-52
-55
-56
-54
-52
-50
-48
-49
-49
-46
-41
-41
-44
-39
-22
-12
-21
-28
-25
-18
-10
-3
-2
-8
-14
-16
-16
-16
-18
-26
-35
-41
-44
-47
-50
-51
-51
-48
-46
-45
-44
-46
-49
-52
-53
-49
-47
-46
-18
60
189
348
504
608
597
445
223
42
-61
-98
-84
-52
-35
-37
-42
-38
-31
-31
-37
-39
-36
-32
-33
-30
-23
-17
-17
-24
-29
-24
-10
-2
-8
-14
-12
-6
-2
0
3
9
16
24
33
41
46
51
60
67
65
64
68
75
84
97
110
121
131
140
150
159
166
170
173
177
178
174
171
169
160
148
136
123
105
85
59
22
-13
-34
-46
-55
-61
-66
-69
-70
-68
-68
-71
-76
-78
-76
-72
-68
-67
-72
-80
-82
-75
-63
-39
-22
-40
-73
-92
-98
-96
-85
-74
-70
-69
-68
-63
-60
-61
-66
-67
-65
-64
-64
-60
-55
-54
-56
-59
-62
-63
-63
-62
-61
-62
-62
-62
-61
-60
-60
-60
-59
-59
-61
-63
-62
-59
-57
-56
-57
-59
-60
-60
-59
-58
-57
-56
-52
-48
-46
-48
-49
-49
-50
-51
-51
-51
-52
-52
-50
-47
-44
-43
-42
-42
-41
-38
-31
-21
-13
-4
4
7
6
0
-5
-9
-12
-16
-22
-27
-36
-46
-51
-55
-57
-56
-53
-50
-52
-51
-49
-48
-48
-44
-40
-46
-51
-32
30
136
278
435
563
605
509
303
102
-27
-84
-82
-54
-34
-32
-29
-12
12
8
-35
-63
-62
-52
-50
-56
-57
-52
-46
-42
-36
-32
-28
-21
-16
-14
-9
-2
6
14
20
24
22
19
16
15
19
26
35
48
58
62
68
78
89
95
96
96
98
108
126
142
154
165
171
178
187
188
184
178
166
145
122
101
81
64
47
27
7
-9
-22
-32
-43
-55
-69
-78
-81
-78
-73
-77
-84
-87
-86
-82
-75
-66
-63
-66
-72
-77
-79
-76
-65
-56
-61
-71
-79
-83
-81
-76
-67
-55
-47
-46
-50
-54
-57
-53
-44
-42
-46
-56
-71
-80
-82
-80
-74
-70
-71
-72
-70
-64
-58
-56
-57
-59
-60
-62
-63
-64
-62
-59
-58
-63
-66
-61
-52
-41
-36
-38
-44
-54
-59
-56
-50
-53
-55
-51
-48
-48
-46
-40
-29
-15
-4
5
4
-2
-6
-4
-2
-7
-18
-29
-39
-48
-53
-53
-53
-58
-61
-61
-64
-65
-60
-56
-53
-50
-45
-41
-33
0
70
185
334
483
586
577
427
216
55
-35
-71
-60
-35
-31
-45
-55
-54
-51
-51
-49
-41
-33
-31
-33
-31
-19
2
11
0
-14
-17
-12
-9
-10
-10
-7
-5
-6
-2
9
19
23
27
32
36
44
60
72
77
81
89
97
98
94
94
104
116
130
142
149
152
152
154
159
163
164
169
175
174
164
152
135
112
88
64
40
19
-1
-21
-36
-46
-48
-46
-51
-59
-65
-68
-67
-59
-59
-66
-71
-73
-72
-73
-75
-75
-70
-60
-51
-42
-38
-38
-38
-40
-40
-43
-46
-45
-48
-51
-53
-54
-53
-54
-58
-61
-60
-58
-56
-52
-45
-42
-41
-42
-42
-40
-40
-41
-40
-45
-54
-56
-54
-54
-55
-53
-51
-47
-43
-44
-44
-45
-47
-50
-52
-53
-54
-58
-60
-53
-46
-43
-43
-42
-40
-38
-33
-33
-33
-29
-27
-29
-29
-27
-23
-17
-6
3
8
8
0
-5
-2
-3
-9
-19
-27
-33
-39
-42
-41
-43
-43
-40
-39
-40
-40
-41
-42
-44
-47
-54
-66
-68
-43
19
118
265
434
573
631
553
352
137
-5
-68
-68
-37
-20
-27
-40
-39
-31
-32
-41
-46
-42
-37
-40
-46
-48
-40
-23
-8
0
-1
-3
-4
-7
-12
-12
-6
0
1
2
8
15
20
22
27
35
40
42
44
50
61
76
90
101
111
119
124
127
131
139
147
156
163
163
163
167
174
179
175
164
148
130
110
88
71
54
35
21
3
-19
-37
-55
-70
-75
-73
-69
-67
-71
-73
-75
-77
-71
-67
-70
-72
-75
-76
-76
-78
-80
-81
-81
-78
-72
-65
-61
-55
-50
-49
-59
-70
-76
-74
-63
-54
-51
-55
-60
-62
-60
-57
-54
-51
-54
-65
-72
-73
-68
-63
-59
-57
-59
-58
-56
-53
-50
-52
-55
-58
-61
-63
-64
-64
-61
-58
-55
-53
-57
-62
-61
-59
-58
-56
-52
-47
-46
-48
-52
-56
-59
-59
-55
-47
-36
-29
-29
-34
-44
-54
-58
-55
-48
-36
-30
-32
-30
-22
-12
-6
-1
3
4
2
-3
-6
-9
-14
-20
-28
-35
-40
-45
-49
-49
-46
-41
-37
-33
-34
-42
-51
-55
-59
-63
-50
-4
84
223
395
551
635
588
403
175
15
-63
-78
-53
-28
-28
-40
-43
-36
-31
-35
-39
-36
-25
-19
-26
-32
-32
-27
-23
-21
-20
-16
-11
-6
-3
1
4
8
15
21
28
34
35
37
43
47
47
50
55
58
63
72
87
97
100
107
119
132
141
151
162
169
173
176
181
185
187
186
179
171
165
151
129
107
87
67
50
31
9
-11
-26
-38
-48
-55
-59
-64
-67
-70
-72
-72
-72
-74
-75
-75
-74
-72
-69
-67
-66
-68
-68
-66
-63
-61
-62
-62
-60
-57
-55
-53
-50
-48
-50
-54
-56
-57
-55
-53
-46
-37
-39
-47
-54
-60
-64
-70
-73
-75
-74
-69
-62
-61
-64
-68
-68
-66
-62
-61
-60
-57
-55
-50
-42
-38
-39
-43
-50
-56
-63
-67
-67
-66
-66
-65
-62
-61
-64
-68
-68
-62
-54
-48
-48
-52
-54
-53
-49
-40
-31
-24
-21
-22
-25
-28
-27
-21
-10
-3
-4
-7
-12
-15
-16
-17
-26
-34
-36
-36
-42
-51
-54
-54
-52
-49
-43
-41
-44
-45
-43
-41
-45
-52
-44
1
97
242
409
553
618
548
355
143
1
-73
-95
-79
-50
-33
-33
-33
-27
-25
-32
-38
-34
-27
-29
-37
-40
-31
-17
-15
-21
-24
-20
-15
-10
-7
-4
2
6
5
12
24
32
30
24
26
33
40
47
55
63
70
75
78
84
94
106
119
132
144
154
157
158
159
161
167
177
184
179
168
162
157
144
123
102
82
60
34
11
-7
-22
-33
-39
-47
-58
-68
-72
-71
-68
-67
-67
-66
-66
-67
-67
-65
-66
-65
-65
-63
-57
-56
-56
-54
-61
-70
-72
-68
-65
-62
-59
-57
-55
-53
-53
-54
-53
-50
-50
-52
-54
-56
-59
-60
-57
-55
-53
-53
-55
-50
-40
-41
-53
-64
-66
-62
-59
-57
-52
-50
-53
-56
-54
-52
-54
-55
-57
-59
-60
-58
-53
-49
-48
-50
-53
-55
-53
-45
-40
-39
-39
-44
-50
-49
-46
-47
-48
-46
-42
-36
-30
-23
-15
-7
0
5
7
7
4
0
-7
-9
-13
-25
-37
-43
-45
-44
-46
-52
-52
-50
-49
-48
-44
-39
-36
-33
-32
-38
-41
-22
32
136
288
452
579
614
513
306
106
-20
-77
-82
-58
-34
-28
-29
-24
-15
-15
-25
-29
-25
-22
-26
-36
-40
-35
-27
-22
-18
-11
-7
-6
-10
-11
-6
4
9
11
16
23
25
23
24
32
46
61
66
63
61
67
78
88
96
101
112
124
130
135
144
154
164
168
170
174
178
180
179
175
165
149
131
114
95
72
50
30
15
1
-16
-33
-46
-55
-61
-64
-64
-65
-66
-68
-71
-76
-78
-78
-80
-80
-77
-73
-73
-74
-74
-75
-76
-75
-72
-68
-65
-64
-65
-64
-59
-55
-53
-52
-58
-65
-66
-59
-51
-50
-52
-53
-53
-53
-53
-51
-51
-58
-62
-59
-62
-66
-67
-68
-67
-63
-61
-62
-62
-61
-61
-60
-58
-53
-51
-53
-57
-58
-60
-58
-56
-55
-55
-54
-53
-53
-53
-53
-52
-52
-51
-51
-51
-47
-46
-46
-45
-44
-45
-47
-47
-46
-42
-39
-39
-36
-32
-28
-23
-19
-18
-16
-8
4
14
14
7
3
-1
-8
-11
-14
-21
-29
-32
-34
-37
-40
-43
-44
-42
-39
-34
-30
-29
-32
-34
-39
-45
-48
-39
-1
80
214
382
539
638
616
448
216
40
-53
-82
-67
-38
-26
-31
-31
-22
-19
-24
-32
-33
-30
-26
-25
-27
-24
-18
-19
-25
-22
-12
-3
-4
-8
-8
3
18
24
26
26
30
39
44
42
40
40
47
59
71
79
91
111
131
139
132
114
104
117
134
139
139
144
150
163
177
180
176
174
177
179
170
151
121
91
71
56
37
9
-17
-34
-52
-69
-68
-53
-45
-40
-18
22
26
-23
-67
-105
-141
-155
-146
-131
-123
-115
-100
-84
-75
-79
-78
-74
-73
-70
-60
-45
-22
3
8
-10
-39
-55
-45
-29
-17
-18
-47
-82
-86
-64
-46
-37
-35
-33
-23
-28
-47
-64
-75
-58
-28
-3
-12
-57
-87
-87
-73
-61
-51
-38
-24
-19
-17
-16
-13
-5
4
-16
-56
-73
-71
-77
-82
-76
-58
-34
-20
-24
-35
-41
-37
-18
-3
-10
-45
-76
-71
-46
-33
-34
-25
-18
-16
-2
23
47
45
-5
-57
-68
-54
-34
-19
-14
-13
-20
-28
-27
-24
-29
-39
-40
-35
-34
-31
-23
-15
-9
-11
-19
-32
-40
-27
-20
-53
-89
-84
-34
47
171
336
496
596
585
443
239
76
-18
-42
-22
-6
4
-1
-28
-39
-35
-48
-71
-73
-58
-52
-62
-66
-52
-33
-23
-23
-16
-3
7
18
12
-3
-1
9
4
-6
7
30
49
46
25
15
24
40
57
55
41
32
33
47
67
85
100
117
135
148
161
170
169
181
212
231
215
184
157
128
105
95
93
93
87
73
52
32
4
-28
-47
-58
-63
-63
-58
-52
-45
-46
-58
-71
-73
-70
-74
-89
-101
-107
-101
-75
-42
-20
-21
-54
-90
-103
-104
-102
-95
-88
-79
-71
-59
-40
-31
-49
-72
-77
-71
-64
-57
-58
-65
-69
-68
-69
-63
-50
-35
-16
-7
-22
-42
-58
-84
-106
-109
-100
-85
-76
-74
-68
-56
-41
-37
-42
-39
-37
-51
-72
-85
-95
-99
-88
-74
-65
-64
-66
-51
-22
-11
-27
-38
-40
-45
-54
-63
-69
-72
-64
-46
-27
-6
14
18
12
12
8
-5
-11
-7
-7
-14
-22
-32
-43
-60
-75
-76
-65
-44
-31
-25
-21
-22
-28
-30
-27
-37
-59
-82
-85
-52
22
139
288
432
545
580
489
302
132
36
-4
-24
-28
-32
-61
-85
-84
-68
-57
-63
-64
-46
-28
-14
2
17
20
8
-10
-4
5
-12
-30
-42
-49
-42
-21
0
5
7
31
64
74
65
49
43
43
48
62
67
63
63
67
80
106
132
145
150
151
146
144
153
174
185
186
194
205
197
175
158
142
123
102
78
57
40
27
16
10
7
-1
-19
-45
-55
-56
-63
-70
-71
-68
-68
-71
-78
-87
-89
-84
-79
-74
-69
-68
-70
-74
-78
-81
-84
-85
-84
-78
-71
-75
-78
-74
-67
-61
-62
-63
-56
-50
-53
-54
-51
-51
-50
-49
-46
-48
-52
-48
-49
-58
-62
-67
-75
-75
-72
-70
-69
-63
-64
-78
-97
-102
-100
-97
-90
-86
-88
-92
-92
-89
-80
-72
-73
-78
-71
-51
-33
-35
-54
-75
-85
-85
-78
-82
-91
-87
-73
-56
-46
-49
-62
-74
-77
-74
-68
-61
-52
-41
-29
-22
-27
-32
-25
-11
2
0
-7
-11
-14
-16
-20
-28
-40
-52
-56
-54
-45
-41
-53
-60
-55
-47
-33
-25
-32
-31
-24
-28
-42
-57
-60
-41
21
133
276
425
564
639
581
385
154
-16
-108
-121
-86
-53
-39
-25
-13
-11
-23
-43
-49
-36
-19
-10
-14
-20
-14
-5
-4
-13
-11
10
18
2
-19
-26
-19
-6
5
12
19
30
43
52
51
44
52
75
82
79
91
97
89
88
94
100
113
128
143
163
183
195
198
192
194
207
210
200
186
172
157
146
138
123
100
82
68
56
43
27
3
-18
-28
-35
-43
-51
-62
-72
-74
-65
-60
-63
-57
-48
-46
-51
-56
-62
-70
-69
-56
-54
-61
-62
-59
-59
-54
-44
-43
-45
-42
-37
-33
-39
-47
-49
-51
-48
-46
-47
-45
-47
-52
-57
-54
-49
-47
-49
-51
-49
-47
-48
-49
-48
-45
-45
-51
-52
-50
-50
-50
-42
-31
-31
-34
-32
-34
-48
-56
-53
-45
-45
-54
-58
-53
-47
-44
-41
-36
-31
-18
-9
-20
-30
-30
-33
-30
-25
-27
-26
-17
-15
-27
-25
-21
-25
-16
-6
-7
-13
-11
-4
2
-2
-21
-41
-43
-41
-50
-52
-44
-46
-55
-55
-45
-38
-32
-23
-24
-43
-63
-60
-21
43
128
256
411
548
612
545
352
130
-30
-107
-107
-66
-30
-16
-10
-11
-16
-31
-54
-66
-68
-65
-60
-54
-46
-32
-14
-9
-21
-26
-12
1
-4
-9
-1
12
14
16
13
-6
-10
3
20
37
54
61
54
49
58
73
78
81
89
98
107
118
132
137
136
137
143
155
174
198
211
203
194
190
180
170
148
127
107
77
58
45
22
-2
-17
-33
-51
-60
-64
-67
-72
-76
-76
-75
-76
-73
-74
-81
-82
-75
-65
-71
-74
-63
-65
-76
-80
-75
-79
-87
-82
-75
-73
-71
-72
-76
-70
-61
-66
-74
-74
-74
-67
-56
-55
-62
-75
-82
-80
-75
-72
-75
-75
-72
-69
-65
-65
-68
-65
-57
-49
-44
-39
-33
-42
-63
-80
-87
-84
-76
-65
-57
-59
-65
-64
-57
-46
-38
-39
-56
-72
-77
-71
-60
-54
-52
-49
-44
-45
-39
-35
-47
-53
-37
-28
-38
-46
-45
-36
-32
-24
-21
-26
-28
-25
-18
-9
-9
-19
-16
-6
-18
-39
-46
-52
-52
-43
-45
-50
-46
-38
-50
-67
-69
-66
-72
-74
-63
-44
-12
53
172
337
482
581
606
499
288
83
-50
-106
-102
-63
-23
-19
-36
-42
-28
-17
-18
-26
-46
-64
-67
-58
-40
-25
-23
-29
-25
-5
20
19
2
-6
-3
4
8
5
-2
0
13
35
55
49
33
33
53
78
80
83
95
98
104
117
122
100
81
90
122
149
164
179
191
204
220
228
214
194
184
163
131
103
83
64
47
31
26
30
24
6
-11
-9
-12
-42
-82
-105
-101
-94
-93
-85
-72
-51
-48
-69
-81
-89
-102
-109
-84
-45
-37
-57
-47
-23
-39
-70
-84
-75
-63
-64
-74
-76
-71
-53
-22
-25
-58
-71
-65
-55
-56
-64
-57
-52
-49
-50
-67
-90
-94
-87
-82
-68
-41
-29
-24
-25
-57
-93
-102
-82
-50
-39
-55
-83
-102
-96
-76
-54
-45
-42
-33
-3
30
26
-9
-69
-119
-127
-103
-86
-83
-82
-81
-70
-50
-26
-9
-1
8
22
24
1
-10
-1
3
5
9
19
4
-51
-87
-86
-75
-58
-36
-22
-23
-35
-35
-23
-14
-10
-1
-19
-46
-47
-43
-59
-77
-84
-95
-94
-48
53
189
334
480
607
651
548
324
98
-47
-107
-111
-88
-60
-40
-27
-19
-9
3
-3
-23
-31
-19
-12
-24
-29
-36
-50
-52
-37
-20
-13
-7
2
14
28
30
13
-8
-12
-1
14
20
23
32
50
73
89
88
77
60
52
63
83
101
112
114
117
127
143
156
165
180
195
202
207
223
229
203
175
165
162
134
91
58
26
2
-8
-12
-18
-27
-33
-34
-30
-26
-38
-48
-29
-11
-38
-91
-117
-116
-108
-94
-85
-92
-111
-114
-97
-76
-49
-29
-23
-23
-36
-61
-89
-103
-102
-98
-94
-86
-72
-50
-28
-15
-8
-21
-54
-81
-92
-96
-94
-87
-79
-70
-56
-41
-37
-43
-54
-62
-61
-53
-46
-35
-22
-22
-40
-58
-68
-82
-86
-79
-74
-73
-70
-61
-48
-39
-41
-41
-29
-5
-3
-42
-62
-61
-76
-89
-77
-54
-38
-34
-41
-44
-39
-29
-11
6
13
16
17
16
19
9
-17
-38
-49
-54
-57
-59
-60
-58
-49
-39
-34
-35
-33
-22
-17
-21
-25
-18
-17
-48
-67
-23
85
239
413
562
631
570
380
173
21
-75
-102
-73
-32
-2
6
-4
-16
-28
-39
-54
-72
-78
-70
-61
-47
-29
-17
-21
-34
-36
-22
-8
4
3
-6
1
18
29
35
33
19
3
-6
1
17
43
68
68
56
56
64
77
94
103
110
119
126
140
159
177
179
172
172
182
193
197
193
184
174
163
154
135
111
94
79
66
53
18
-32
-54
-66
-81
-85
-85
-87
-86
-71
-51
-47
-56
-62
-73
-84
-79
-55
-41
-63
-84
-82
-81
-82
-79
-71
-72
-77
-68
-56
-54
-59
-60
-41
-30
-46
-68
-79
-69
-58
-58
-56
-50
-59
-74
-84
-92
-86
-67
-52
-40
-31
-33
-44
-50
-51
-70
-81
-73
-68
-67
-63
-58
-53
-48
-54
-59
-47
-35
-40
-37
-27
-34
-37
-27
-27
-47
-62
-55
-51
-51
-48
-42
-40
-35
-19
-10
-13
-12
-1
15
16
9
12
21
38
33
-5
-39
-63
-72
-72
-68
-61
-56
-49
-35
-21
-7
-6
-20
-33
-47
-58
-59
-51
-30
15
106
257
438
590
640
555
360
150
9
-69
-91
-67
-35
-15
-9
-19
-26
-7
19
6
-19
-18
-9
-8
-31
-56
-43
-23
-34
-43
-33
-16
-13
-23
-11
7
0
-10
-1
12
14
19
36
64
85
84
80
88
79
61
60
67
85
99
93
86
92
109
140
171
192
197
184
184
200
201
195
193
189
176
146
111
94
84
64
55
54
36
-2
-53
-90
-94
-85
-79
-78
-78
-72
-56
-38
-30
-38
-59
-62
-51
-47
-51
-69
-91
-108
-115
-108
-94
-83
-78
-76
-74
-67
-57
-42
-21
-14
-22
-22
-32
-55
-63
-67
-84
-91
-89
-82
-77
-76
-71
-62
-59
-60
-62
-66
-61
-52
-40
-29
-31
-37
-47
-69
-77
-70
-72
-73
-64
-59
-60
-54
-52
-62
-73
-70
-59
-53
-54
-56
-62
-66
-54
-39
-47
-58
-54
-48
-46
-45
-40
-44
-50
-48
-41
-29
-19
-23
-42
-48
-39
-22
-4
6
2
-14
-23
-24
-26
-30
-37
-44
-48
-47
-42
-39
-42
-39
-40
-46
-44
-37
-30
-37
-47
-47
-47
-49
-54
-47
10
132
299
473
601
619
497
288
93
-32
-81
-76
-51
-38
-40
-45
-52
-54
-47
-45
-41
-27
-11
-5
-8
-15
-24
-26
-28
-41
-46
-38
-32
-26
-24
-23
-13
-2
10
22
25
29
42
56
62
60
57
55
55
51
46
47
50
60
87
122
145
157
185
215
220
203
166
151
163
159
149
141
141
153
174
175
137
94
68
62
69
50
-2
-46
-66
-69
-71
-78
-82
-81
-80
-77
-60
-52
-75
-95
-101
-96
-70
-38
-24
-39
-68
-88
-103
-104
-93
-87
-83
-76
-78
-73
-62
-66
-72
-63
-53
-45
-25
-1
14
-17
-78
-113
-112
-104
-99
-93
-92
-95
-91
-78
-66
-62
-57
-39
-19
-16
-17
-25
-32
-35
-55
-96
-123
-118
-103
-89
-73
-66
-66
-59
-37
-5
2
-14
-25
-45
-76
-89
-82
-73
-68
-67
-63
-56
-48
-45
-55
-52
-37
-26
-19
-22
-30
-28
-35
-53
-60
-56
-55
-51
-35
-26
-20
5
37
29
-4
-15
-12
-7
-4
-15
-48
-78
-81
-60
-39
-31
-35
-43
-38
-21
-12
-28
-43
-50
-65
-78
-77
-62
-35
18
123
280
453
595
646
549
340
145
31
-27
-53
-56
-55
-63
-62
-38
-21
-35
-51
-49
-47
-41
-37
-44
-35
-7
13
11
4
-5
-18
-33
-36
-31
-27
-13
0
-8
-18
-12
7
24
36
38
47
76
108
121
107
88
84
84
77
71
72
87
108
118
127
141
154
164
183
213
225
214
201
197
198
191
182
161
116
56
7
-12
-6
-3
-9
-30
-63
-78
-75
-71
-68
-69
-71
-69
-63
-54
-39
-20
-15
-26
-60
-96
-91
-88
-107
-111
-101
-96
-96
-87
-73
-67
-68
-64
-49
-29
-15
-14
-19
-23
-23
-40
-82
-108
-113
-116
-110
-93
-76
-71
-72
-67
-52
-35
-26
-22
-18
-18
-14
-22
-47
-71
-86
-96
-104
-99
-83
-65
-55
-58
-60
-52
-47
-42
-31
-21
-29
-43
-53
-66
-68
-51
-38
-47
-56
-57
-67
-69
-53
-38
-30
-24
-21
-21
-31
-30
-10
15
39
49
42
18
-15
-41
-52
-57
-68
-78
-74
-58
-36
-17
-11
-13
-26
-40
-41
-37
-37
-34
-35
-61
-87
-72
-17
72
211
386
539
624
596
432
218
66
-20
-65
-75
-67
-67
-72
-65
-45
-37
-37
-21
22
43
-5
-63
-80
-71
-49
-23
-20
-30
-32
-19
7
27
19
5
13
25
30
43
65
68
46
21
18
22
29
43
54
54
51
60
78
92
109
133
161
179
185
185
190
197
204
204
188
166
158
168
171
163
142
123
107
80
47
24
11
6
12
22
2
-34
-54
-60
-54
-51
-64
-79
-82
-80
-79
-76
-76
-81
-88
-81
-67
-57
-59
-69
-68
-57
-51
-53
-67
-84
-96
-93
-71
-47
-36
-32
-31
-31
-33
-39
-29
-26
-42
-39
-31
-53
-81
-87
-81
-72
-57
-42
-26
-23
-38
-45
-33
-30
-46
-61
-73
-81
-78
-74
-70
-48
-44
-67
-74
-66
-56
-42
-18
9
5
-28
-54
-54
-69
-96
-90
-69
-58
-53
-40
-29
-33
-46
-42
-28
-31
-46
-45
-36
-41
-45
-26
-3
-3
-22
-42
-46
-35
-10
24
41
38
27
10
6
-5
-37
-57
-59
-52
-44
-38
-30
-17
-13
-32
-42
-27
10
35
0
-52
-84
-98
-88
-63
-22
63
201
382
575
697
661
465
206
11
-73
-82
-62
-43
-41
-52
-60
-61
-54
-43
-40
-39
-20
6
10
-13
-42
-41
-21
-11
-9
-6
-3
-7
-24
-30
-8
11
20
29
34
40
29
9
4
20
42
53
61
63
60
64
79
103
118
127
138
158
186
201
186
165
175
195
188
154
136
134
131
142
165
175
157
137
129
104
68
42
18
-3
-13
-32
-63
-90
-96
-80
-65
-57
-59
-64
-56
-38
-41
-56
-71
-94
-107
-106
-93
-84
-83
-81
-65
-41
-21
-5
-4
-29
-60
-72
-86
-101
-94
-74
-61
-57
-62
-66
-51
-27
3
21
-9
-63
-110
-131
-119
-90
-64
-57
-54
-33
-10
-16
-40
-45
-33
-37
-72
-91
-97
-106
-102
-87
-72
-56
-44
-40
-24
-11
-18
-29
-20
-17
-42
-62
-60
-59
-58
-64
-94
-114
-105
-88
-70
-50
-40
-43
-40
-30
-16
-3
2
1
-3
-2
-10
-47
-79
-74
-62
-52
-28
-2
9
14
14
1
-21
-30
-22
-4
19
36
16
-30
-63
-80
-88
-83
-61
-42
-36
-35
-36
-34
-35
-38
-26
3
15
18
66
185
356
527
621
565
368
137
-16
-82
-83
-48
7
47
29
-5
-39
-59
-54
-51
-72
-91
-93
-83
-57
-30
-24
-30
-37
-28
0
22
28
26
15
6
10
7
2
10
15
-1
-11
-3
12
31
57
92
97
79
72
75
79
93
118
122
100
91
108
141
169
178
177
190
221
244
236
198
160
138
117
102
94
82
60
43
25
-1
-18
-29
-30
-29
-28
-17
-38
-77
-84
-66
-54
-63
-86
-107
-112
-108
-107
-90
-72
-73
-69
-61
-55
-52
-63
-73
-70
-81
-102
-101
-77
-61
-65
-64
-48
-28
-22
-35
-51
-63
-70
-77
-82
-92
-99
-103
-98
-77
-50
-40
-53
-61
-69
-74
-60
-52
-49
-49
-68
-81
-81
-84
-85
-83
-72
-58
-52
-52
-68
-85
-74
-44
-38
-70
-94
-88
-70
-62
-60
-52
-45
-48
-54
-56
-58
-61
-59
-46
-29
-10
1
-20
-51
-71
-76
-64
-36
-9
0
0
5
18
31
25
12
-12
-46
-61
-63
-76
-88
-80
-64
-60
-63
-66
-66
-65
-62
-55
-46
-43
-53
-53
-13
83
238
411
537
604
582
444
246
60
-66
-121
-121
-89
-61
-53
-53
-48
-40
-39
-40
-34
-17
11
35
26
-10
-24
-30
-53
-64
-53
-49
-46
-31
-13
-6
-7
-7
2
21
49
71
85
94
96
74
24
4
11
11
20
49
74
87
99
118
139
159
163
146
144
163
186
204
215
200
168
142
134
140
152
145
116
95
80
55
29
10
9
7
-6
-28
-53
-76
-92
-88
-79
-76
-73
-83
-97
-96
-88
-80
-67
-52
-41
-27
-19
-20
-46
-86
-111
-122
-117
-99
-81
-71
-65
-54
-39
-36
-42
-45
-48
-54
-56
-54
-47
-40
-32
-30
-40
-39
-21
-20
-48
-60
-45
-12
12
-25
-79
-101
-105
-95
-71
-49
-41
-40
-25
4
12
-22
-65
-73
-49
-34
-51
-76
-83
-81
-73
-60
-50
-46
-47
-45
-39
-30
-17
-1
22
31
2
-29
-45
-45
-33
-30
-28
-20
-12
-1
9
17
22
23
25
22
6
-28
-55
-50
-35
-47
-70
-73
-61
-47
-40
-34
-27
-30
-35
-37
-49
-60
-39
28
142
297
458
594
648
556
348
135
-2
-66
-70
-36
-24
-46
-62
-54
-40
-41
-52
-57
-46
-32
-26
-21
-13
-5
1
1
-9
-16
-9
-4
-1
5
-4
-11
-8
-3
3
14
25
24
24
33
50
58
55
55
65
68
67
72
76
83
100
124
151
171
180
185
193
190
174
164
166
171
171
166
157
147
134
118
101
82
64
46
28
11
-3
-12
-17
-29
-47
-63
-73
-75
-76
-77
-78
-80
-80
-76
-71
-67
-64
-64
-65
-66
-69
-72
-71
-67
-64
-64
-66
-66
-63
-60
-53
-47
-43
-41
-40
-42
-54
-69
-77
-78
-74
-67
-59
-57
-61
-65
-64
-61
-59
-59
-58
-59
-59
-59
-58
-55
-54
-56
-57
-59
-60
-60
-61
-64
-65
-63
-61
-60
-62
-62
-61
-59
-58
-58
-58
-57
-53
-50
-46
-42
-46
-54
-60
-65
-67
-64
-60
-57
-53
-50
-49
-48
-47
-46
-44
-39
-31
-26
-24
-21
-14
-3
3
2
-3
-8
-12
-18
-24
-29
-36
-42
-46
-48
-49
-51
-51
-49
-46
-48
-52
-54
-54
-53
-53
-56
-59
-62
-53
-10
79
218
387
539
624
588
414
187
15
-74
-95
-75
-48
-38
-46
-51
-45
-38
-41
-46
-44
-35
-31
-32
-35
-33
-28
-25
-30
-34
-30
-22
-18
-16
-13
-6
-1
1
2
4
10
18
23
26
32
35
37
40
46
57
70
79
86
93
101
110
118
126
137
148
157
164
172
182
190
194
192
186
178
169
157
139
116
92
70
50
33
19
3
-15
-32
-47
-53
-55
-58
-61
-63
-64
-64
-67
-71
-68
-70
-76
-76
-79
-85
-88
-86
-81
-76
-71
-67
-64
-64
-64
-64
-62
-58
-55
-55
-57
-55
-52
-49
-51
-53
-56
-60
-57
-49
-40
-35
-32
-25
-17
-13
-16
-22
-31
-44
-64
-80
-87
-92
-94
-88
-78
-70
-67
-63
-57
-54
-58
-66
-71
-71
-68
-63
-59
-54
-49
-46
-48
-49
-45
-43
-46
-50
-54
-58
-56
-54
-56
-56
-52
-46
-38
-24
-10
-9
-15
-21
-24
-22
-14
-7
-2
-2
-8
-14
-16
-19
-23
-32
-41
-48
-53
-52
-48
-48
-51
-57
-63
-64
-59
-55
-49
-44
-44
-51
-57
-45
2
93
229
388
530
607
561
385
169
13
-71
-94
-77
-48
-36
-39
-41
-34
-32
-41
-42
-34
-24
-18
-17
-19
-17
-10
0
8
8
2
-5
-16
-32
-37
-31
-20
-12
-7
-1
8
15
19
24
35
44
49
53
59
68
78
85
91
101
112
117
120
126
138
153
165
174
177
175
176
181
184
182
177
170
158
138
115
94
74
53
27
4
-16
-34
-46
-50
-53
-61
-69
-72
-72
-67
-64
-64
-66
-65
-62
-63
-65
-62
-58
-58
-64
-69
-70
-72
-76
-79
-77
-71
-64
-59
-56
-56
-53
-45
-42
-47
-50
-48
-44
-36
-36
-40
-40
-45
-54
-60
-67
-74
-68
-56
-54
-62
-66
-68
-68
-60
-50
-46
-46
-50
-59
-72
-79
-77
-73
-67
-64
-61
-52
-41
-32
-28
-26
-33
-41
-46
-52
-57
-58
-50
-44
-37
-25
-11
-1
-1
-3
-3
0
2
0
-8
-20
-30
-40
-48
-51
-53
-53
-52
-50
-50
-50
-50
-50
-49
-48
-49
-50
-49
-39
-7
58
157
292
437
558
612
540
347
138
-6
-81
-100
-84
-57
-43
-40
-35
-24
-16
-18
-27
-26
-14
-10
-17
-21
-15
-13
-20
-24
-20
-18
-20
-19
-6
7
10
5
1
1
8
20
31
42
48
49
51
53
56
67
81
87
87
87
93
103
114
127
140
151
160
169
176
182
191
201
203
194
181
169
156
137
114
91
74
61
45
28
6
-11
-19
-25
-31
-39
-48
-56
-64
-73
-78
-77
-75
-72
-69
-68
-68
-72
-77
-77
-72
-62
-55
-52
-49
-47
-44
-40
-41
-46
-55
-68
-78
-76
-69
-62
-59
-58
-64
-66
-60
-55
-50
-46
-48
-54
-60
-60
-56
-53
-53
-51
-48
-49
-50
-47
-45
-48
-53
-58
-63
-65
-63
-61
-60
-60
-58
-54
-48
-47
-48
-49
-49
-52
-56
-57
-55
-53
-49
-45
-44
-45
-42
-33
-22
-17
-19
-19
-11
-1
3
4
1
-3
-9
-17
-23
-29
-37
-44
-47
-50
-51
-51
-53
-51
-48
-48
-51
-52
-49
-46
-48
-55
-65
-70
-52
3
106
259
431
571
630
561
365
145
-4
-81
-95
-70
-44
-38
-41
-39
-33
-32
-39
-47
-46
-37
-31
-31
-34
-30
-23
-17
-15
-11
-1
7
6
-1
-3
2
3
1
2
6
10
12
15
20
29
41
49
54
63
74
85
99
108
110
113
115
121
130
142
153
159
165
172
182
189
191
194
196
188
171
149
125
98
71
46
24
7
-8
-20
-30
-34
-36
-41
-51
-65
-77
-80
-81
-77
-72
-74
-79
-80
-80
-83
-87
-86
-80
-77
-79
-81
-77
-70
-65
-66
-67
-65
-63
-63
-63
-64
-64
-60
-57
-57
-56
-53
-49
-44
-43
-49
-60
-69
-70
-70
-70
-73
-77
-78
-76
-71
-63
-61
-62
-62
-62
-63
-66
-66
-61
-52
-41
-40
-53
-73
-85
-85
-77
-65
-59
-61
-65
-63
-60
-58
-58
-55
-51
-48
-44
-42
-40
-32
-20
-7
3
8
8
4
-2
-11
-23
-35
-47
-54
-56
-55
-56
-61
-66
-68
-64
-59
-57
-57
-52
-46
-48
-56
-61
-67
-67
-37
38
163
322
478
589
595
459
239
49
-63
-103
-90
-53
-29
-30
-36
-40
-44
-51
-57
-55
-45
-35
-34
-36
-31
-22
-21
-27
-29
-26
-22
-19
-20
-20
-17
-5
7
12
12
13
15
20
28
32
33
33
37
44
56
68
78
90
100
110
123
134
144
154
164
166
161
159
163
172
180
183
180
172
157
139
122
106
89
68
47
28
11
0
-4
-7
-19
-37
-53
-66
-74
-82
-90
-93
-93
-91
-85
-80
-81
-80
-77
-75
-75
-72
-69
-67
-61
-51
-48
-53
-62
-67
-65
-63
-59
-55
-55
-61
-66
-70
-70
-64
-57
-52
-49
-50
-54
-53
-47
-41
-37
-43
-56
-63
-63
-60
-56
-55
-63
-74
-76
-70
-65
-63
-63
-62
-60
-55
-53
-53
-53
-48
-41
-38
-41
-41
-36
-28
-21
-14
-7
0
2
-1
-6
-10
-14
-21
-30
-39
-46
-49
-49
-49
-53
-60
-66
-66
-62
-61
-61
-59
-59
-60
-61
-68
-77
-70
-30
50
176
339
499
604
596
447
227
53
-48
-88
-84
-66
-60
-67
-68
-57
-46
-46
-53
-50
-39
-33
-37
-42
-43
-40
-38
-39
-38
-29
-17
-12
-17
-21
-16
-5
5
10
15
18
18
20
25
27
31
38
51
62
65
66
70
80
88
91
97
107
118
130
143
154
163
167
170
174
177
177
175
165
147
129
114
102
85
60
32
5
-15
-29
-41
-53
-62
-69
-73
-75
-79
-87
-93
-94
-92
-91
-86
-80
-76
-74
-71
-69
-70
-72
-71
-72
-75
-74
-72
-70
-66
-57
-44
-37
-47
-64
-76
-80
-80
-77
-72
-67
-63
-62
-58
-51
-47
-47
-48
-49
-50
-51
-58
-62
-60
-56
-57
-63
-69
-72
-70
-67
-65
-61
-59
-59
-57
-53
-49
-48
-51
-51
-48
-44
-35
-23
-18
-24
-32
-32
-23
-11
-5
-9
-18
-26
-30
-29
-30
-36
-45
-50
-50
-51
-54
-54
-48
-39
-35
-38
-44
-54
-61
-62
-63
-67
-74
-69
-33
46
174
343
505
602
585
434
213
37
-59
-90
-67
-27
-15
-23
-28
-35
-48
-59
-65
-60
-47
-38
-34
-32
-30
-26
-25
-28
-24
-11
-4
-5
-8
-6
-1
3
2
3
7
13
19
25
28
29
37
52
62
66
69
72
78
90
101
112
120
126
135
149
158
167
176
178
178
178
177
175
174
171
166
154
125
92
66
45
25
7
-8
-22
-34
-40
-41
-45
-50
-52
-54
-60
-67
-72
-70
-69
-77
-88
-90
-87
-87
-86
-84
-82
-79
-68
-53
-48
-57
-64
-62
-56
-46
-35
-41
-60
-72
-74
-74
-69
-57
-52
-58
-63
-61
-58
-57
-56
-54
-52
-52
-52
-52
-50
-46
-50
-60
-65
-68
-72
-73
-63
-54
-53
-60
-62
-58
-55
-56
-56
-56
-56
-54
-54
-54
-49
-43
-45
-55
-61
-62
-59
-50
-42
-40
-42
-42
-39
-42
-47
-53
-60
-66
-63
-54
-48
-47
-44
-41
-39
-31
-17
-5
-4
0
6
14
24
17
-1
-21
-38
-45
-41
-34
-35
-39
-39
-32
-27
-22
-14
-10
-22
-44
-63
-70
-66
-60
-56
-52
-52
-57
-47
-1
94
239
414
566
642
601
431
212
53
-33
-75
-79
-54
-43
-42
-34
-22
-10
-10
-21
-37
-47
-40
-20
8
13
-2
-16
-33
-45
-38
-19
-4
17
46
75
79
54
40
53
47
29
36
44
45
41
49
66
61
67
101
120
114
112
127
153
183
217
242
233
204
196
211
235
259
283
276
240
199
177
188
201
176
140
121
98
79
73
71
45
6
-18
-27
-25
-10
-6
-39
-61
-50
-38
-30
-32
-55
-69
-56
-25
2
-7
-24
-23
-22
-14
19
26
-31
-78
-73
-68
-90
-110
-113
-96
-66
-34
-25
-45
-64
-57
-48
-56
-51
-21
0
-16
-57
-83
-87
-81
-64
-39
-35
-53
-52
-31
-13
-7
-16
-22
-27
-36
-32
-37
-56
-74
-93
-110
-117
-90
-55
-41
-31
-17
-13
-23
-31
-39
-45
-56
-78
-94
-85
-55
-34
-37
-55
-65
-66
-55
-24
0
-5
-47
-96
-101
-81
-52
-22
-1
-19
-50
-51
-33
-5
3
-22
-35
-3
39
19
-40
-82
-97
-80
-52
-44
-50
-50
-35
-10
-16
-52
-79
-76
-55
-14
25
9
-66
-131
-133
-70
48
213
392
538
601
534
352
148
3
-74
-95
-75
-46
-32
-29
-3
55
100
76
-5
-62
-93
-109
-101
-72
-37
-4
2
-6
-26
-62
-82
-81
-63
-43
-26
-9
-5
-3
1
-3
-18
-28
-12
21
49
59
56
53
58
68
72
73
92
121
145
148
124
113
116
118
125
140
171
195
205
206
183
150
114
69
45
57
67
48
19
16
16
13
16
13
-9
-68
-139
-168
-159
-137
-124
-121
-107
-83
-56
-28
-10
-19
-53
-98
-127
-123
-103
-96
-109
-119
-110
-93
-82
-77
-77
-70
-55
-38
-18
-24
-73
-113
-124
-119
-106
-94
-88
-71
-49
-41
-40
-34
-40
-62
-62
-59
-77
-85
-66
-53
-71
-74
-75
-92
-101
-88
-88
-107
-110
-90
-60
-28
-29
-54
-51
-30
-14
-19
-42
-60
-64
-71
-95
-86
-53
-35
-44
-70
-84
-75
-53
-30
-29
-50
-63
-39
24
79
83
34
4
-9
-59
-106
-123
-113
-85
-61
-48
-46
-53
-56
-43
-19
-5
-3
12
35
32
-10
-51
-72
-83
-103
-123
-109
-52
54
211
375
506
583
556
409
219
83
19
5
-5
-43
-84
-107
-99
-70
-46
-41
-47
-46
-28
-17
-13
-9
-8
16
52
45
1
-27
-47
-67
-55
-23
14
40
52
42
21
22
18
-6
-20
-10
5
20
35
39
43
63
94
123
149
180
202
204
190
151
108
102
135
153
148
163
194
196
170
156
158
155
141
126
110
89
62
29
4
-4
-2
29
46
-1
-62
-113
-110
-44
-23
-86
-135
-146
-139
-112
-80
-56
-46
-44
-42
-55
-62
-60
-43
-21
-35
-82
-112
-92
-59
-57
-64
-82
-100
-91
-76
-73
-63
-35
-13
-22
-33
-32
-53
-67
-67
-76
-86
-95
-88
-75
-72
-72
-52
-20
7
14
-25
-77
-99
-105
-107
-92
-79
-81
-82
-74
-59
-43
-35
-34
-34
-26
-19
-35
-54
-53
-42
-30
-22
-18
-7
14
1
-37
-64
-81
-82
-80
-91
-92
-83
-71
-52
-35
-20
0
33
73
80
46
7
-14
-29
-26
-9
-11
-18
-31
-42
-30
-6
8
0
-33
-72
-89
-85
-76
-60
-43
-35
-32
-34
-39
-39
-40
-33
-10
26
72
158
311
465
553
576
507
322
106
-34
-92
-105
-75
-26
6
23
13
-8
-24
-45
-56
-48
-24
3
-9
-48
-62
-50
-33
-23
-14
0
20
25
5
-3
18
39
49
61
42
2
-9
13
29
28
33
37
40
54
79
95
91
86
82
82
96
117
137
168
199
217
209
178
171
186
191
188
177
167
156
133
111
101
94
82
67
49
36
28
11
-12
-32
-49
-65
-72
-69
-66
-75
-87
-92
-87
-81
-82
-81
-73
-66
-63
-57
-46
-50
-69
-76
-75
-78
-77
-65
-48
-27
-13
-11
-29
-64
-89
-100
-99
-86
-69
-68
-72
-63
-48
-37
-41
-51
-54
-55
-56
-54
-49
-44
-30
-15
-39
-76
-88
-96
-99
-91
-78
-68
-68
-62
-45
-28
-23
-31
-46
-55
-58
-57
-55
-55
-58
-65
-71
-76
-75
-65
-55
-49
-47
-40
-30
-22
-15
-6
2
4
-15
-56
-92
-102
-93
-78
-66
-58
-53
-48
-39
-28
-17
-7
-10
-29
-45
-52
-52
-37
-14
2
-10
-29
-28
-17
-4
3
1
-12
-26
-28
-25
-24
-25
-30
-34
-38
-39
-32
-16
-3
-3
-6
-17
-34
-45
-51
-55
-61
-65
-66
-48
13
124
283
463
611
655
545
324
113
-18
-74
-71
-36
-2
-1
-21
-23
-22
-41
-59
-58
-40
-19
-15
-27
-36
-32
-28
-32
-32
-27
-23
-19
-12
0
14
23
24
20
18
23
24
19
17
20
26
33
39
49
64
76
84
84
84
91
103
116
127
133
133
136
144
155
163
170
176
182
185
182
175
166
155
138
118
97
77
55
32
10
-10
-23
-32
-41
-50
-58
-62
-63
-67
-72
-74
-75
-73
-68
-63
-61
-65
-74
-78
-77
-76
-75
-71
-68
-64
-62
-65
-65
-66
-68
-67
-64
-62
-62
-63
-62
-60
-59
-59
-58
-54
-53
-56
-60
-65
-67
-64
-63
-66
-68
-69
-70
-67
-62
-55
-53
-55
-60
-62
-62
-64
-64
-60
-55
-53
-56
-62
-64
-66
-67
-65
-61
-60
-61
-59
-57
-57
-57
-55
-53
-54
-56
-56
-54
-54
-54
-53
-50
-47
-46
-47
-49
-52
-53
-50
-45
-40
-33
-29
-25
-20
-15
-8
-3
-2
-4
-5
-8
-10
-14
-21
-24
-28
-30
-31
-35
-39
-41
-41
-40
-38
-34
-32
-34
-37
-38
-36
-38
-44
-54
-55
-28
39
146
291
449
569
596
495
298
111
-6
-61
-68
-48
-35
-35
-32
-22
-18
-28
-42
-49
-40
-28
-24
-25
-22
-16
-14
-16
-16
-12
-4
1
2
1
4
9
14
18
20
20
24
28
31
39
50
61
66
70
76
83
92
101
111
126
141
148
155
162
165
172
182
183
181
181
184
191
195
195
188
178
165
151
138
119
96
76
61
43
20
-1
-15
-24
-33
-41
-47
-48
-44
-39
-36
-38
-44
-50
-47
-38
-35
-35
-36
-34
-28
-26
-32
-44
-56
-66
-72
-68
-61
-57
-55
-49
-36
-28
-29
-33
-35
-30
-20
-14
-15
-25
-42
-55
-62
-68
-69
-65
-59
-53
-45
-39
-37
-37
-37
-37
-37
-39
-37
-22
-9
-12
-28
-47
-59
-63
-59
-51
-44
-40
-34
-26
-28
-38
-55
-73
-79
-74
-65
-58
-55
-58
-59
-51
-39
-33
-36
-38
-36
-31
-29
-33
-40
-41
-31
-28
-32
-31
-22
-8
6
17
19
13
5
1
-1
-7
-19
-24
-19
-22
-32
-37
-42
-47
-47
-41
-31
-27
-31
-38
-50
-54
-45
-39
-43
-55
-67
-52
16
140
305
473
600
634
522
303
105
-13
-67
-73
-52
-37
-37
-37
-36
-39
-49
-60
-61
-47
-30
-24
-27
-29
-23
-18
-23
-24
-18
-7
2
2
-4
-9
-10
-10
-4
8
18
25
23
18
19
23
29
37
48
61
72
81
92
104
113
115
115
121
135
150
163
171
170
164
164
172
181
183
179
171
160
146
127
108
90
71
52
32
15
1
-15
-34
-51
-63
-68
-69
-70
-71
-71
-75
-79
-79
-75
-73
-72
-70
-67
-61
-51
-39
-31
-41
-63
-77
-84
-84
-84
-88
-95
-99
-96
-84
-71
-65
-65
-66
-67
-66
-64
-65
-65
-65
-69
-71
-67
-61
-53
-45
-41
-43
-46
-47
-50
-54
-55
-60
-73
-86
-93
-95
-91
-80
-75
-74
-72
-71
-71
-68
-66
-67
-62
-52
-38
-32
-40
-48
-50
-57
-66
-62
-45
-35
-49
-73
-85
-85
-79
-72
-69
-65
-62
-60
-45
-26
-16
-16
-25
-42
-50
-48
-47
-46
-38
-24
-18
-20
-20
-15
-14
-21
-21
-9
1
3
-9
-30
-44
-50
-58
-63
-57
-44
-37
-40
-51
-64
-73
-74
-63
-54
-49
-34
13
105
246
414
566
638
567
369
152
4
-73
-94
-77
-49
-39
-46
-45
-37
-41
-58
-65
-52
-33
-22
-21
-16
-8
-6
-14
-24
-28
-28
-27
-27
-23
-10
1
1
-4
-4
6
19
27
36
51
60
56
49
47
48
50
55
65
79
93
109
124
135
140
146
159
168
163
158
160
165
170
174
175
173
169
163
152
136
113
85
61
39
16
-5
-16
-29
-50
-66
-68
-65
-66
-68
-69
-75
-79
-73
-63
-59
-62
-68
-75
-78
-71
-56
-49
-58
-69
-75
-74
-73
-70
-64
-66
-75
-81
-79
-75
-71
-68
-63
-55
-45
-33
-30
-38
-46
-49
-52
-48
-43
-37
-38
-51
-65
-70
-71
-73
-73
-72
-71
-71
-71
-66
-58
-50
-48
-50
-50
-42
-33
-31
-31
-31
-40
-53
-62
-71
-75
-73
-70
-68
-62
-52
-41
-32
-21
-11
2
4
-3
-5
-1
0
-3
-6
-9
-19
-30
-34
-35
-38
-41
-40
-37
-37
-35
-30
-22
-19
-28
-40
-42
-42
-48
-56
-63
-65
-64
-47
-3
81
212
374
531
629
605
445
230
62
-37
-77
-76
-60
-55
-58
-56
-48
-42
-40
-33
-21
-14
-16
-21
-23
-16
-10
-10
-19
-27
-23
-9
1
0
-7
-10
-6
-3
1
10
21
29
34
38
47
57
58
56
59
67
78
86
92
102
113
120
126
136
144
151
161
170
181
197
209
209
201
184
164
148
137
127
121
107
83
56
29
6
-7
-16
-25
-37
-52
-63
-68
-71
-76
-82
-81
-73
-65
-64
-70
-78
-83
-84
-84
-85
-82
-74
-67
-67
-67
-66
-67
-64
-55
-46
-45
-54
-61
-63
-62
-61
-65
-71
-75
-78
-78
-75
-70
-67
-63
-57
-54
-53
-52
-54
-51
-42
-46
-58
-67
-70
-69
-64
-56
-49
-45
-46
-50
-54
-56
-59
-62
-61
-60
-64
-67
-69
-69
-68
-60
-50
-48
-51
-58
-63
-63
-58
-49
-40
-38
-39
-35
-33
-40
-47
-48
-46
-42
-39
-40
-40
-37
-32
-24
-10
6
13
10
1
-7
-12
-12
-11
-15
-24
-35
-40
-44
-46
-49
-52
-52
-45
-37
-31
-31
-35
-37
-43
-48
-48
-50
-48
-26
38
154
313
481
610
633
509
283
78
-47
-98
-92
-64
-46
-40
-37
-31
-24
-28
-36
-36
-25
-13
-13
-18
-20
-17
-16
-21
-31
-35
-30
-23
-19
-19
-15
-8
0
13
27
35
37
36
35
37
46
56
61
63
63
63
65
70
80
92
106
118
126
137
156
174
181
188
197
206
208
200
188
178
172
170
164
149
122
86
54
33
17
3
-11
-23
-34
-43
-49
-55
-61
-69
-77
-85
-86
-82
-78
-72
-68
-68
-70
-76
-83
-85
-85
-86
-79
-66
-62
-66
-69
-69
-63
-55
-48
-51
-67
-81
-84
-79
-68
-57
-55
-57
-54
-45
-44
-52
-56
-60
-70
-76
-76
-74
-72
-68
-65
-62
-58
-53
-47
-43
-48
-57
-66
-68
-64
-59
-55
-59
-68
-72
-69
-63
-58
-54
-47
-44
-53
-68
-76
-72
-65
-60
-55
-47
-42
-43
-43
-41
-42
-45
-46
-44
-35
-22
-21
-30
-38
-44
-53
-56
-50
-43
-36
-31
-28
-26
-21
-13
-4
2
8
10
5
-1
-4
-8
-11
-17
-27
-37
-45
-47
-41
-30
-23
-22
-24
-33
-49
-58
-58
-56
-60
-62
-60
-48
-19
45
159
314
481
608
634
523
306
99
-31
-88
-89
-64
-42
-33
-29
-28
-26
-28
-33
-33
-26
-18
-20
-27
-24
-16
-15
-23
-31
-29
-18
-9
-9
-10
-4
6
13
15
18
22
25
24
25
30
37
45
52
57
62
75
91
93
90
93
101
111
123
138
149
160
170
174
173
175
182
186
189
190
184
173
159
140
117
92
66
45
31
16
0
-19
-35
-40
-42
-55
-70
-81
-88
-88
-82
-73
-75
-81
-84
-83
-81
-79
-76
-67
-59
-58
-59
-61
-68
-74
-67
-55
-57
-65
-67
-65
-69
-80
-84
-76
-57
-50
-59
-70
-76
-81
-80
-71
-63
-60
-57
-50
-46
-54
-66
-68
-67
-63
-63
-67
-67
-61
-58
-48
-36
-46
-64
-70
-69
-66
-61
-55
-51
-55
-61
-64
-61
-57
-52
-46
-41
-39
-45
-53
-53
-37
-23
-28
-30
-27
-26
-21
-18
-15
-14
-13
-7
2
6
2
-2
-8
-15
-16
-15
-18
-20
-23
-31
-36
-30
-17
-12
-21
-32
-36
-40
-45
-39
-31
-35
-46
-50
-33
21
122
263
420
559
621
549
359
163
33
-40
-68
-63
-42
-27
-19
0
20
7
-23
-32
-34
-44
-56
-60
-54
-38
-24
-22
-26
-24
-11
5
8
7
13
31
39
31
21
13
12
14
19
32
49
57
61
71
76
78
85
94
103
122
130
125
130
138
142
143
149
160
169
176
187
197
200
194
182
170
159
145
126
106
87
67
42
17
-1
-12
-18
-23
-26
-24
-23
-39
-59
-66
-65
-66
-62
-54
-58
-69
-73
-68
-63
-51
-44
-48
-58
-69
-63
-43
-23
-27
-49
-74
-83
-80
-75
-64
-69
-80
-79
-65
-34
-14
-15
-2
0
-37
-56
-45
-55
-73
-67
-45
-22
-13
-31
-52
-68
-74
-63
-46
-24
4
17
-4
-45
-66
-64
-42
-6
24
17
-26
-57
-51
-25
-18
-40
-54
-50
-41
-25
-7
4
0
-15
-29
-44
-54
-53
-45
-28
-6
-2
-17
-38
-45
-36
-30
-33
-30
-17
-1
25
34
17
9
16
23
14
6
0
-14
-15
-14
-38
-67
-75
-84
-96
-94
-82
-74
-69
-58
-50
-46
-48
-49
-46
-45
-18
60
182
322
458
568
589
479
275
82
-41
-91
-83
-53
-37
-40
-43
-35
-21
-19
-34
-44
-37
-29
-30
-37
-43
-43
-43
-41
-35
-28
-23
-17
-7
7
20
23
13
-2
-10
-11
-7
2
13
36
65
85
82
53
25
22
29
36
49
72
100
123
133
141
145
144
148
161
172
174
179
190
200
197
188
176
157
126
92
64
41
24
15
7
-6
-19
-27
-30
-39
-55
-72
-102
-126
-125
-102
-72
-64
-79
-84
-80
-81
-93
-109
-121
-121
-99
-73
-61
-58
-71
-99
-109
-92
-67
-54
-60
-80
-100
-116
-117
-99
-85
-82
-80
-80
-77
-64
-49
-49
-71
-84
-81
-73
-69
-65
-61
-76
-94
-95
-89
-81
-71
-75
-90
-96
-90
-90
-91
-77
-48
-30
-41
-71
-94
-101
-98
-89
-77
-69
-68
-69
-58
-46
-43
-45
-58
-73
-78
-79
-78
-71
-64
-63
-61
-57
-54
-52
-48
-42
-40
-46
-57
-65
-68
-60
-39
-23
-25
-34
-38
-37
-30
-23
-18
-18
-20
-21
-20
-18
-18
-21
-27
-28
-26
-31
-39
-40
-35
-43
-59
-64
-61
-60
-59
-56
-51
-42
-42
-56
-55
-20
58
191
368
532
628
607
447
224
50
-52
-91
-83
-54
-36
-33
-29
-16
-14
-34
-55
-46
-10
13
-2
-31
-49
-54
-47
-27
-12
-6
-7
-15
-14
16
51
41
20
27
28
16
3
-10
-17
-15
-5
8
15
16
27
51
79
96
90
81
88
109
131
142
152
170
185
184
172
158
155
161
171
178
180
180
165
133
106
90
78
68
54
18
-30
-65
-79
-79
-77
-78
-81
-84
-84
-79
-77
-80
-84
-86
-84
-83
-83
-80
-76
-71
-69
-66
-62
-63
-69
-73
-73
-72
-70
-67
-66
-66
-59
-46
-26
-7
-5
-20
-46
-72
-84
-86
-91
-96
-94
-89
-82
-73
-62
-58
-64
-70
-71
-69
-68
-62
-48
-24
0
17
13
-26
-67
-85
-100
-111
-104
-92
-87
-81
-72
-65
-63
-64
-60
-51
-42
-38
-38
-40
-42
-45
-48
-50
-50
-47
-42
-37
-29
-11
11
19
11
2
-12
-32
-45
-46
-38
-31
-27
-26
-26
-24
-19
-10
-9
-16
-31
-53
-60
-53
-43
-36
-38
-51
-64
-75
-70
-34
32
138
288
447
568
595
488
289
109
-3
-53
-55
-35
-19
-12
-22
-38
-48
-56
-61
-56
-41
-30
-29
-33
-31
-22
-15
-14
-15
-11
-3
2
0
-4
1
11
19
22
26
32
37
37
37
42
53
66
73
78
85
94
105
119
127
134
149
165
160
145
136
134
144
157
167
181
200
213
217
210
187
159
140
128
127
132
121
75
20
-18
-36
-36
-30
-39
-60
-75
-73
-59
-52
-57
-64
-63
-56
-54
-56
-61
-74
-85
-81
-70
-66
-67
-68
-66
-66
-66
-54
-42
-41
-50
-60
-61
-57
-52
-51
-55
-52
-44
-40
-44
-47
-44
-41
-36
-35
-39
-49
-61
-67
-66
-60
-53
-40
-24
-12
-16
-34
-50
-61
-63
-57
-58
-63
-62
-58
-54
-45
-38
-39
-40
-35
-28
-34
-44
-46
-46
-47
-49
-50
-43
-41
-45
-40
-31
-29
-32
-42
-53
-52
-48
-50
-52
-50
-46
-44
-38
-26
-13
-1
14
34
47
34
7
-4
-1
-8
-26
-40
-51
-59
-62
-56
-46
-39
-34
-35
-32
-25
-25
-28
-41
-52
-57
-65
-74
-72
-39
38
172
346
514
632
644
506
274
79
-34
-71
-59
-37
-30
-37
-48
-51
-53
-61
-71
-66
-47
-36
-40
-45
-36
-19
-3
4
4
7
18
18
2
-8
-1
4
-4
-17
-18
-10
2
12
23
37
47
52
55
57
64
78
95
105
106
107
112
125
140
143
143
152
165
170
168
168
173
177
181
186
188
181
174
165
138
101
75
52
28
6
-23
-54
-73
-77
-77
-75
-76
-76
-73
-64
-48
-38
-46
-65
-73
-72
-72
-72
-81
-96
-106
-109
-103
-91
-79
-75
-70
-53
-33
-25
-32
-45
-53
-53
-63
-79
-89
-93
-90
-84
-76
-67
-60
-53
-38
-24
-25
-41
-63
-78
-84
-85
-82
-76
-71
-64
-56
-56
-61
-60
-54
-44
-29
-19
-22
-39
-69
-88
-92
-90
-88
-84
-76
-70
-65
-56
-45
-44
-45
-41
-23
-9
-15
-34
-58
-67
-64
-59
-60
-63
-63
-55
-41
-32
-35
-41
-41
-36
-15
4
-3
-25
-53
-75
-77
-65
-51
-41
-32
-21
-5
15
32
32
32
34
29
19
-6
-34
-48
-52
-52
-48
-45
-43
-39
-36
-32
-22
-18
-25
-34
-36
-36
-36
-36
-43
-61
-62
-18
76
215
383
544
651
634
458
215
29
-71
-96
-67
-23
1
-4
-16
-14
-17
-40
-56
-48
-28
-27
-46
-53
-47
-32
-20
-13
-2
13
25
25
12
-2
-12
-15
-10
-2
10
24
34
38
41
44
47
54
52
51
69
90
97
99
98
96
101
110
124
138
153
171
186
195
201
204
206
202
196
193
180
160
144
135
123
109
101
94
71
25
-19
-43
-59
-69
-71
-68
-67
-70
-69
-63
-61
-66
-71
-71
-71
-74
-75
-74
-73
-74
-71
-66
-68
-71
-65
-53
-38
-31
-49
-75
-93
-97
-88
-76
-68
-63
-60
-61
-61
-60
-64
-69
-67
-62
-50
-42
-45
-51
-56
-57
-60
-68
-69
-67
-67
-65
-56
-49
-52
-61
-72
-74
-65
-61
-66
-69
-67
-63
-57
-53
-45
-29
-21
-31
-53
-70
-78
-81
-78
-74
-69
-62
-54
-46
-41
-37
-31
-31
-33
-38
-45
-48
-46
-43
-46
-58
-61
-53
-38
-25
-28
-41
-47
-45
-38
-30
-23
-16
-8
3
8
6
1
-2
-5
-6
-6
-13
-27
-36
-33
-22
-18
-30
-43
-51
-54
-47
-39
-33
-30
-28
-25
-25
-36
-48
-41
7
107
256
423
564
631
570
385
178
31
-55
-81
-67
-48
-44
-44
-37
-26
-23
-29
-28
-13
5
12
3
-20
-36
-40
-38
-36
-29
-16
-2
8
15
15
12
8
5
10
21
31
34
36
43
53
57
52
48
53
66
77
83
90
102
113
125
136
139
144
157
164
162
162
172
186
197
199
195
189
181
169
153
134
107
78
52
31
14
-1
-14
-24
-33
-43
-49
-54
-58
-62
-63
-61
-60
-63
-68
-73
-77
-77
-74
-70
-67
-65
-64
-60
-53
-43
-36
-34
-41
-62
-81
-87
-84
-75
-65
-61
-60
-61
-60
-57
-52
-46
-36
-31
-33
-42
-53
-58
-56
-52
-45
-39
-42
-47
-43
-41
-55
-71
-74
-68
-63
-63
-65
-67
-68
-63
-53
-41
-36
-41
-42
-40
-38
-38
-41
-41
-38
-37
-34
-30
-34
-52
-71
-80
-79
-73
-65
-58
-55
-53
-50
-46
-41
-37
-37
-35
-29
-23
-19
-14
-8
1
3
-2
-5
-6
-3
0
1
-2
-10
-16
-17
-19
-25
-30
-35
-39
-37
-29
-24
-23
-28
-41
-54
-60
-60
-59
-58
-61
-65
-59
-25
50
171
330
491
608
626
501
280
82
-35
-78
-65
-29
-12
-26
-46
-50
-46
-46
-50
-51
-45
-40
-33
-27
-18
-8
-4
-13
-27
-33
-29
-23
-18
-11
-6
-1
2
5
11
18
23
26
29
36
44
53
58
55
52
58
67
79
93
105
114
119
124
131
141
150
161
171
183
194
203
205
202
196
185
172
159
146
131
117
97
65
28
-4
-28
-44
-53
-58
-64
-68
-71
-74
-75
-72
-67
-66
-71
-81
-91
-98
-96
-88
-81
-79
-78
-75
-68
-61
-56
-58
-68
-79
-83
-82
-78
-72
-68
-67
-68
-67
-62
-52
-41
-30
-21
-20
-35
-58
-76
-87
-94
-92
-87
-86
-84
-79
-74
-69
-67
-66
-65
-65
-63
-59
-57
-57
-57
-58
-56
-52
-45
-32
-18
-18
-40
-71
-94
-101
-95
-86
-78
-70
-67
-63
-58
-58
-58
-59
-58
-53
-46
-42
-40
-36
-31
-27
-27
-25
-19
-28
-49
-69
-82
-84
-78
-68
-58
-51
-48
-42
-31
-21
-13
-9
-10
-3
7
17
21
18
16
11
2
-7
-15
-19
-28
-49
-66
-71
-69
-67
-60
-53
-45
-41
-39
-35
-32
-30
-27
-26
-22
-6
37
120
255
418
563
626
551
353
135
-9
-77
-86
-60
-35
-29
-32
-30
-24
-23
-28
-29
-21
-13
-14
-19
-21
-22
-24
-26
-29
-33
-29
-19
-13
-13
-6
9
18
20
21
23
31
41
51
59
63
64
63
61
57
56
57
59
68
85
104
121
132
142
153
164
175
189
202
205
201
196
191
188
187
184
169
144
120
103
88
70
51
31
11
-6
-17
-27
-37
-50
-62
-69
-69
-69
-68
-68
-69
-69
-68
-71
-74
-76
-75
-74
-74
-76
-79
-80
-78
-77
-73
-67
-68
-69
-69
-66
-62
-59
-56
-53
-52
-53
-56
-58
-57
-55
-54
-50
-41
-36
-40
-55
-69
-74
-71
-63
-56
-58
-63
-68
-71
-71
-68
-65
-62
-60
-57
-55
-56
-57
-57
-57
-57
-58
-55
-48
-35
-18
-12
-27
-54
-74
-81
-82
-80
-77
-74
-69
-64
-54
-45
-43
-44
-38
-32
-30
-22
-16
-23
-30
-33
-33
-30
-23
-14
-6
-4
-4
-4
-7
-15
-22
-25
-27
-30
-39
-46
-47
-45
-45
-43
-42
-45
-48
-48
-47
-47
-47
-48
-53
-52
-26
46
162
310
461
580
609
500
292
110
0
-58
-72
-58
-40
-34
-34
-32
-28
-34
-46
-45
-36
-32
-36
-41
-39
-27
-17
-16
-21
-16
-4
0
0
0
5
15
20
20
26
32
22
10
7
15
31
46
54
56
60
68
73
76
84
92
101
118
135
146
154
165
180
186
186
187
187
186
182
177
170
160
148
135
119
99
75
52
36
23
7
-6
-19
-34
-43
-58
-73
-81
-87
-87
-82
-75
-69
-66
-71
-75
-74
-73
-63
-56
-61
-72
-83
-89
-89
-81
-67
-54
-49
-44
-35
-29
-20
-8
-15
-52
-83
-92
-92
-89
-79
-69
-65
-64
-59
-51
-52
-57
-50
-37
-29
-33
-50
-60
-55
-44
-40
-37
-31
-32
-46
-65
-76
-68
-56
-58
-63
-67
-67
-56
-42
-35
-33
-26
-20
-28
-44
-55
-50
-33
-27
-39
-55
-56
-53
-53
-48
-51
-59
-52
-30
-12
-7
-1
13
31
41
28
-1
-21
-25
-24
-19
-20
-32
-40
-33
-29
-34
-43
-49
-41
-32
-30
-30
-31
-43
-57
-65
-73
-78
-72
-46
9
112
252
398
531
600
551
388
184
35
-38
-59
-64
-65
-62
-53
-36
-24
-22
-20
-14
-13
-20
-32
-36
-30
-19
-8
-11
-27
-40
-38
-17
10
25
27
23
16
16
20
18
22
23
18
28
53
79
90
76
54
41
42
58
70
67
68
86
114
145
185
224
256
265
227
173
156
151
141
147
165
173
166
158
152
134
115
110
115
94
26
-48
-96
-115
-113
-85
-53
-37
-38
-48
-51
-56
-73
-80
-75
-65
-56
-57
-70
-94
-105
-96
-79
-58
-40
-36
-40
-45
-53
-61
-66
-72
-77
-73
-56
-32
-1
22
10
-23
-47
-63
-86
-102
-93
-75
-69
-70
-70
-69
-66
-61
-48
-24
11
47
54
0
-64
-99
-123
-137
-137
-127
-119
-112
-93
-67
-51
-50
-48
-31
-6
9
-1
-15
-9
-31
-83
-101
-94
-101
-101
-93
-86
-77
-63
-50
-48
-46
-29
3
31
25
-10
-38
-37
-13
7
3
12
61
107
93
9
-101
-157
-156
-127
-86
-52
-29
2
24
-9
-79
-130
-141
-108
-46
4
10
-13
-23
-27
-52
-81
-62
21
116
214
325
440
535
539
409
204
34
-61
-88
-75
-57
-55
-55
-47
-40
-36
-29
-14
0
-3
-32
-62
-62
-34
0
19
8
-28
-60
-69
-67
-60
-51
-38
-25
-14
-4
4
8
11
17
28
39
53
78
115
152
173
154
113
79
44
30
34
36
49
73
99
120
135
153
175
198
215
223
234
247
222
172
132
100
83
73
41
-3
-35
-44
-35
-23
-23
-36
-57
-66
-63
-63
-68
-67
-62
-64
-68
-70
-64
-58
-62
-78
-91
-81
-74
-89
-112
-117
-106
-105
-106
-91
-76
-69
-53
-30
-17
-21
-31
-39
-49
-60
-59
-53
-57
-68
-82
-96
-89
-69
-61
-67
-73
-56
-28
-21
-48
-82
-96
-83
-52
-27
-14
-8
-14
-27
-46
-74
-96
-104
-93
-73
-63
-67
-79
-78
-65
-44
-20
-6
-20
-51
-64
-58
-46
-26
-1
21
34
38
22
-17
-48
-57
-49
-32
-17
-8
6
15
16
21
9
-18
-42
-78
-117
-129
-115
-93
-70
-53
-55
-67
-54
-12
52
153
307
481
608
630
507
286
95
-19
-78
-93
-76
-50
-35
-28
-15
1
10
11
6
-3
-16
-37
-58
-62
-55
-57
-60
-53
-41
-27
-13
-4
4
13
24
37
47
45
28
21
29
31
29
35
35
32
33
36
47
59
67
78
99
127
150
163
164
158
160
171
167
160
160
163
170
175
177
177
167
157
154
154
147
120
59
-7
-41
-56
-69
-72
-75
-85
-91
-87
-80
-75
-72
-71
-67
-63
-63
-68
-65
-45
-24
-23
-46
-79
-97
-87
-93
-116
-123
-113
-100
-88
-77
-71
-70
-69
-63
-56
-55
-57
-54
-42
-23
-13
-25
-51
-75
-89
-95
-92
-81
-71
-66
-64
-62
-59
-57
-58
-59
-60
-57
-56
-57
-59
-60
-62
-64
-65
-62
-56
-49
-47
-51
-58
-62
-62
-60
-60
-57
-54
-51
-50
-52
-55
-57
-55
-52
-52
-53
-52
-50
-50
-52
-46
-35
-29
-29
-29
-29
-26
-18
-7
0
0
-5
-8
-11
-17
-24
-27
-30
-37
-43
-49
-54
-57
-62
-64
-59
-51
-49
-50
-51
-50
-47
-47
-48
-55
-55
-27
46
167
324
489
614
639
529
342
184
72
-27
-94
-116
-117
-115
-100
-78
-66
-69
-69
-55
-36
-29
-34
-33
-18
9
38
44
5
-44
-70
-81
-79
-62
-45
-41
-42
-36
-22
-7
0
3
9
20
28
29
29
37
51
62
67
69
74
85
96
107
117
125
132
139
148
160
172
181
186
186
186
187
179
163
147
130
113
92
71
49
32
16
-1
-18
-33
-48
-58
-60
-55
-49
-46
-50
-56
-71
-85
-88
-85
-85
-81
-76
-77
-84
-89
-89
-85
-75
-64
-60
-62
-68
-73
-75
-72
-67
-61
-50
-32
-22
-34
-54
-63
-66
-64
-51
-39
-28
-18
-26
-56
-89
-106
-105
-95
-80
-70
-71
-71
-65
-57
-52
-51
-50
-49
-40
-30
-30
-34
-30
-31
-42
-51
-54
-55
-60
-71
-79
-75
-66
-59
-47
-31
-24
-25
-26
-24
-30
-47
-63
-69
-63
-46
-29
-17
-11
-12
-10
-4
1
0
-2
-1
0
-1
-2
-4
-10
-17
-24
-28
-31
-30
-20
-5
2
-2
-5
-11
-24
-27
-35
-71
-103
-105
-62
34
180
352
509
608
598
453
241
65
-37
-68
-56
-40
-42
-49
-49
-38
-31
-33
-38
-36
-27
-22
-25
-26
-17
-5
-1
-3
-3
0
-1
-4
-10
-14
-10
0
8
14
27
44
60
80
97
91
77
61
46
36
30
34
49
72
91
107
121
130
136
142
153
170
186
213
243
244
221
201
192
179
155
135
127
107
81
64
47
23
-3
-17
-17
-15
-16
-11
3
0
-27
-58
-84
-103
-108
-103
-91
-73
-60
-64
-68
-65
-55
-55
-74
-95
-111
-116
-107
-90
-75
-65
-58
-48
-35
-19
-7
-13
-28
-45
-58
-78
-97
-99
-92
-86
-78
-67
-59
-55
-53
-46
-33
-24
-34
-62
-82
-94
-99
-94
-90
-88
-83
-70
-54
-39
-39
-57
-66
-60
-47
-35
-1
40
37
-21
-97
-141
-147
-130
-105
-84
-69
-61
-41
-14
8
33
46
7
-65
-94
-83
-75
-72
-70
-71
-78
-73
-41
-13
-9
-17
-14
0
9
10
15
25
37
22
-17
-42
-57
-61
-47
-40
-38
-25
1
17
8
-7
-24
-46
-64
-61
-62
-68
-57
-45
-44
-28
24
91
153
247
392
552
636
562
357
139
4
-50
-50
-41
-47
-49
-43
-29
-17
-16
-22
-34
-35
-25
-12
-14
-24
-23
-20
-13
2
28
46
18
-33
-63
-64
-41
-19
-9
2
19
38
51
69
109
157
149
85
43
43
41
30
31
30
35
70
133
193
221
227
207
166
141
129
125
134
147
157
167
184
213
238
230
206
176
116
70
40
2
-25
-34
-38
-58
-87
-95
-94
-89
-76
-59
-17
14
-27
-93
-116
-95
-69
-64
-91
-125
-137
-121
-87
-57
-52
-59
-44
-10
13
5
-32
-74
-102
-101
-90
-97
-95
-73
-48
-36
-32
-25
-6
20
5
-40
-53
-49
-67
-72
-60
-58
-78
-126
-148
-137
-123
-104
-71
-43
-37
-37
-17
6
3
-13
-23
-36
-48
-18
26
4
-75
-148
-180
-171
-142
-109
-81
-63
-47
-18
21
52
49
17
-11
-4
15
11
6
35
21
-56
-97
-90
-76
-76
-83
-78
-65
-39
-10
-10
-36
-49
-31
12
34
12
-12
-41
-79
-87
-67
-54
-44
21
145
291
428
535
562
460
271
103
3
-26
-11
-15
-34
-33
-17
-15
-33
-62
-82
-84
-56
-10
-4
-25
-30
-36
-56
-64
-51
-20
16
38
33
7
-9
11
54
61
16
-19
-7
25
44
35
37
60
66
69
70
68
82
84
49
36
57
69
89
116
124
124
128
146
169
177
172
178
211
263
290
249
150
69
39
35
47
77
101
99
77
40
-3
-34
-71
-113
-126
-115
-101
-76
-29
-10
-52
-96
-112
-114
-115
-111
-96
-89
-78
-37
24
49
18
-31
-77
-106
-109
-99
-81
-54
-39
-44
-58
-74
-88
-90
-83
-84
-100
-107
-100
-95
-82
-53
-21
1
13
5
-38
-74
-66
-27
0
-25
-87
-132
-129
-93
-61
-57
-69
-74
-48
-10
9
-3
-52
-74
-49
-44
-85
-125
-125
-110
-105
-97
-82
-67
-53
-31
12
67
89
46
-32
-95
-122
-122
-108
-71
-30
-17
-23
-20
-6
-13
-30
-31
-17
6
30
50
46
24
-5
-58
-113
-130
-100
-62
-40
-32
-29
-23
3
22
-30
-108
-143
-138
-111
-63
-14
47
154
311
489
611
596
454
253
85
-15
-77
-95
-82
-59
-39
-36
-39
-27
-16
-34
-54
-57
-68
-88
-101
-95
-72
-49
-29
-2
28
39
17
-30
-64
-64
-35
-1
40
87
97
65
36
10
-30
-48
-28
-7
9
31
54
84
114
127
127
124
114
94
90
98
97
111
139
149
160
203
248
231
167
135
155
191
180
129
85
35
-4
-12
3
22
33
23
-2
-23
-56
-115
-149
-131
-101
-80
-71
-71
-64
-61
-65
-50
-20
-3
-14
-54
-77
-76
-91
-135
-163
-150
-122
-94
-78
-75
-72
-66
-58
-42
-9
38
55
7
-56
-92
-114
-118
-107
-97
-84
-65
-41
-29
-41
-61
-72
-58
-29
5
33
47
29
-28
-106
-180
-202
-179
-135
-101
-88
-80
-66
-47
-37
-41
-43
-30
1
38
46
12
-41
-85
-97
-64
-27
-38
-58
-62
-66
-63
-42
-20
-7
4
15
14
-4
-27
-32
-5
34
39
-6
-65
-96
-95
-87
-80
-78
-79
-70
-56
-42
-23
0
12
11
20
18
32
98
201
335
468
530
457
283
118
11
-43
-39
1
47
58
7
-62
-93
-90
-91
-98
-90
-70
-59
-54
-34
-6
6
7
31
71
82
39
-35
-71
-60
-27
2
9
37
77
54
-10
-36
-30
-19
-1
28
40
34
46
78
108
117
128
167
211
204
153
115
92
94
131
158
143
118
116
131
145
156
168
184
191
177
149
125
85
28
-12
-44
-63
-73
-83
-87
-84
-76
-67
-54
-42
-47
-47
-36
-37
-36
-32
-28
-37
-76
-106
-114
-115
-111
-93
-72
-59
-50
-48
-59
-71
-68
-39
12
47
6
-65
-88
-88
-100
-96
-77
-76
-86
-72
-55
-35
14
60
35
-49
-115
-142
-145
-127
-90
-68
-66
-61
-46
-33
-31
-20
-2
-2
-28
-53
-62
-72
-91
-106
-111
-99
-64
-15
26
19
-16
-54
-96
-111
-89
-61
-47
-37
-27
-31
-48
-39
-3
10
-5
-17
-27
-41
-48
-42
-30
-9
-1
-10
-9
2
11
14
15
-6
-40
-72
-101
-91
-66
-53
-36
-31
-48
-56
-41
-26
-42
-74
-79
-43
14
104
247
416
561
624
552
371
168
26
-46
-66
-43
-32
-48
-61
-63
-51
-41
-44
-56
-51
-10
19
8
-22
-53
-67
-69
-58
-34
-3
16
4
-16
-12
11
26
28
14
-5
9
36
35
29
25
19
27
46
62
69
61
60
85
105
122
152
171
169
149
129
112
107
126
164
194
195
205
236
245
210
166
147
117
59
19
22
39
54
36
-20
-60
-71
-70
-65
-61
-66
-75
-73
-60
-54
-62
-72
-61
-12
41
21
-41
-29
14
-35
-111
-137
-135
-81
13
49
-15
-125
-186
-172
-121
-87
-77
-73
-68
-50
-25
-10
5
27
43
39
-26
-138
-184
-143
-104
-89
-81
-73
-54
-37
-42
-50
-56
-45
-4
25
-26
-102
-123
-103
-75
-54
-49
-59
-58
-36
-23
-36
-65
-83
-73
-52
-38
-35
-27
1
13
-5
-28
-52
-89
-127
-133
-119
-94
-62
-30
1
6
-23
-36
-11
14
13
1
-18
-26
-17
-12
-5
13
22
24
22
-24
-83
-96
-74
-37
-5
-7
-37
-54
-44
-13
12
-9
-41
-62
-76
-78
-91
-97
-72
-14
73
169
291
446
575
614
512
310
125
3
-39
-33
-19
-34
-71
-82
-73
-40
-8
0
0
-10
-16
-34
-78
-98
-84
-67
-53
-22
19
44
48
28
3
22
40
12
-20
-37
-48
-33
1
32
47
43
40
62
100
108
87
66
50
52
68
87
99
112
128
142
153
167
202
233
226
202
187
181
160
130
128
146
158
155
120
75
38
19
20
19
4
-10
-17
-22
-19
-23
-44
-75
-103
-109
-102
-89
-84
-82
-80
-80
-78
-68
-51
-32
-17
-4
-5
-25
-50
-89
-113
-91
-73
-91
-106
-96
-79
-75
-73
-69
-66
-55
-31
-7
2
-4
-19
-28
-20
-35
-77
-102
-106
-109
-102
-80
-66
-68
-80
-85
-75
-59
-47
-39
-26
-2
31
41
7
-54
-109
-129
-124
-98
-65
-44
-42
-50
-57
-63
-67
-69
-59
-29
3
10
-19
-54
-65
-64
-58
-50
-31
5
54
72
29
-30
-59
-65
-62
-46
-30
-30
-41
-47
-44
-36
-34
-28
-7
21
27
6
-25
-35
-26
-45
-92
-127
-129
-98
-31
78
224
385
530
615
592
435
209
26
-79
-111
-82
-44
-45
-57
-59
-57
-50
-42
-26
1
21
24
58
92
28
-81
-131
-126
-102
-67
-32
-16
-23
-27
-10
15
29
42
73
144
230
215
63
-93
-136
-107
-58
-1
43
55
52
62
88
108
110
109
126
166
221
290
343
303
182
96
71
70
87
123
138
120
105
111
118
101
74
75
109
105
24
-60
-76
-55
-45
-47
-50
-52
-75
-111
-119
-110
-98
-81
-64
-59
-60
-57
-55
-62
-67
-55
-15
29
13
-22
-23
-52
-107
-125
-120
-113
-101
-83
-65
-60
-66
-66
-53
-36
-28
-27
-30
-35
-21
18
30
-9
-52
-72
-76
-84
-98
-102
-102
-107
-97
-71
-53
-55
-65
-57
-29
-1
-1
-33
-66
-76
-69
-49
-12
8
4
-15
-41
-42
-21
-32
-79
-116
-122
-105
-79
-60
-54
-50
-43
-36
-32
-30
-22
-5
11
27
42
42
53
118
160
112
26
-72
-144
-157
-130
-90
-63
-59
-62
-56
-44
-36
-39
-45
-41
-27
-2
45
130
203
167
27
-120
-198
-197
-136
-41
78
232
407
559
615
513
291
86
-29
-71
-71
-56
-40
-28
-22
-18
-10
4
29
77
143
155
40
-95
-146
-146
-124
-98
-81
-74
-70
-49
-14
14
26
54
97
130
149
121
38
-36
-46
-35
-43
-47
-34
-12
8
27
50
77
101
123
158
179
175
182
198
211
204
167
125
115
136
146
136
127
123
136
187
276
332
241
104
99
137
23
-158
-218
-193
-163
-121
-67
-51
-79
-101
-86
-59
-61
-77
-79
-56
-29
-27
-33
13
106
95
-64
-220
-275
-244
-176
-114
-84
-83
-85
-69
-44
-34
-41
-42
-37
-51
-75
-91
-80
-39
24
92
82
-47
-156
-173
-160
-146
-117
-90
-90
-101
-91
-62
-40
-34
-24
-12
-15
-20
-12
21
53
9
-87
-152
-161
-129
-90
-70
-72
-67
-17
28
-7
-74
-124
-139
-112
-73
-42
-2
55
78
9
-86
-126
-94
-10
28
-23
-82
-101
-83
-53
-33
-36
-52
-54
-32
-4
21
59
84
46
-16
-37
-51
-81
-95
-106
-122
-125
-106
-75
-58
-61
-65
-57
-48
-52
-56
-25
62
202
360
501
593
580
428
211
43
-50
-79
-69
-50
-47
-48
-41
-35
-38
-46
-47
-37
-26
-24
-30
-32
-21
-4
34
100
129
50
-59
-110
-116
-93
-50
-14
-5
-10
-3
17
27
22
16
27
50
67
65
56
57
67
74
76
81
97
113
119
119
126
141
155
162
165
171
178
184
185
182
181
178
166
146
125
108
92
80
76
84
79
39
-22
-71
-91
-92
-84
-76
-76
-81
-81
-75
-71
-73
-76
-75
-71
-69
-68
-66
-60
-47
-23
31
99
116
30
-89
-162
-190
-176
-137
-104
-97
-100
-91
-71
-61
-67
-75
-72
-62
-58
-67
-74
-66
-55
-58
-70
-73
-60
-48
-51
-59
-59
-56
-54
-56
-60
-60
-57
-60
-70
-70
-58
-48
-46
-52
-56
-54
-55
-56
-55
-53
-49
-43
-37
-35
-39
-39
-25
2
17
2
-30
-58
-90
-109
-100
-78
-58
-47
-42
-34
-22
-6
10
32
50
22
-33
-64
-61
-47
-43
-52
-64
-74
-74
-63
-54
-54
-57
-57
-54
-54
-60
-69
-74
-73
-77
-78
-56
3
106
253
415
552
621
569
391
180
33
-33
-46
-38
-29
-25
-23
-22
-41
-72
-96
-104
-90
-61
-36
-32
-39
-30
-18
-24
-38
-36
-27
-19
8
44
69
65
27
-12
-17
10
24
14
-11
-33
-44
-34
-8
18
31
47
84
128
141
124
107
102
113
124
126
132
153
188
209
197
179
174
181
204
227
228
210
167
102
56
42
29
10
-14
-33
-35
-34
-26
4
20
13
-8
-41
-66
-65
-51
-55
-72
-93
-112
-117
-95
-55
-52
-105
-157
-168
-142
-109
-87
-62
-37
-33
-54
-73
-80
-73
-27
78
177
153
24
-110
-195
-206
-174
-156
-149
-136
-120
-102
-79
-60
-56
-58
-52
-45
-43
-31
18
122
235
251
106
-114
-266
-315
-294
-221
-141
-104
-97
-84
-62
-48
-47
-40
3
82
140
119
7
-115
-173
-194
-190
-156
-116
-91
-76
-52
-24
-8
-15
-30
-19
9
44
109
137
76
-10
-77
-111
-115
-98
-80
-78
-83
-77
-59
-43
-42
-47
-48
-40
-24
-7
10
9
-15
-37
-51
-44
-11
17
5
1
84
254
445
589
610
468
241
62
-32
-62
-47
-15
1
-16
-29
-8
23
16
-33
-73
-88
-91
-92
-87
-74
-65
-62
-54
-41
-33
-29
-21
-6
11
25
52
84
91
66
20
-15
-20
-13
-4
6
22
41
50
47
46
56
67
79
95
114
130
148
174
188
185
181
187
206
220
209
181
157
151
156
154
143
126
103
79
61
45
29
15
2
-11
-28
-43
-51
-48
-36
-34
-44
-57
-71
-75
-71
-67
-72
-81
-89
-96
-99
-101
-101
-95
-81
-64
-50
-44
-43
-48
-62
-72
-72
-64
-60
-68
-77
-83
-82
-74
-64
-63
-68
-70
-69
-65
-61
-56
-48
-41
-35
-26
-13
-16
-41
-65
-79
-88
-97
-103
-101
-94
-87
-79
-69
-56
-38
-13
-2
-20
-46
-56
-44
-28
-20
-28
-58
-94
-115
-116
-105
-93
-80
-66
-49
-38
-32
-19
3
20
17
4
-3
0
1
-8
-28
-50
-65
-71
-72
-72
-73
-70
-61
-54
-47
-40
-33
-21
-4
10
14
1
-17
-28
-33
-9
74
218
386
524
573
482
281
89
-28
-78
-80
-60
-43
-40
-41
-36
-30
-32
-39
-39
-30
-20
-22
-33
-42
-46
-45
-42
-34
-17
-1
1
-10
-21
-22
-14
-4
-1
-1
5
14
24
34
45
59
70
75
71
59
46
40
43
54
74
96
114
128
140
150
159
165
171
179
192
206
215
217
218
209
185
150
115
89
71
57
45
32
16
0
-11
-16
-22
-28
-29
-27
-27
-30
-25
-17
-23
-43
-55
-61
-70
-73
-73
-71
-63
-53
-45
-40
-40
-46
-47
-38
-29
-21
-10
-8
-17
-26
-28
-27
-28
-32
-36
-40
-40
-37
-37
-39
-40
-38
-34
-29
-25
-23
-24
-27
-31
-35
-35
-27
-25
-38
-52
-56
-53
-46
-41
-41
-45
-49
-44
-35
-31
-33
-31
-26
-21
-16
-11
-11
-20
-30
-46
-61
-65
-58
-43
-28
-15
-6
2
12
19
22
21
19
19
20
20
21
19
8
-4
-13
-19
-25
-32
-36
-34
-27
-16
-7
-7
-13
-18
-17
-17
-17
-8
24
93
205
353
508
630
662
553
342
142
12
-50
-56
-33
-9
1
7
14
16
9
-3
-10
-7
0
3
5
15
22
15
3
2
11
21
28
28
31
39
51
68
82
86
78
57
30
9
5
18
40
60
70
78
93
114
133
143
150
151
143
139
147
162
172
179
186
189
190
194
204
206
199
185
168
152
139
126
113
100
90
83
65
31
-1
-27
-45
-54
-55
-60
-76
-95
-97
-74
-37
-13
-30
-74
-110
-120
-108
-86
-71
-73
-82
-91
-93
-87
-79
-75
-71
-60
-48
-48
-55
-59
-56
-52
-48
-49
-56
-59
-60
-63
-69
-74
-65
-57
-54
-56
-65
-77
-85
-84
-76
-68
-59
-60
-73
-81
-76
-72
-72
-74
-82
-93
-97
-94
-87
-77
-65
-62
-60
-60
-70
-82
-82
-72
-65
-64
-66
-65
-58
-55
-59
-61
-62
-57
-46
-41
-40
-34
-19
-3
1
-13
-30
-41
-46
-49
-51
-53
-61
-73
-80
-72
-56
-46
-43
-46
-52
-60
-74
-84
-81
-71
-73
-82
-78
-45
26
145
305
467
578
572
430
220
49
-57
-105
-104
-85
-77
-75
-62
-44
-36
-46
-61
-70
-69
-65
-63
-58
-50
-45
-51
-60
-64
-57
-45
-33
-21
-10
1
7
2
-10
-19
-18
-12
-5
-2
0
6
11
9
7
16
30
43
55
70
87
104
118
132
144
148
143
147
162
172
181
192
187
168
144
129
115
99
83
65
47
31
17
4
-10
-27
-43
-53
-59
-65
-74
-82
-83
-79
-76
-75
-77
-76
-68
-60
-63
-79
-95
-103
-110
-120
-125
-122
-117
-110
-101
-94
-91
-90
-87
-85
-79
-71
-63
-55
-46
-40
-48
-60
-67
-74
-82
-87
-89
-94
-99
-99
-95
-92
-90
-86
-81
-80
-81
-80
-77
-74
-73
-73
-71
-63
-56
-54
-59
-65
-64
-62
-69
-82
-90
-91
-89
-82
-75
-73
-72
-68
-62
-54
-47
-46
-49
-51
-48
-36
-23
-14
-9
-14
-23
-27
-28
-27
-23
-30
-50
-70
-81
-81
-78
-76
-71
-69
-70
-73
-71
-60
-53
-50
-49
-51
-48
-24
36
140
284
439
560
585
474
265
70
-49
-96
-92
-67
-52
-51
-52
-45
-36
-39
-44
-35
-18
-19
-41
-63
-65
-53
-42
-41
-46
-42
-29
-17
-17
-23
-23
-15
-8
0
9
12
14
17
23
32
39
46
55
61
63
66
73
79
90
104
109
106
108
118
135
155
173
183
182
176
176
182
177
168
163
156
145
132
116
96
74
54
37
19
-1
-20
-35
-46
-53
-57
-64
-68
-64
-57
-59
-68
-77
-82
-80
-77
-76
-77
-79
-80
-75
-68
-64
-60
-57
-57
-57
-54
-52
-55
-63
-69
-65
-56
-52
-58
-62
-61
-56
-51
-49
-52
-60
-63
-62
-59
-54
-52
-57
-58
-57
-57
-54
-47
-38
-27
-29
-47
-69
-83
-84
-77
-62
-51
-49
-53
-57
-57
-54
-52
-46
-33
-19
-17
-27
-38
-39
-28
-12
1
7
3
-1
-7
-6
-4
-11
-23
-30
-33
-33
-36
-44
-51
-54
-53
-46
-39
-39
-46
-53
-57
-59
-58
-60
-64
-56
-21
54
176
337
496
602
602
465
252
75
-33
-77
-74
-55
-48
-51
-52
-45
-41
-44
-45
-41
-34
-31
-36
-42
-39
-29
-24
-26
-30
-29
-23
-20
-18
-12
-3
5
8
7
9
18
27
28
30
37
45
49
48
48
55
62
66
70
78
88
100
116
131
142
147
150
155
163
174
188
196
195
188
180
167
149
126
106
88
69
49
31
14
-1
-15
-28
-42
-53
-58
-58
-62
-69
-72
-75
-75
-81
-87
-86
-85
-88
-86
-80
-77
-76
-74
-73
-70
-68
-68
-68
-69
-70
-71
-71
-66
-57
-53
-56
-60
-63
-62
-59
-57
-60
-64
-65
-65
-66
-68
-69
-69
-67
-65
-64
-63
-64
-67
-67
-63
-59
-53
-45
-47
-58
-69
-75
-75
-73
-70
-63
-56
-50
-45
-36
-20
-8
3
9
-13
-46
-59
-47
-47
-78
-102
-107
-102
-83
-52
-26
-16
-7
8
14
15
18
10
-2
-8
-29
-53
-66
-59
-29
21
60
36
-20
-50
-61
-81
-99
-110
-114
-114
-104
-83
-53
-22
35
153
331
512
616
589
436
234
76
-16
-56
-50
-22
-9
-17
-22
-13
2
2
-13
-22
-16
-7
-4
-11
-11
-1
7
9
7
-3
-8
-1
15
23
11
0
-3
-7
-4
13
33
51
82
111
116
85
36
8
16
55
92
96
91
90
88
89
96
105
121
146
166
179
203
245
271
244
182
139
122
121
131
127
105
92
80
67
60
38
7
-2
10
14
7
3
4
2
-9
-28
-54
-78
-100
-101
-72
-21
33
66
69
18
-25
-39
-59
-73
-83
-92
-89
-101
-119
-124
-116
-109
-108
-98
-80
-73
-71
-59
-41
-20
4
13
-16
-57
-74
-71
-57
-35
-33
-62
-90
-93
-76
-57
-45
-38
-43
-57
-63
-66
-69
-66
-57
-48
-45
-46
-46
-45
-47
-57
-64
-65
-62
-55
-46
-23
3
16
14
6
3
-11
-38
-48
-46
-44
-34
-24
-29
-38
-40
-40
-37
-38
-49
-59
-62
-65
-69
-71
-70
-64
-62
-62
-63
-61
-56
-55
-58
-51
-13
74
211
369
511
592
549
370
149
-11
-93
-111
-90
-65
-54
-50
-33
-5
14
12
-2
-21
-43
-72
-100
-114
-109
-92
-76
-67
-59
-51
-45
-43
-41
-34
-27
-24
-22
-16
-4
12
23
26
27
31
33
32
29
25
26
35
45
52
62
85
113
134
155
173
182
184
184
171
150
126
106
99
107
120
119
103
87
73
58
45
33
15
1
1
-3
-17
-35
-52
-64
-74
-86
-93
-92
-88
-85
-91
-102
-113
-122
-119
-108
-96
-91
-90
-87
-82
-79
-80
-83
-86
-82
-71
-59
-52
-41
-26
-34
-47
-49
-57
-84
-118
-129
-120
-111
-98
-79
-63
-59
-49
-22
-12
-33
-63
-85
-98
-99
-96
-95
-94
-92
-90
-85
-78
-68
-55
-49
-57
-70
-78
-78
-74
-70
-70
-72
-67
-53
-40
-41
-50
-53
-48
-34
-16
3
35
79
105
90
38
-20
-67
-95
-106
-107
-105
-102
-94
-80
-66
-67
-74
-74
-63
-56
-58
-60
-56
-50
-47
-39
-11
45
139
278
433
557
600
509
303
101
-13
-42
-24
-4
-16
-54
-88
-96
-87
-82
-81
-74
-61
-47
-42
-41
-34
-23
-13
-16
-19
-15
-4
11
15
3
-8
-9
-6
4
25
32
17
2
4
23
56
98
122
111
78
61
66
66
55
54
60
70
85
101
114
128
147
170
192
216
236
235
212
184
164
150
124
102
87
66
40
20
11
3
-10
-21
-24
-17
-10
-12
-22
-42
-60
-64
-62
-64
-68
-79
-91
-98
-98
-88
-68
-52
-53
-57
-50
-37
-24
-18
-17
-10
-14
-44
-80
-96
-96
-91
-82
-71
-62
-58
-57
-52
-45
-32
-24
-20
-6
10
1
-38
-78
-94
-92
-81
-68
-61
-60
-59
-58
-58
-55
-56
-60
-61
-59
-58
-57
-49
-36
-23
-2
15
10
-10
-36
-57
-64
-66
-63
-53
-48
-43
-39
-36
-30
-23
-16
-4
5
2
-8
-17
-19
-21
-28
-34
-32
-25
-18
-15
-21
-34
-49
-64
-73
-75
-69
-61
-58
-61
-63
-59
-34
28
134
282
444
578
629
542
339
130
-11
-80
-87
-60
-40
-31
-25
-25
-24
-21
-33
-49
-47
-34
-24
-17
-9
-3
1
4
1
0
0
-4
-6
3
8
-9
-33
-42
-43
-34
-12
8
13
14
24
34
42
47
52
66
85
97
109
126
131
123
121
125
124
133
152
163
166
168
170
176
179
174
170
165
154
135
119
107
84
60
44
33
20
2
-20
-37
-49
-51
-42
-57
-95
-118
-112
-92
-72
-66
-79
-94
-96
-81
-55
-32
-17
-35
-81
-94
-66
-52
-73
-88
-96
-92
-67
-34
-11
-17
-34
-34
-10
4
-15
-63
-105
-128
-135
-119
-87
-66
-76
-93
-94
-72
-39
-26
-38
-58
-72
-85
-82
-47
-13
-12
-42
-85
-97
-83
-65
-39
-15
3
-8
-46
-52
-33
-52
-90
-94
-62
-38
-55
-87
-99
-92
-67
-40
-16
43
103
78
-17
-54
-29
-1
9
38
74
22
-57
-64
-11
31
0
-49
-39
-29
-83
-128
-112
-59
-4
20
13
-1
-21
-30
10
71
45
-33
-20
121
296
437
539
556
447
281
160
94
45
-5
-25
-3
-6
-53
-86
-109
-119
-104
-86
-52
-6
17
10
0
16
56
71
58
37
-17
-77
-95
-61
-11
-8
-35
-32
-14
-17
-11
20
41
40
51
96
142
160
149
89
5
-41
-43
-10
41
84
115
145
182
200
175
143
134
155
214
287
330
308
229
168
126
69
21
-13
-26
-23
-3
39
86
93
59
-16
-125
-192
-190
-163
-132
-97
-75
-75
-79
-57
12
89
89
17
-56
-110
-157
-189
-184
-145
-90
-54
-62
-82
-73
-46
-43
-64
-80
-79
-51
-7
25
15
-42
-112
-152
-151
-131
-104
-94
-89
-63
-34
-35
-56
-56
-36
-31
-64
-111
-128
-120
-109
-68
11
52
-7
-88
-128
-142
-141
-123
-103
-91
-79
-54
3
109
201
130
-31
-104
-111
-112
-96
-69
-72
-100
-108
-82
-53
-51
-64
-45
42
158
147
-35
-165
-179
-176
-159
-121
-99
-97
-92
-81
-64
-23
57
201
406
600
698
634
423
202
58
-80
-197
-214
-160
-107
-79
-67
-61
-59
-54
-32
6
37
17
-21
-31
-31
-33
-21
-8
-39
-73
-80
-59
-29
-18
-18
-27
-41
-45
-30
-10
6
17
30
48
52
49
65
123
194
210
172
100
12
-23
18
68
78
60
50
58
86
126
156
165
163
163
170
176
186
225
287
284
173
75
21
-56
-104
-114
-122
-114
-97
-79
-67
-70
-84
-87
-72
-55
-44
-31
-17
-19
-49
-90
-119
-122
-100
-67
-37
-12
-7
-21
-55
-94
-111
-97
-66
-48
-51
-61
-69
-68
-52
-2
90
168
102
-85
-202
-211
-179
-131
-89
-74
-84
-86
-62
-39
-46
-71
-78
-60
-45
-49
-61
-59
-45
-41
-51
-63
-58
-37
-11
25
66
58
-4
-67
-91
-84
-70
-55
-43
-53
-74
-75
-56
-43
-37
-13
35
79
88
62
37
22
-5
-47
-92
-101
-84
-79
-81
-73
-59
-45
-39
-34
-24
-24
-25
-10
-1
-16
-51
-79
-79
-50
17
128
283
459
617
684
589
356
121
-28
-102
-110
-80
-62
-58
-49
-25
4
23
32
15
-9
-29
-73
-104
-90
-65
-50
-40
-28
-7
12
23
35
51
70
72
45
11
-12
-21
-23
-14
0
16
42
80
108
96
74
77
82
73
72
88
106
128
160
171
157
152
167
192
206
192
167
155
161
167
161
148
128
112
113
122
127
112
76
47
47
40
-2
-40
-51
-78
-119
-132
-122
-105
-90
-81
-70
-58
-49
-46
-47
-37
-8
40
58
2
-55
-85
-120
-141
-128
-103
-90
-67
-27
-8
-29
-68
-89
-81
-53
-21
-3
-1
-15
-46
-79
-97
-92
-77
-69
-71
-77
-74
-53
-27
-25
-46
-61
-64
-59
-55
-53
-43
-33
-38
-48
-52
-51
-52
-52
-55
-60
-57
-61
-66
-60
-57
-57
-51
-42
-39
-40
-49
-59
-54
-46
-39
-27
-8
6
8
18
37
52
44
5
-27
-32
-33
-39
-39
-41
-55
-63
-58
-53
-51
-47
-37
-30
-34
-44
-41
-20
3
8
-7
-40
-70
-67
-30
44
160
315
473
581
579
438
221
41
-60
-89
-67
-31
-9
-1
5
3
-5
-24
-39
-32
-30
-50
-75
-85
-73
-52
-35
-31
-32
-26
-12
-3
-6
-7
8
32
50
61
67
57
35
4
-20
-26
-18
0
21
35
46
59
74
89
105
127
142
142
136
134
134
140
155
168
179
193
199
194
192
193
184
153
112
79
60
56
53
34
10
-6
-9
2
7
-17
-53
-76
-74
-55
-46
-57
-68
-82
-103
-112
-103
-85
-67
-61
-65
-65
-68
-77
-82
-73
-51
-19
5
-12
-68
-111
-120
-112
-95
-81
-74
-68
-73
-75
-67
-61
-55
-36
-17
-26
-49
-63
-72
-79
-79
-80
-88
-94
-89
-83
-86
-87
-77
-59
-44
-33
-20
-13
-22
-36
-45
-66
-96
-106
-99
-90
-74
-53
-43
-54
-68
-71
-67
-59
-53
-47
-34
-18
-14
-25
-35
-29
-15
-3
-2
-11
-16
-16
-30
-44
-45
-45
-46
-46
-46
-49
-50
-50
-46
-31
-7
9
-9
-47
-71
-78
-77
-74
-78
-89
-81
-36
52
180
342
497
589
569
420
215
57
-36
-71
-60
-35
-31
-54
-73
-74
-64
-53
-43
-33
-23
-20
-20
-12
-1
-5
-24
-40
-46
-49
-52
-51
-43
-21
5
15
11
7
9
7
4
8
25
59
96
108
93
73
48
26
23
33
49
66
86
102
113
122
131
140
150
161
171
183
195
203
210
212
188
153
131
112
85
58
31
4
-20
-34
-37
-42
-50
-57
-57
-51
-45
-37
-27
-17
-22
-59
-105
-123
-111
-92
-80
-75
-73
-71
-63
-50
-46
-54
-64
-58
-32
-11
-35
-77
-97
-98
-90
-72
-44
-22
-18
-37
-58
-68
-75
-79
-76
-64
-47
-21
12
30
11
-34
-71
-79
-74
-65
-60
-73
-103
-112
-97
-83
-75
-70
-61
-49
-42
-42
-48
-49
-38
-18
-7
-11
-35
-69
-77
-61
-50
-54
-61
-60
-42
-14
-3
-19
-40
-43
-27
-5
11
22
49
83
73
22
-39
-91
-113
-103
-82
-66
-56
-49
-44
-42
-35
-12
20
23
-27
-89
-128
-136
-108
-46
45
172
337
499
604
590
435
219
52
-43
-82
-77
-53
-29
-4
46
117
124
39
-60
-127
-150
-134
-99
-72
-63
-58
-45
-32
-26
-27
-24
-18
-12
-9
-6
-2
4
11
13
16
23
26
27
33
49
87
149
199
179
85
1
-24
-10
25
67
98
107
110
124
147
165
169
171
182
198
213
229
241
232
196
133
61
18
10
12
13
12
16
21
22
18
8
31
90
83
-43
-184
-239
-227
-186
-134
-96
-87
-86
-63
-23
8
4
-44
-90
-98
-93
-100
-99
-84
-68
-61
-65
-71
-76
-84
-91
-87
-69
-41
-11
21
35
20
-28
-97
-144
-155
-138
-110
-90
-83
-79
-67
-54
-55
-67
-75
-75
-68
-63
-61
-60
-59
-56
-53
-53
-54
-56
-63
-67
-55
-22
14
24
5
-32
-58
-65
-80
-102
-112
-104
-84
-64
-34
12
42
26
-15
-60
-93
-99
-79
-49
-28
-22
-23
-18
-9
-4
-10
-21
-22
-10
10
19
-1
-41
-76
-102
-110
-97
-72
-52
-46
-48
-46
-45
-51
-47
-8
73
197
351
499
597
585
440
235
84
21
30
71
67
-12
-107
-150
-138
-110
-88
-74
-61
-51
-43
-39
-34
-28
-25
-22
-20
-19
-14
-6
3
13
30
45
40
19
3
-3
1
9
10
11
14
22
34
47
54
61
68
75
85
95
102
108
117
127
138
149
163
188
221
243
229
191
160
143
134
132
131
123
109
93
80
65
45
24
6
-4
-1
10
18
-2
-47
-88
-109
-112
-100
-85
-79
-80
-79
-71
-60
-56
-61
-58
-34
-12
-18
-46
-79
-92
-87
-76
-61
-43
-21
0
8
-12
-57
-95
-112
-111
-96
-78
-67
-66
-64
-55
-47
-49
-50
-39
-17
4
-5
-37
-63
-78
-79
-70
-65
-67
-67
-59
-41
-32
-34
-46
-61
-60
-40
-16
-15
-41
-72
-88
-80
-57
-38
-37
-51
-68
-77
-77
-67
-51
-38
-37
-44
-43
-38
-29
-16
-1
11
10
3
-3
-7
-15
-32
-46
-52
-55
-54
-49
-49
-54
-58
-56
-54
-59
-65
-69
-69
-68
-65
-66
-71
-72
-64
-31
47
174
334
491
596
585
434
220
50
-52
-95
-93
-69
-50
-39
-24
-13
-23
-46
-65
-67
-51
-34
-36
-53
-64
-64
-60
-52
-38
-22
-5
4
0
-14
-22
-10
2
-2
-10
-6
4
13
18
23
30
34
45
68
94
109
103
89
74
71
76
78
87
111
133
141
140
141
143
144
146
152
160
160
151
136
121
104
82
61
43
29
15
-2
-25
-48
-62
-68
-68
-69
-72
-78
-86
-87
-83
-79
-77
-72
-59
-47
-40
-36
-38
-43
-54
-73
-97
-113
-113
-102
-91
-86
-83
-79
-72
-63
-54
-49
-47
-41
-30
-17
-3
7
0
-45
-101
-123
-116
-98
-78
-65
-63
-65
-57
-41
-26
-20
-24
-30
-33
-43
-72
-95
-97
-91
-84
-73
-56
-45
-40
-31
-16
-3
9
9
-9
-34
-55
-71
-73
-65
-63
-57
-43
-31
-25
-19
-12
-7
2
16
28
27
14
-3
-14
-22
-39
-53
-59
-59
-65
-75
-79
-79
-76
-68
-56
-43
-39
-42
-35
4
77
185
323
463
565
573
454
249
65
-47
-94
-90
-61
-37
-30
-22
-8
3
-1
-12
-18
-21
-18
-22
-30
-32
-29
-30
-38
-43
-36
-23
-12
-4
2
12
25
38
43
33
24
21
14
14
25
40
44
36
32
38
51
64
74
84
94
107
121
134
144
149
152
157
163
170
178
181
180
177
173
166
154
139
124
108
89
67
45
24
4
-10
-22
-33
-44
-53
-61
-65
-65
-66
-69
-70
-72
-73
-72
-71
-71
-72
-72
-71
-72
-71
-67
-64
-63
-64
-70
-73
-73
-73
-71
-67
-62
-62
-66
-67
-62
-56
-52
-52
-51
-50
-51
-58
-68
-72
-73
-69
-67
-67
-67
-63
-60
-57
-55
-55
-55
-53
-52
-58
-69
-76
-79
-80
-76
-74
-72
-63
-54
-46
-44
-47
-49
-47
-48
-54
-61
-67
-76
-81
-80
-73
-67
-64
-58
-51
-46
-44
-39
-25
-5
15
33
43
41
25
-2
-31
-59
-76
-83
-84
-84
-81
-75
-71
-65
-60
-54
-42
-28
-25
-37
-48
-52
-52
-46
-25
18
83
185
325
468
561
541
388
180
23
-55
-70
-43
2
33
47
50
25
-27
-77
-107
-114
-102
-85
-75
-69
-63
-52
-35
-23
-17
-9
2
6
1
2
10
20
24
22
19
14
12
17
26
40
66
100
132
159
168
151
101
57
37
26
29
49
80
110
129
139
146
157
176
200
215
213
194
172
156
141
123
108
98
93
93
85
69
50
29
17
18
21
9
-19
-59
-93
-104
-107
-108
-103
-94
-80
-59
-38
-33
-31
-25
-25
-46
-73
-86
-85
-66
-35
-10
5
36
56
21
-48
-117
-143
-121
-88
-73
-67
-53
-25
-6
-3
-24
-67
-92
-75
-35
-18
-36
-66
-78
-73
-65
-60
-56
-50
-56
-68
-73
-64
-54
-49
-50
-59
-59
-50
-40
-30
-15
-6
-19
-36
-39
-38
-45
-51
-50
-53
-46
-37
-30
-22
-15
-8
7
24
20
-1
-14
-11
0
7
0
-16
-36
-58
-68
-60
-39
-39
-58
-69
-68
-62
-55
-47
-38
-31
-34
-28
10
77
143
207
308
434
535
541
407
195
21
-77
-111
-96
-65
-53
-59
-58
-40
-27
-32
-41
-39
-28
-22
-29
-34
-24
-7
2
-3
-9
-2
10
14
13
17
23
26
24
24
31
42
48
44
36
34
43
56
63
67
75
82
86
90
95
109
130
143
148
149
150
157
166
175
183
186
183
173
167
167
164
156
142
122
101
81
61
39
23
10
-7
-23
-32
-36
-42
-50
-59
-62
-60
-60
-58
-62
-77
-90
-91
-89
-93
-97
-98
-100
-99
-94
-88
-82
-79
-77
-75
-74
-74
-75
-72
-66
-61
-62
-63
-64
-65
-67
-72
-76
-77
-71
-65
-64
-66
-64
-63
-65
-65
-66
-66
-67
-66
-65
-66
-68
-69
-73
-77
-81
-82
-78
-69
-60
-55
-55
-59
-62
-62
-59
-52
-47
-45
-45
-48
-50
-48
-40
-31
-21
-2
12
8
-9
-31
-50
-59
-59
-56
-58
-64
-69
-72
-72
-72
-73
-73
-70
-65
-63
-61
-59
-61
-66
-61
-32
33
139
276
422
541
579
481
277
81
-45
-109
-117
-90
-60
-46
-35
-17
-5
-17
-47
-54
-15
40
57
15
-49
-87
-103
-110
-100
-85
-73
-67
-61
-45
-25
-5
7
13
26
44
54
57
43
20
9
19
39
59
70
66
65
66
64
76
100
121
134
141
143
133
118
122
144
165
173
172
175
177
171
161
142
118
92
65
45
38
36
35
31
12
-25
-63
-82
-80
-82
-98
-106
-99
-90
-84
-84
-81
-74
-56
-23
-3
-24
-70
-97
-95
-85
-77
-76
-81
-86
-81
-63
-30
20
56
38
-27
-79
-77
-50
-53
-81
-105
-121
-113
-86
-68
-68
-82
-90
-76
-47
-6
50
103
113
73
5
-79
-148
-172
-162
-142
-128
-111
-89
-77
-81
-83
-66
-30
14
58
88
59
-20
-102
-150
-147
-109
-63
-35
-29
-31
-26
-15
-10
-12
-8
8
25
30
52
97
79
-12
-95
-130
-118
-94
-86
-87
-88
-84
-74
-62
-60
-73
-81
-70
-52
-26
37
163
302
389
450
519
550
467
277
88
-41
-108
-102
-60
-30
-10
8
23
33
-6
-76
-107
-82
-40
-17
-27
-50
-70
-79
-86
-87
-71
-47
-32
-22
-11
-1
-2
-13
-23
-22
-7
10
17
15
17
29
40
44
45
52
63
73
77
82
92
107
123
132
136
139
145
154
161
166
174
183
194
200
204
211
221
223
190
128
52
-9
-36
-43
-39
-33
-37
-50
-58
-57
-61
-71
-79
-83
-81
-80
-84
-85
-81
-75
-70
-59
-36
-29
-51
-76
-98
-108
-96
-79
-77
-78
-69
-52
-42
-41
-44
-52
-69
-69
-44
-20
-23
-45
-54
-42
-31
-54
-81
-92
-85
-67
-44
-26
-42
-94
-138
-147
-130
-106
-91
-82
-75
-75
-67
-46
-12
29
43
-6
-80
-129
-142
-127
-112
-105
-100
-90
-68
-46
-40
-46
-61
-70
-55
-8
55
76
29
-8
-8
-21
-43
-56
-75
-89
-78
-64
-64
-67
-78
-91
-80
-47
3
55
56
4
-47
-70
-69
-73
-85
-86
-74
-54
1
136
319
492
620
684
622
408
158
20
-9
-17
-58
-88
-78
-82
-72
-43
-48
-47
-15
38
33
-24
-26
22
42
40
28
-7
-25
-13
2
23
31
5
-13
-10
4
33
71
106
127
127
120
98
34
-19
-20
0
18
46
68
62
56
78
125
180
234
244
214
206
214
190
145
131
140
136
134
165
213
238
215
143
79
48
28
1
-23
-31
-37
-44
-31
-7
-7
-36
-64
-61
-18
47
70
3
-76
-103
-121
-139
-133
-114
-84
-32
6
1
-12
-30
-46
-13
30
-1
-92
-157
-166
-134
-79
-36
-22
-23
-24
-24
-32
-43
-57
-77
-71
-45
-46
-27
40
96
42
-91
-159
-144
-122
-119
-89
-43
-36
-36
-16
-10
-32
-71
-69
-22
2
-26
-54
-30
-30
-73
-84
-47
27
82
42
-42
-78
-63
-6
50
63
50
8
-46
-88
-123
-145
-133
-114
-105
-99
-88
-65
-21
42
50
-47
-140
-125
-24
139
346
547
668
634
454
217
45
-33
-54
-39
-34
-77
-124
-128
-78
-5
54
109
145
99
-23
-131
-185
-176
-130
-93
-87
-96
-72
-3
71
69
-2
-41
-11
67
143
108
-20
-86
-76
-54
-39
-21
-4
-3
17
77
149
159
86
28
33
62
105
186
287
314
227
107
56
60
87
130
177
239
268
200
69
-22
-51
-38
-6
27
28
-13
-46
-40
-15
21
78
133
97
-56
-195
-249
-239
-176
-94
-45
-43
-63
-69
-42
-33
-78
-110
-91
-61
-82
-127
-146
-153
-146
-130
-103
-62
-41
-41
-36
-17
-8
-33
-75
-100
-112
-125
-130
-131
-127
-115
-86
-47
-14
10
-7
-44
-68
-107
-149
-150
-109
-70
-51
-34
-34
-58
-86
-83
-46
7
19
-45
-142
-186
-156
-117
-87
-66
-68
-79
-73
-46
-11
10
26
69
100
62
1
-26
-53
-79
-86
-126
-176
-183
-151
-115
-90
-77
-76
-72
-53
-30
-4
20
20
-3
-29
-63
-90
-65
31
189
369
515
566
478
280
81
-49
-100
-88
-39
25
87
88
10
-33
-69
-145
-174
-152
-136
-132
-111
-77
-50
-42
-48
-44
-23
1
20
38
42
24
4
-18
-48
-51
-25
6
35
34
-8
-31
-17
8
32
55
56
33
19
34
65
96
118
140
171
180
150
106
98
140
194
195
143
106
103
117
124
122
112
85
49
20
15
27
46
48
22
-25
-84
-120
-122
-107
-90
-80
-86
-89
-70
-42
-37
-68
-105
-131
-145
-132
-87
-38
-16
-15
-8
-32
-84
-120
-140
-139
-118
-94
-79
-78
-81
-74
-63
-56
-50
-47
-46
-45
-47
-34
-3
4
-18
-42
-79
-121
-132
-116
-100
-86
-73
-65
-66
-69
-67
-53
-29
-9
3
19
44
91
145
83
-98
-211
-209
-160
-95
-30
-4
-21
-41
-35
-17
-17
-39
-50
-25
22
65
77
31
-37
-72
-89
-101
-95
-90
-106
-124
-123
-99
-72
-52
-17
67
213
389
533
600
558
419
251
103
-23
-104
-106
-67
-52
-63
-76
-80
-76
-77
-77
-59
-44
-42
-42
-27
5
50
77
61
31
14
-10
-48
-66
-66
-62
-52
-43
-30
-9
3
7
13
26
38
42
41
48
68
90
111
133
154
161
146
120
90
76
89
106
114
125
142
158
169
171
169
166
159
145
129
109
89
73
58
45
40
45
45
48
73
71
13
-50
-107
-137
-124
-102
-99
-105
-102
-96
-90
-81
-69
-50
-11
18
5
-22
-36
-67
-89
-81
-93
-123
-133
-113
-89
-72
-63
-50
-29
-3
18
19
-5
-47
-83
-104
-98
-48
18
20
-48
-105
-114
-101
-83
-60
-55
-68
-80
-74
-43
16
71
60
1
-63
-125
-158
-145
-106
-72
-60
-59
-55
-47
-38
-33
-31
-22
-1
29
59
77
85
73
46
-19
-91
-106
-92
-81
-72
-60
-53
-51
-49
-44
-38
-25
-2
6
14
42
27
-32
-63
-74
-89
-89
-44
55
199
365
513
594
546
367
155
10
-64
-82
-60
-27
3
41
87
114
59
-53
-120
-136
-126
-100
-73
-59
-55
-47
-33
-23
-21
-20
-13
-1
6
3
-3
2
17
24
30
39
46
59
81
96
98
71
27
11
28
60
82
85
76
74
85
100
114
120
124
138
162
183
195
207
230
231
204
183
181
183
162
116
55
12
-2
-7
-15
-36
-63
-75
-73
-69
-72
-77
-74
-69
-69
-73
-72
-59
-37
-30
-53
-74
-74
-68
-76
-92
-98
-94
-82
-73
-72
-70
-71
-74
-67
-58
-57
-64
-71
-70
-61
-56
-56
-55
-52
-50
-52
-61
-72
-74
-71
-67
-65
-61
-57
-56
-56
-55
-57
-59
-60
-59
-54
-43
-29
-13
-9
-26
-41
-44
-44
-51
-64
-79
-99
-109
-101
-83
-71
-61
-53
-47
-37
-23
-11
-8
-12
-13
-14
-16
-16
-18
-17
-17
-19
-17
0
19
11
-21
-64
-110
-132
-124
-106
-90
-83
-84
-87
-82
-66
-34
26
123
266
424
547
590
505
309
119
4
-58
-75
-64
-55
-57
-52
-37
-27
-35
-55
-61
-44
-20
-19
-39
-57
-61
-59
-57
-48
-27
-3
10
4
-15
-24
-8
10
30
56
58
18
-15
-16
-12
-9
0
11
18
32
48
63
74
80
87
102
122
146
168
188
227
275
263
181
100
65
61
81
118
143
142
138
144
142
143
159
154
92
1
-81
-125
-115
-71
-45
-60
-89
-121
-125
-84
-42
-42
-59
-74
-73
-50
-30
-36
-49
-64
-98
-116
-89
-49
-46
-69
-74
-51
-18
11
4
-45
-73
-76
-70
-53
-29
-20
-29
-41
-44
-41
-49
-63
-66
-62
-60
-37
37
130
159
93
-13
-64
-69
-105
-143
-139
-127
-119
-88
-45
-20
-24
-28
-21
-15
-20
-38
-48
-31
-5
12
31
90
178
186
82
-23
-52
-30
-14
-31
-49
-43
-33
-27
-11
44
94
65
-23
-106
-152
-171
-158
-110
-69
-71
-81
-42
50
172
324
521
727
807
653
310
1
-165
-210
-172
-107
-59
-40
-30
-13
14
31
36
50
57
3
-84
-125
-111
-83
-67
-56
-41
-27
-16
-2
6
11
32
56
64
65
67
66
58
33
-17
-56
-58
-24
27
74
97
90
79
88
115
143
170
186
176
151
112
79
76
105
146
165
160
162
168
154
133
128
132
138
161
202
195
112
4
-72
-120
-147
-147
-133
-120
-106
-90
-81
-78
-73
-56
-27
1
19
32
27
-25
-99
-149
-159
-131
-96
-84
-87
-79
-58
-37
-32
-50
-76
-104
-111
-94
-66
-32
-7
-6
-37
-62
-31
36
53
-3
-80
-151
-183
-158
-113
-90
-109
-126
-106
-67
-42
-38
-21
14
33
0
-78
-140
-146
-113
-64
-20
-5
-34
-76
-107
-113
-109
-106
-99
-86
-68
-53
-42
-34
-19
7
51
126
194
159
43
-54
-123
-162
-156
-129
-108
-106
-105
-86
-67
-64
-68
-58
-20
43
98
93
33
-47
-122
-172
-179
-126
-24
117
286
459
594
610
471
245
60
-36
-45
10
68
50
-40
-114
-139
-126
-99
-74
-67
-68
-59
-42
-35
-40
-53
-50
-22
21
56
59
28
-6
-25
-45
-74
-84
-71
-52
-34
-14
2
8
13
20
32
52
74
92
106
120
136
168
192
152
75
27
21
41
77
120
148
152
152
167
193
218
242
246
207
164
144
109
43
-21
-60
-80
-86
-71
-50
-46
-64
-81
-79
-66
-65
-77
-88
-81
-68
-66
-71
-73
-71
-71
-77
-85
-81
-66
-59
-71
-88
-92
-85
-78
-73
-71
-70
-67
-67
-68
-62
-49
-42
-40
-29
-33
-60
-83
-94
-94
-81
-60
-50
-62
-79
-80
-70
-68
-70
-67
-61
-51
-35
-16
5
8
-26
-69
-86
-92
-98
-104
-109
-115
-114
-97
-74
-58
-51
-49
-40
-25
-13
0
24
39
34
26
12
-6
-34
-58
-67
-78
-94
-106
-110
-109
-102
-86
-66
-48
-39
-44
-53
-61
-65
-73
-72
-38
29
123
249
398
534
592
513
318
118
-13
-79
-110
-108
-83
-69
-58
-44
-40
-54
-71
-69
-54
-35
-12
16
46
70
44
-26
-68
-71
-71
-74
-70
-66
-57
-35
-17
-12
-15
-6
34
91
122
116
100
64
31
33
46
52
80
108
100
84
92
105
115
117
104
102
132
193
241
232
211
210
223
244
254
229
182
137
108
83
68
68
42
-3
-14
1
4
-11
-59
-118
-140
-127
-88
-13
49
49
34
71
98
39
-30
-61
-74
-102
-142
-116
-48
-51
-90
-90
-87
-102
-97
-64
-35
-22
3
46
110
152
94
-9
-60
-87
-112
-113
-91
-60
-30
-30
-73
-98
-68
-31
-33
-41
-45
-36
4
52
36
-21
-54
-96
-125
-100
-52
-35
-34
-11
12
36
48
17
-20
-61
-124
-161
-131
-60
4
61
85
25
-22
-10
-2
-33
-63
-57
-40
-22
31
78
58
23
14
5
-58
-126
-133
-109
-93
-77
-55
-53
-78
-93
-86
-75
-52
19
142
253
297
375
498
538
459
285
79
-46
-60
-12
46
77
75
28
-51
-102
-108
-86
-64
-69
-91
-107
-89
-44
-13
-18
-22
10
25
2
-43
-103
-130
-93
-33
-2
-1
10
45
55
48
61
64
30
5
5
16
56
121
158
121
51
32
62
77
61
39
37
69
113
142
167
207
247
276
281
237
163
81
46
54
35
10
9
11
14
39
53
4
-54
-59
-50
-72
-100
-103
-88
-55
-69
-107
-98
-90
-101
-109
-128
-137
-124
-95
-68
-52
-71
-107
-106
-71
-36
-15
-3
5
0
4
-18
-118
-170
-142
-132
-153
-149
-116
-90
-78
-66
-32
11
28
32
-26
-109
-114
-70
-54
-100
-138
-135
-122
-100
-70
-59
-76
-96
-91
-68
-53
-41
-23
-7
-6
-15
-53
-91
-77
-76
-117
-152
-155
-124
-77
-36
-19
-6
14
19
6
-22
-3
100
176
70
-92
-151
-161
-159
-117
-72
-79
-104
-108
-89
-71
-81
-93
-79
-46
-12
3
-21
-71
-74
6
148
311
469
593
604
450
208
15
-103
-155
-146
-95
-43
-41
-69
-78
-60
-36
-22
-18
-8
-4
-28
-55
-81
-90
-73
-53
-35
-15
0
-10
-24
-8
21
28
4
-30
-55
-40
23
73
52
17
6
-7
-10
0
8
19
51
89
99
92
90
97
109
124
156
212
255
261
233
189
154
102
63
59
69
80
85
82
69
49
31
23
21
5
-19
-32
-32
-11
9
9
33
37
-63
-154
-165
-170
-169
-146
-125
-120
-113
-96
-73
-62
-69
-76
-72
-62
-57
-52
-28
21
46
25
-31
-98
-134
-132
-115
-98
-88
-85
-83
-84
-82
-77
-73
-72
-69
-66
-63
-64
-65
-63
-54
-32
-5
0
-21
-38
-54
-78
-85
-59
-30
-22
-45
-78
-97
-105
-98
-85
-77
-76
-75
-70
-60
-50
-48
-49
-44
-31
-13
-2
0
16
35
23
-3
-18
-28
-38
-33
-9
12
2
-20
-38
-60
-79
-75
-44
-4
8
-24
-73
-103
-103
-88
-63
-32
-21
-40
-58
-29
70
227
405
562
637
576
403
239
124
19
-52
-92
-120
-124
-111
-88
-69
-63
-60
-52
-40
-29
-26
-26
-17
2
26
46
61
61
53
62
46
-20
-71
-78
-70
-54
-25
2
15
16
23
40
47
46
51
71
110
151
173
158
110
76
70
63
63
89
119
135
150
177
209
232
239
222
194
182
185
181
162
140
120
79
29
5
-1
-4
-5
-1
1
-8
-18
-23
-26
-21
-3
17
11
-21
-39
-44
-54
-48
-24
-19
-36
-48
-60
-66
-59
-49
-46
-48
-47
-55
-59
-39
-14
1
20
45
37
-13
-55
-84
-107
-104
-79
-61
-55
-44
-40
-47
-43
-25
-13
-10
-11
-18
-39
-65
-65
-39
-16
-15
-25
-34
-33
-41
-54
-56
-54
-55
-48
-28
-17
-12
-10
-16
-26
-32
-39
-41
-20
9
21
19
7
4
12
16
2
-22
-31
-24
-14
-26
-59
-84
-82
-68
-55
-51
-60
-67
-60
-54
-57
-55
-36
-5
15
0
-25
-8
60
168
317
493
625
629
478
241
49
-69
-110
-68
4
22
0
0
-3
-45
-81
-67
-54
-62
-30
4
-21
-42
3
41
7
-58
-92
-81
-27
61
131
119
33
-68
-126
-116
-72
-43
-37
-35
-17
15
39
49
58
81
110
126
122
127
154
180
147
84
57
69
98
134
165
170
166
165
155
154
158
147
125
110
91
66
44
28
21
10
-10
-27
-32
-34
-43
-62
-78
-82
-84
-84
-83
-79
-68
-61
-65
-66
-64
-68
-69
-71
-73
-82
-92
-87
-81
-82
-81
-82
-87
-87
-79
-69
-65
-69
-73
-73
-71
-71
-74
-73
-66
-56
-49
-52
-56
-58
-67
-78
-78
-68
-67
-70
-70
-78
-88
-90
-80
-60
-29
10
37
28
-4
-35
-54
-60
-58
-77
-140
-191
-190
-161
-128
-99
-84
-80
-76
-66
-53
-45
-43
-36
-18
1
13
13
16
31
44
34
-11
-66
-90
-83
-67
-67
-89
-110
-114
-104
-85
-71
-69
-72
-66
-45
-7
24
31
33
57
124
207
295
412
520
516
367
156
-7
-104
-149
-137
-97
-66
-48
-27
-8
-3
-5
-6
5
-1
-41
-76
-85
-71
-45
-23
-17
-37
-68
-77
-71
-63
-41
0
43
59
31
-6
-20
-11
22
63
92
108
97
47
13
23
27
12
-2
3
29
63
92
122
151
174
178
156
137
141
161
175
185
180
159
143
143
151
132
76
33
30
22
-2
-7
-6
-11
-24
-55
-80
-89
-84
-60
-34
-45
-90
-123
-110
-84
-69
-62
-54
-48
-52
-58
-55
-52
-49
-47
-68
-103
-98
-58
-33
-51
-85
-101
-93
-65
-17
24
27
-6
-28
-25
-28
-63
-90
-82
-81
-101
-111
-108
-98
-80
-58
-42
-34
-26
-22
-16
-7
-18
-44
-46
-27
-16
-27
-66
-98
-104
-91
-54
-13
-16
-51
-67
-54
-24
10
39
34
3
-16
-25
-24
-18
-21
-39
-47
-39
-36
-58
-77
-75
-73
-67
-46
-23
-22
-47
-59
-37
-31
-53
-50
-20
41
161
334
500
598
573
406
187
19
-73
-95
-76
-49
-39
-39
-39
-37
-33
-12
30
46
5
-42
-60
-72
-84
-78
-61
-57
-46
-12
9
-2
-17
-14
-3
13
17
-3
-13
10
53
85
70
34
6
-8
1
24
48
66
85
101
108
119
143
160
164
169
169
169
192
224
222
186
135
105
114
133
145
148
129
100
87
96
92
51
-13
-60
-93
-102
-91
-83
-77
-70
-75
-85
-83
-70
-45
-18
-13
-47
-97
-128
-130
-121
-116
-109
-95
-58
-9
13
-13
-69
-103
-105
-105
-118
-119
-109
-83
-47
-25
-23
-42
-59
-55
-41
-31
-35
-52
-68
-68
-73
-80
-75
-70
-72
-79
-82
-81
-81
-84
-85
-74
-57
-38
-25
-21
-13
-5
-21
-57
-77
-64
-48
-54
-61
-63
-64
-64
-57
-34
-5
-7
-18
-8
15
37
31
4
-20
-41
-62
-61
-40
-8
17
10
-15
-43
-71
-84
-75
-60
-64
-77
-84
-81
-68
-55
-47
-45
-28
36
142
281
428
550
614
570
396
175
23
-49
-73
-57
-31
-54
-96
-99
-68
-46
-52
-59
-58
-55
-49
-36
-29
-25
-5
33
50
38
18
-18
-58
-70
-61
-51
-38
-18
0
9
13
20
30
36
39
46
57
65
66
67
73
83
95
106
108
109
116
129
141
154
166
173
176
177
180
186
190
186
178
175
171
161
143
114
86
62
30
-1
-18
-28
-47
-78
-97
-96
-91
-91
-93
-94
-97
-98
-91
-79
-65
-52
-37
-12
15
10
-36
-80
-95
-111
-141
-154
-141
-120
-95
-69
-65
-78
-81
-65
-36
-15
-17
-38
-61
-76
-90
-103
-107
-104
-101
-95
-85
-76
-65
-53
-54
-73
-94
-101
-90
-70
-56
-51
-52
-57
-56
-46
-41
-47
-52
-37
-5
20
4
-50
-101
-120
-114
-95
-70
-54
-53
-51
-38
-15
0
5
2
-4
-5
3
7
-1
-8
-8
-9
-11
-18
-41
-70
-92
-102
-99
-86
-76
-73
-69
-61
-52
-52
-57
-46
2
89
219
385
543
644
635
475
226
11
-120
-155
-129
-96
-78
-73
-65
-48
-35
-38
-51
-57
-52
-42
-34
-25
-2
28
43
38
27
7
-21
-43
-62
-74
-73
-60
-42
-25
-10
3
15
27
42
60
86
108
102
80
73
78
69
51
47
56
66
81
106
139
169
190
201
194
180
167
163
176
191
187
172
164
142
102
60
26
7
3
4
-4
-16
-25
-27
-15
-9
-28
-45
-64
-102
-135
-137
-121
-105
-99
-106
-112
-108
-91
-76
-67
-67
-71
-61
-37
-30
-40
-39
-28
-29
-42
-45
-43
-34
-39
-77
-108
-127
-140
-134
-114
-98
-89
-81
-62
-34
-14
-4
7
8
-8
-35
-64
-93
-112
-111
-97
-92
-94
-83
-63
-57
-64
-62
-54
-45
-40
-35
-26
-15
-12
-15
-14
-8
-3
9
21
24
17
3
-4
2
9
-2
-28
-55
-78
-95
-97
-98
-101
-94
-79
-60
-42
-28
-24
-27
-19
24
110
244
413
571
644
575
368
142
-14
-93
-104
-75
-42
-32
-39
-38
-28
-28
-36
-40
-35
-25
-22
-28
-34
-33
-25
-19
-19
-14
-6
-1
-2
-9
-12
-12
-9
-2
0
2
8
16
22
30
40
49
55
62
65
69
74
77
90
121
166
202
220
214
180
146
119
107
114
132
147
152
153
155
153
146
131
114
105
117
150
178
165
93
-8
-81
-116
-128
-123
-118
-122
-124
-112
-94
-83
-86
-89
-75
-41
2
28
23
-2
-42
-81
-104
-113
-110
-99
-89
-88
-85
-76
-70
-67
-62
-55
-48
-40
-33
-21
-1
11
2
-36
-75
-96
-96
-85
-78
-73
-71
-75
-78
-71
-55
-38
-21
8
36
34
-12
-51
-57
-65
-91
-109
-115
-121
-115
-97
-72
-46
-28
-22
-14
-16
-33
-37
-28
-24
-29
-24
-6
7
3
-15
-30
-36
-43
-44
-39
-27
-15
-21
-39
-67
-99
-109
-86
-50
-32
-48
-72
-72
-60
-48
-48
-55
-60
-41
11
108
265
448
583
614
524
330
116
-33
-99
-96
-62
-38
-37
-46
-47
-42
-38
-37
-28
-6
-1
-17
-34
-40
-27
-5
8
13
8
-13
-28
-22
-5
14
14
-1
-9
-9
-13
-24
-30
-24
-11
9
32
50
61
67
76
85
87
98
120
136
165
210
203
149
111
100
108
124
138
155
174
181
189
178
145
123
111
115
135
127
76
26
-1
-27
-46
-52
-71
-99
-115
-117
-116
-105
-82
-66
-61
-49
-29
4
24
-21
-80
-109
-123
-128
-118
-104
-95
-83
-68
-61
-60
-60
-52
-25
8
24
6
-33
-41
-23
-45
-85
-93
-89
-91
-83
-65
-57
-60
-54
-45
-41
-44
-53
-59
-49
-24
14
41
37
-7
-64
-102
-114
-102
-69
-44
-52
-73
-72
-51
-30
-16
1
35
66
61
27
-35
-91
-107
-93
-60
-35
-20
-8
2
7
10
3
-19
-39
-47
-47
-44
-39
-34
-31
-33
-33
-30
-25
-26
-35
-48
-59
-59
-52
-48
-48
-59
-74
-60
-2
103
256
429
580
657
607
413
187
43
-33
-66
-64
-51
-68
-93
-82
-49
-31
-42
-40
-2
37
23
-33
-72
-70
-40
-15
-32
-66
-80
-62
-18
26
48
29
-17
-36
-32
-29
-30
-15
23
46
47
43
46
51
60
83
82
59
56
63
72
89
99
97
99
111
130
152
171
186
198
210
214
200
171
143
139
143
132
89
25
-12
-29
-47
-60
-78
-87
-83
-75
-63
-50
-31
-26
-41
-82
-121
-137
-128
-97
-70
-77
-101
-111
-114
-109
-98
-94
-92
-86
-66
-48
-54
-63
-54
-54
-74
-86
-73
-42
-28
-46
-79
-114
-123
-111
-105
-100
-84
-76
-69
-48
-30
-33
-48
-46
-31
-34
-64
-99
-126
-128
-107
-93
-93
