case k ax ay az nod lp_f lp_v cnt
still 0 52 16471 -125 0 15 2058 0
still 1 -7 16434 66 0 4 3855 0
still 2 32 16458 14 0 1 5430 0
still 3 27 16393 -53 0 7 6800 0
still 4 -42 16403 -29 0 9 8000 0
still 5 62 16448 88 0 -4 9056 0
still 6 -1 16452 -45 0 2 9980 0
still 7 -40 16388 14 0 0 10781 0
still 8 -79 16299 17 0 -3 11470 0
still 9 -42 16443 19 0 -5 12091 0
still 10 15 16394 44 0 -10 12628 0
still 11 -8 16437 -26 0 -6 13104 0
still 12 -11 16351 29 0 -9 13509 0
still 13 2 16342 98 0 -21 13863 0
still 14 -18 16378 19 0 -21 14177 0
still 15 86 16377 35 0 -23 14452 0
still 16 5 16312 39 0 -25 14684 0
still 17 50 16372 -1 0 -22 14895 0
still 18 -74 16309 -19 0 -17 15071 0
still 19 31 16361 14 0 -17 15232 0
still 20 48 16389 28 0 -19 15376 0
still 21 71 16323 37 0 -22 15494 0
still 22 -93 16405 10 0 -21 15607 0
still 23 -27 16331 -3 0 -18 15697 0
still 24 -20 16389 -45 0 -11 15783 0
still 25 27 16333 -15 0 -8 15851 0
still 26 -19 16446 -74 0 2 15925 0
still 27 -20 16442 -32 0 5 15989 0
still 28 -61 16398 -14 0 6 16040 0
still 29 41 16339 9 0 4 16077 0
still 30 33 16435 -54 0 10 16121 0
still 31 70 16340 -74 0 18 16148 0
still 32 -47 16392 -16 0 17 16178 0
still 33 22 16408 16 0 12 16206 0
still 34 -13 16473 -109 0 24 16239 0
still 35 -85 16359 -62 0 28 16254 0
still 36 -126 16345 -37 0 29 16265 0
still 37 -120 16426 64 0 17 16285 0
still 38 61 16359 7 0 14 16294 0
still 39 -55 16394 -33 0 16 16306 0
still 40 20 16367 51 0 7 16313 0
still 41 41 16445 -79 0 16 16329 0
still 42 -89 16404 -28 0 17 16338 0
still 43 20 16399 9 0 13 16345 0
still 44 45 16411 23 0 8 16353 0
still 45 -44 16469 6 0 6 16367 0
still 46 54 16400 62 0 -3 16371 0
still 47 8 16395 7 0 -4 16374 0
still 48 -35 16356 -7 0 -3 16371 0
still 49 -6 16336 116 0 -18 16366 0
still 50 -48 16369 120 0 -31 16366 0
still 51 -32 16422 32 0 -32 16373 0
still 52 -10 16314 -76 0 -19 16365 0
still 53 0 16405 -106 0 -4 16370 0
still 54 8 16352 44 0 -9 16367 0
still 55 9 16345 -21 0 -6 16364 0
still 56 2 16450 150 0 -24 16374 0
still 57 18 16390 35 0 -26 16376 0
still 58 2 16419 23 0 -26 16381 0
still 59 4 16349 12 0 -25 16377 0
still 60 49 16392 79 0 -32 16378 0
still 61 51 16382 90 0 -40 16378 0
still 62 -50 16446 96 0 -47 16386 0
still 63 -7 16384 51 0 -48 16385 0
still 64 76 16411 17 0 -45 16388 0
still 65 51 16403 -54 0 -33 16389 0
still 66 -3 16389 -68 0 -21 16389 0
still 67 25 16353 42 0 -24 16384 0
still 68 -67 16345 -66 0 -13 16379 0
still 69 69 16452 78 0 -22 16388 0
still 70 78 16434 50 0 -26 16393 0
still 71 -78 16406 -19 0 -21 16394 0
still 72 -10 16329 70 0 -28 16385 0
still 73 14 16317 31 0 -29 16376 0
still 74 2 16338 -11 0 -24 16371 0
still 75 -34 16274 -72 0 -12 16358 0
still 76 27 16402 14 0 -13 16363 0
still 77 -57 16355 3 0 -12 16362 0
still 78 34 16343 -52 0 -4 16359 0
still 79 56 16387 -19 0 -2 16362 0
still 80 -36 16352 78 0 -12 16360 0
still 81 48 16363 -62 0 -3 16360 0
still 82 82 16461 59 0 -10 16372 0
still 83 41 16291 -63 0 -1 16361 0
still 84 28 16370 13 0 -3 16362 0
still 85 -26 16352 27 0 -6 16360 0
still 86 -20 16384 13 0 -7 16363 0
still 87 11 16441 67 0 -15 16372 0
still 88 -67 16371 -32 0 -10 16371 0
still 89 37 16331 38 0 -14 16366 0
still 90 34 16412 -48 0 -7 16371 0
still 91 -11 16331 19 0 -9 16366 0
still 92 47 16309 -41 0 -3 16358 0
still 93 -8 16358 73 0 -12 16358 0
still 94 -7 16396 -55 0 -4 16362 0
still 95 76 16392 38 0 -9 16365 0
still 96 4 16280 -79 0 2 16354 0
still 97 -63 16407 -25 0 4 16360 0
still 98 21 16398 12 0 2 16364 0
still 99 45 16393 -81 0 11 16367 0
still 100 -33 16466 -53 0 16 16379 0
still 101 67 16465 -29 0 17 16389 0
still 102 17 16315 38 0 10 16379 0
still 103 -38 16320 -19 0 11 16371 0
still 104 -22 16355 10 0 8 16369 0
still 105 -8 16351 47 0 1 16366 0
still 106 119 16387 -35 0 5 16368 0
still 107 -49 16413 -13 0 6 16373 0
still 108 1 16286 -56 0 12 16362 0
still 109 -57 16430 -13 0 12 16370 0
still 110 -122 16408 56 0 3 16374 0
still 111 64 16246 8 0 1 16358 0
still 112 40 16414 -12 0 2 16365 0
still 113 -89 16363 -16 0 3 16364 0
still 114 28 16415 -12 0 4 16370 0
still 115 42 16332 -34 0 7 16365 0
still 116 -2 16412 -16 0 8 16370 0
still 117 60 16404 -47 0 12 16374 0
still 118 4 16340 -47 0 16 16369 0
still 119 -70 16453 45 0 8 16379 0
still 120 -79 16439 47 0 1 16386 0
still 121 -18 16409 110 0 -13 16388 0
still 122 14 16405 55 0 -19 16390 0
still 123 -51 16322 -69 0 -8 16381 0
still 124 -4 16427 -42 0 -2 16386 0
still 125 -67 16395 -17 0 0 16387 0
still 126 31 16379 -7 0 0 16386 0
still 127 -2 16388 -45 0 5 16386 0
still 128 -53 16464 154 0 -15 16395 0
still 129 57 16306 4 0 -14 16383 0
still 130 61 16307 -21 0 -10 16373 0
still 131 -18 16342 -39 0 -4 16369 0
still 132 52 16364 -8 0 -3 16368 0
still 133 87 16345 -91 0 8 16365 0
still 134 35 16486 13 0 5 16380 0
still 135 18 16323 -43 0 9 16372 0
still 136 75 16449 32 0 3 16381 0
still 137 -29 16328 -49 0 8 16374 0
still 138 -55 16416 -37 0 11 16379 0
still 139 -23 16420 34 0 5 16384 0
still 140 4 16408 1 0 4 16387 0
still 141 -95 16381 -21 0 6 16386 0
still 142 -17 16396 -28 0 8 16387 0
still 143 60 16376 8 0 6 16385 0
still 144 16 16376 32 0 1 16383 0
still 145 37 16415 -35 0 5 16387 0
still 146 -45 16354 0 0 4 16382 0
still 147 -93 16341 -58 0 10 16376 0
still 148 -34 16337 39 0 3 16371 0
still 149 21 16430 -50 0 8 16378 0
still 150 -40 16368 81 0 -4 16376 0
still 151 82 16353 30 0 -8 16373 0
still 152 105 16333 -10 0 -6 16368 0
still 153 63 16419 -49 0 0 16374 0
still 154 74 16432 34 0 -5 16381 0
still 155 -61 16376 65 0 -13 16380 0
still 156 24 16423 -13 0 -10 16385 0
still 157 74 16372 45 0 -15 16383 0
still 158 16 16336 73 0 -23 16377 0
still 159 -62 16348 7 0 -21 16373 0
still 160 -69 16295 -6 0 -18 16363 0
still 161 -21 16370 24 0 -19 16363 0
still 162 111 16363 120 0 -32 16363 0
still 163 11 16379 -134 0 -12 16365 0
still 164 -76 16396 26 0 -14 16368 0
still 165 -42 16398 43 0 -18 16371 0
still 166 -29 16303 -50 0 -10 16362 0
still 167 -17 16396 36 0 -14 16366 0
still 168 -48 16384 -15 0 -11 16368 0
still 169 0 16436 62 0 -18 16376 0
still 170 -25 16352 -36 0 -12 16373 0
still 171 -28 16362 -10 0 -10 16371 0
still 172 -27 16329 -59 0 -2 16365 0
still 173 1 16502 26 0 -5 16382 0
still 174 30 16400 -10 0 -4 16384 0
still 175 97 16367 -50 0 2 16381 0
still 176 -62 16392 -51 0 8 16382 0
still 177 -45 16340 -66 0 15 16376 0
still 178 7 16300 111 0 -1 16366 0
still 179 -137 16314 2 0 -2 16359 0
still 180 19 16366 13 0 -4 16359 0
still 181 8 16389 28 0 -7 16362 0
still 182 11 16379 -7 0 -6 16364 0
still 183 43 16375 28 0 -9 16365 0
still 184 78 16403 60 0 -16 16369 0
still 185 -21 16398 25 0 -18 16372 0
still 186 12 16408 70 0 -25 16376 0
still 187 -15 16351 16 0 -24 16372 0
still 188 -71 16383 59 0 -29 16373 0
still 189 -1 16411 19 0 -28 16377 0
still 190 59 16409 10 0 -26 16381 0
still 191 -164 16358 35 0 -28 16378 0
still 192 -7 16347 44 0 -30 16374 0
still 193 -44 16366 32 0 -31 16373 0
still 194 -27 16391 -3 0 -27 16375 0
still 195 -61 16356 -20 0 -22 16372 0
still 196 -34 16435 -4 0 -19 16379 0
still 197 -34 16313 -19 0 -15 16370 0
still 198 61 16366 34 0 -18 16369 0
still 199 19 16355 -50 0 -10 16367 0
still 200 23 16298 25 0 -12 16358 0
still 201 -62 16423 -22 0 -8 16366 0
still 202 -7 16433 -52 0 -1 16374 0
still 203 0 16366 22 0 -4 16373 0
still 204 33 16396 8 0 -5 16375 0
still 205 -22 16411 -14 0 -3 16379 0
still 206 4 16391 -69 0 6 16380 0
still 207 -58 16393 -3 0 5 16381 0
still 208 60 16263 8 0 3 16366 0
still 209 52 16387 37 0 -2 16368 0
still 210 -1 16380 43 0 -8 16369 0
still 211 -65 16273 22 0 -10 16357 0
still 212 4 16388 13 0 -11 16360 0
still 213 29 16360 22 0 -13 16360 0
still 214 14 16326 -9 0 -11 16355 0
still 215 12 16344 50 0 -16 16353 0
still 216 -16 16422 70 0 -23 16361 0
still 217 -73 16318 28 0 -24 16355 0
still 218 -10 16408 84 0 -32 16361 0
still 219 -24 16426 -13 0 -27 16369 0
still 220 -32 16407 12 0 -26 16373 0
still 221 52 16399 42 0 -28 16376 0
still 222 25 16300 -18 0 -23 16366 0
still 223 -16 16428 -51 0 -14 16373 0
still 224 9 16364 -89 0 -2 16371 0
still 225 -7 16415 -18 0 0 16376 0
still 226 45 16403 15 0 -2 16379 0
still 227 -25 16376 23 0 -5 16378 0
still 228 1 16324 -8 0 -4 16371 0
still 229 20 16439 41 0 -9 16379 0
still 230 -48 16418 -79 0 2 16383 0
still 231 -32 16344 75 0 -8 16378 0
still 232 34 16399 -30 0 -4 16380 0
still 233 61 16372 23 0 -7 16379 0
still 234 54 16370 27 0 -10 16377 0
still 235 -97 16413 -83 0 1 16381 0
still 236 21 16399 24 0 -3 16383 0
still 237 114 16263 23 0 -6 16368 0
still 238 -19 16422 16 0 -8 16374 0
still 239 6 16360 -34 0 -3 16372 0
still 240 18 16311 54 0 -10 16364 0
still 241 -27 16408 -57 0 -2 16369 0
still 242 24 16374 39 0 -7 16369 0
still 243 61 16359 6 0 -7 16367 0
still 244 13 16457 -62 0 1 16378 0
still 245 31 16384 -58 0 8 16378 0
still 246 -15 16353 56 0 0 16374 0
still 247 -45 16436 -21 0 2 16381 0
still 248 35 16302 -36 0 6 16371 0
still 249 10 16341 -75 0 14 16367 0
still 250 3 16424 2 0 12 16374 0
still 251 -9 16406 -19 0 12 16378 0
still 252 47 16440 -61 0 18 16385 0
still 253 53 16419 16 0 13 16389 0
still 254 36 16456 97 0 -1 16397 0
still 255 82 16374 68 0 -10 16394 0
still 256 -80 16431 37 0 -14 16398 0
still 257 51 16343 74 0 -22 16391 0
still 258 66 16397 -67 0 -11 16391 0
still 259 19 16345 -74 0 -1 16385 0
still 260 -32 16502 -70 0 7 16399 0
still 261 -15 16395 48 0 0 16398 0
still 262 -48 16337 45 0 -6 16390 0
still 263 14 16445 -57 0 1 16396 0
still 264 -5 16430 6 0 0 16400 0
still 265 -55 16390 -93 0 11 16398 0
still 266 -38 16422 43 0 4 16401 0
still 267 19 16417 -74 0 12 16403 0
still 268 -33 16435 112 0 -4 16407 0
still 269 21 16338 -48 0 2 16398 0
still 270 58 16437 -60 0 9 16402 0
still 271 6 16451 68 0 -1 16408 0
still 272 -26 16375 22 0 -4 16403 0
still 273 -54 16304 -34 0 0 16390 0
still 274 59 16437 23 0 -3 16395 0
still 275 -58 16287 -52 0 3 16381 0
still 276 0 16433 -46 0 8 16387 0
still 277 1 16293 -107 0 20 16375 0
still 278 -4 16322 -55 0 24 16368 0
still 279 -116 16419 -93 0 32 16374 0
still 280 -4 16305 -25 0 31 16365 0
still 281 59 16389 -1 0 27 16368 0
still 282 37 16404 62 0 15 16372 0
still 283 -78 16444 -3 0 13 16381 0
still 284 -57 16408 21 0 8 16384 0
still 285 -6 16421 -70 0 15 16388 0
still 286 -87 16350 49 0 7 16383 0
still 287 21 16379 -36 0 10 16382 0
still 288 -5 16437 -31 0 12 16388 0
still 289 -33 16402 28 0 7 16389 0
still 290 4 16451 7 0 5 16396 0
still 291 -50 16274 56 0 -3 16380 0
still 292 -10 16398 21 0 -6 16382 0
still 293 65 16434 48 0 -12 16388 0
still 294 14 16373 13 0 -13 16386 0
still 295 -40 16403 53 0 -18 16388 0
still 296 36 16392 -42 0 -11 16388 0
still 297 -42 16349 -19 0 -8 16383 0
still 298 23 16409 29 0 -11 16386 0
still 299 50 16337 -10 0 -9 16379 0
still 300 27 16424 -32 0 -4 16384 0
still 301 -33 16441 34 0 -8 16391 0
still 302 23 16371 -46 0 -2 16388 0
still 303 -1 16400 25 0 -5 16389 0
still 304 43 16390 62 0 -13 16389 0
still 305 -16 16401 4 0 -12 16390 0
still 306 -87 16321 -25 0 -8 16381 0
still 307 8 16401 63 0 -15 16383 0
still 308 0 16368 16 0 -16 16381 0
still 309 -59 16375 -49 0 -8 16380 0
still 310 3 16350 -21 0 -5 16376 0
still 311 93 16438 121 0 -20 16383 0
still 312 9 16375 -39 0 -13 16382 0
still 313 -2 16298 4 0 -12 16371 0
still 314 -28 16318 -89 0 0 16364 0
still 315 -45 16363 -3 0 0 16363 0
still 316 -81 16380 14 0 -2 16365 0
still 317 107 16401 44 0 -8 16369 0
still 318 -36 16383 -36 0 -3 16370 0
still 319 -42 16407 -12 0 -2 16374 0
still 320 71 16382 20 0 -5 16375 0
still 321 -60 16335 32 0 -9 16370 0
still 322 -34 16446 -40 0 -3 16379 0
still 323 -44 16478 -84 0 7 16391 0
still 324 -25 16409 29 0 2 16393 0
still 325 -56 16489 -22 0 4 16405 0
still 326 -94 16428 -24 0 6 16407 0
still 327 3 16421 -44 0 10 16408 0
still 328 -35 16379 41 0 3 16404 0
still 329 -65 16455 18 0 0 16410 0
still 330 -55 16386 28 0 -4 16407 0
still 331 60 16426 55 0 -11 16409 0
still 332 -7 16420 -130 0 6 16410 0
still 333 49 16382 78 0 -5 16406 0
still 334 -29 16361 2 0 -5 16400 0
still 335 40 16400 51 0 -11 16400 0
still 336 3 16435 138 0 -27 16404 0
still 337 61 16415 -71 0 -15 16405 0
still 338 32 16438 -8 0 -13 16409 0
still 339 52 16278 -33 0 -8 16392 0
still 340 -45 16411 -39 0 -3 16394 0
still 341 -46 16457 -70 0 6 16401 0
still 342 26 16439 -13 0 6 16405 0
still 343 -44 16375 -28 0 8 16401 0
still 344 -38 16396 -2 0 7 16400 0
still 345 154 16448 10 0 4 16406 0
still 346 29 16468 59 0 -4 16413 0
still 347 4 16347 88 0 -15 16404 0
still 348 1 16397 68 0 -22 16403 0
still 349 11 16449 -13 0 -18 16408 0
still 350 11 16376 104 0 -29 16404 0
still 351 -70 16376 -42 0 -21 16400 0
still 352 -35 16321 -40 0 -14 16390 0
still 353 60 16455 -32 0 -9 16398 0
still 354 -60 16360 80 0 -18 16393 0
still 355 -4 16279 41 0 -21 16378 0
still 356 -7 16414 19 0 -21 16382 0
still 357 -65 16433 32 0 -23 16388 0
still 358 -34 16271 -58 0 -13 16373 0
still 359 -57 16417 -30 0 -8 16378 0
still 360 -23 16384 -23 0 -5 16378 0
still 361 18 16398 45 0 -10 16380 0
still 362 -62 16400 -15 0 -7 16382 0
still 363 103 16455 -21 0 -4 16391 0
still 364 46 16297 -53 0 3 16379 0
still 365 -14 16396 -55 0 9 16381 0
still 366 1 16445 -80 0 17 16389 0
still 367 -67 16289 55 0 8 16376 0
still 368 -54 16364 -45 0 12 16374 0
still 369 -6 16366 8 0 9 16373 0
still 370 7 16461 -48 0 13 16384 0
still 371 7 16378 -47 0 17 16383 0
still 372 39 16472 -57 0 22 16394 0
still 373 118 16374 -7 0 20 16391 0
still 374 -131 16385 -9 0 18 16390 0
still 375 -15 16414 -11 0 17 16393 0
still 376 15 16349 -58 0 22 16387 0
still 377 3 16410 31 0 15 16389 0
still 378 3 16345 0 0 13 16383 0
still 379 -15 16320 14 0 9 16375 0
still 380 -11 16327 -17 0 10 16369 0
still 381 27 16455 -92 0 20 16379 0
still 382 -20 16409 55 0 10 16382 0
still 383 17 16331 -27 0 12 16375 0
still 384 -4 16343 -55 0 17 16371 0
still 385 -66 16507 -1 0 15 16388 0
still 386 -14 16416 1 0 13 16391 0
still 387 -9 16393 -39 0 16 16391 0
still 388 -22 16427 29 0 10 16395 0
still 389 -55 16457 -21 0 11 16402 0
still 390 -79 16418 31 0 5 16404 0
still 391 15 16335 58 0 -3 16395 0
still 392 25 16401 11 0 -4 16395 0
still 393 18 16493 -24 0 -1 16407 0
still 394 15 16440 40 0 -6 16411 0
still 395 -37 16380 -17 0 -4 16407 0
still 396 -70 16376 49 0 -10 16403 0
still 397 16 16440 23 0 -12 16407 0
still 398 -33 16412 -84 0 0 16407 0
still 399 63 16366 82 0 -11 16401 0
still 400 -67 16337 -21 0 -7 16393 0
still 401 -13 16306 -63 0 1 16382 0
still 402 23 16343 42 0 -5 16377 0
still 403 80 16311 -20 0 -2 16368 0
still 404 85 16437 -67 0 6 16376 0
still 405 18 16466 -106 0 18 16387 0
still 406 18 16437 -24 0 18 16393 0
still 407 -31 16421 -78 0 25 16396 0
still 408 28 16445 5 0 21 16402 0
still 409 -77 16463 -1 0 18 16409 0
still 410 28 16341 -4 0 16 16400 0
still 411 55 16309 -65 0 22 16388 0
still 412 -103 16406 22 0 16 16390 0
still 413 -43 16400 1 0 13 16391 0
still 414 96 16324 12 0 9 16382 0
still 415 -22 16474 22 0 5 16393 0
still 416 -60 16405 -9 0 5 16394 0
still 417 -48 16403 6 0 3 16395 0
still 418 -59 16360 56 0 -5 16390 0
still 419 48 16376 -19 0 -2 16388 0
still 420 12 16377 -61 0 5 16386 0
still 421 30 16343 71 0 -5 16380 0
still 422 28 16418 -17 0 -3 16384 0
still 423 7 16354 -21 0 0 16380 0
still 424 -52 16453 -57 0 7 16389 0
still 425 83 16420 -46 0 11 16392 0
still 426 64 16404 -40 0 14 16393 0
still 427 12 16367 -38 0 17 16389 0
still 428 -3 16397 -16 0 16 16390 0
still 429 -2 16423 -6 0 14 16394 0
still 430 -19 16320 -3 0 12 16384 0
still 431 -23 16373 39 0 5 16382 0
still 432 43 16386 -28 0 7 16382 0
still 433 7 16400 13 0 4 16384 0
still 434 -70 16400 -49 0 9 16386 0
still 435 16 16405 8 0 6 16388 0
still 436 59 16385 16 0 3 16387 0
still 437 -43 16379 -11 0 4 16386 0
still 438 3 16376 -116 0 18 16384 0
still 439 40 16418 -102 0 28 16388 0
still 440 13 16434 36 0 20 16393 0
still 441 35 16375 -25 0 20 16390 0
still 442 94 16406 81 0 7 16392 0
still 443 -3 16430 41 0 1 16396 0
still 444 40 16326 118 0 -14 16387 0
still 445 16 16369 16 0 -15 16384 0
still 446 -85 16454 -17 0 -11 16392 0
still 447 16 16395 -84 0 0 16392 0
still 448 -14 16448 -36 0 4 16399 0
still 449 15 16436 81 0 -7 16403 0
still 450 -38 16438 37 0 -11 16407 0
still 451 30 16435 40 0 -15 16410 0
still 452 -44 16412 -26 0 -10 16410 0
still 453 20 16368 77 0 -19 16404 0
still 454 50 16413 -29 0 -13 16405 0
still 455 25 16335 -38 0 -7 16396 0
still 456 -77 16431 -20 0 -4 16400 0
still 457 49 16444 54 0 -11 16405 0
still 458 -15 16460 62 0 -18 16411 0
still 459 -57 16407 -34 0 -12 16410 0
still 460 -1 16448 21 0 -14 16414 0
still 461 83 16420 42 0 -18 16414 0
still 462 87 16450 45 0 -22 16418 0
still 463 72 16449 -61 0 -12 16421 0
still 464 -44 16394 59 0 -18 16417 0
still 465 -30 16308 3 0 -17 16403 0
still 466 -24 16461 -110 0 -2 16410 0
still 467 45 16421 -126 0 14 16411 0
still 468 -45 16376 22 0 9 16406 0
still 469 5 16418 14 0 6 16407 0
still 470 -35 16469 18 0 3 16414 0
still 471 -38 16412 -3 0 3 16413 0
still 472 -17 16357 -69 0 11 16406 0
still 473 -40 16325 -93 0 21 16395 0
still 474 27 16402 -7 0 19 16395 0
still 475 -51 16349 80 0 6 16389 0
still 476 -39 16429 20 0 2 16394 0
still 477 28 16364 -8 0 2 16390 0
still 478 0 16334 70 0 -7 16383 0
still 479 -37 16396 90 0 -18 16384 0
still 480 76 16358 28 0 -20 16380 0
still 481 53 16291 104 0 -31 16368 0
still 482 30 16373 -1 0 -27 16368 0
still 483 -106 16422 81 0 -34 16374 0
still 484 -5 16466 37 0 -35 16385 0
still 485 -62 16415 -96 0 -19 16388 0
still 486 -89 16419 31 0 -21 16391 0
still 487 -1 16382 -72 0 -10 16389 0
still 488 53 16386 -7 0 -8 16388 0
still 489 180 16401 3 0 -8 16389 0
still 490 103 16403 -19 0 -5 16390 0
still 491 81 16382 -34 0 -1 16389 0
still 492 -12 16391 52 0 -8 16389 0
still 493 69 16331 69 0 -16 16381 0
still 494 -25 16368 -122 0 1 16379 0
still 495 87 16419 -4 0 1 16384 0
still 496 -2 16439 7 0 0 16390 0
still 497 -140 16404 5 0 -1 16391 0
still 498 13 16393 49 0 -7 16391 0
still 499 -30 16504 13 0 -8 16405 0
still 500 -30 16395 -79 0 2 16403 0
still 501 -2 16353 -43 0 7 16396 0
still 502 46 16404 -42 0 11 16397 0
still 503 -25 16406 119 0 -6 16398 0
still 504 0 16382 29 0 -9 16396 0
still 505 -57 16384 41 0 -13 16394 0
still 506 25 16406 -55 0 -5 16395 0
still 507 7 16461 138 0 -22 16403 0
still 508 55 16364 -16 0 -18 16398 0
still 509 -2 16496 -60 0 -9 16410 0
still 510 -4 16308 -14 0 -7 16397 0
still 511 -8 16435 46 0 -12 16401 0
still 512 17 16377 -14 0 -9 16398 0
still 513 88 16385 -49 0 -2 16396 0
still 514 -31 16392 -33 0 2 16395 0
still 515 -72 16436 -29 0 5 16400 0
still 516 -1 16394 -8 0 5 16399 0
still 517 -3 16261 7 0 3 16381 0
still 518 -7 16368 1 0 2 16379 0
still 519 114 16471 41 0 -4 16390 0
still 520 82 16368 2 0 -4 16387 0
still 521 28 16433 46 0 -10 16392 0
still 522 96 16382 72 0 -18 16390 0
still 523 -26 16416 -43 0 -11 16393 0
still 524 67 16363 70 0 -19 16389 0
still 525 -90 16479 4 0 -18 16400 0
still 526 27 16403 -78 0 -6 16400 0
still 527 -25 16358 0 0 -6 16394 0
still 528 -73 16356 8 0 -7 16389 0
still 529 60 16424 -55 0 0 16393 0
still 530 46 16467 42 0 -6 16402 0
still 531 -13 16343 -17 0 -4 16394 0
still 532 85 16338 -119 0 11 16387 0
still 533 49 16356 1 0 9 16383 0
still 534 -16 16443 -15 0 9 16390 0
still 535 -32 16348 91 0 -4 16384 0
still 536 78 16370 -20 0 -1 16382 0
still 537 -1 16417 -37 0 3 16386 0
still 538 81 16403 -125 0 18 16388 0
still 539 -47 16374 124 0 0 16386 0
still 540 84 16399 -52 0 6 16387 0
still 541 1 16390 -19 0 7 16387 0
still 542 10 16422 -21 0 8 16391 0
still 543 -54 16393 -76 0 16 16391 0
still 544 -22 16443 9 0 12 16397 0
still 545 -61 16380 -16 0 12 16394 0
still 546 3 16431 -29 0 14 16398 0
still 547 -65 16458 -46 0 18 16405 0
still 548 27 16401 -19 0 18 16404 0
still 549 25 16398 7 0 14 16403 0
still 550 35 16346 44 0 6 16395 0
still 551 -44 16431 65 0 -3 16399 0
still 552 -42 16480 -33 0 1 16409 0
still 553 -5 16341 -17 0 3 16400 0
still 554 1 16351 45 0 -3 16393 0
still 555 -42 16397 -56 0 4 16393 0
still 556 -49 16386 11 0 2 16392 0
still 557 -22 16396 19 0 -1 16392 0
still 558 -37 16382 -46 0 4 16390 0
still 559 -68 16351 -15 0 5 16385 0
still 560 55 16406 3 0 4 16387 0
still 561 -109 16336 22 0 0 16380 0
still 562 27 16382 -61 0 7 16380 0
still 563 -98 16300 6 0 5 16370 0
still 564 18 16471 -34 0 8 16382 0
still 565 15 16345 -10 0 8 16377 0
still 566 4 16358 70 0 -2 16374 0
still 567 -54 16423 -10 0 -1 16380 0
still 568 -24 16435 -29 0 2 16386 0
still 569 15 16385 36 0 -3 16385 0
still 570 -57 16399 25 0 -6 16386 0
still 571 -31 16336 -49 0 0 16379 0
still 572 -1 16347 28 0 -4 16375 0
still 573 -5 16372 -1 0 -4 16374 0
still 574 4 16390 30 0 -8 16376 0
still 575 58 16406 27 0 -11 16379 0
still 576 76 16461 6 0 -11 16389 0
still 577 -50 16445 -36 0 -6 16396 0
still 578 -34 16347 -14 0 -4 16389 0
still 579 -112 16362 58 0 -11 16385 0
still 580 129 16410 43 0 -15 16388 0
still 581 48 16360 -42 0 -8 16384 0
still 582 23 16444 12 0 -9 16391 0
still 583 22 16388 -1 0 -8 16390 0
still 584 -20 16443 48 0 -13 16396 0
still 585 0 16404 37 0 -16 16397 0
still 586 62 16486 93 0 -26 16408 0
still 587 8 16404 -5 0 -23 16407 0
still 588 46 16446 -71 0 -12 16411 0
still 589 14 16463 -62 0 -3 16417 0
still 590 83 16447 -17 0 -1 16420 0
still 591 -42 16476 -11 0 0 16427 0
still 592 -55 16394 -61 0 7 16422 0
still 593 -43 16476 -16 0 8 16428 0
still 594 -2 16307 -39 0 11 16412 0
still 595 54 16407 55 0 2 16411 0
still 596 51 16398 -18 0 4 16409 0
still 597 -104 16440 8 0 2 16412 0
still 598 129 16380 -4 0 2 16408 0
still 599 -21 16326 3 0 1 16397 0
still 600 18 16397 -12 0 2 16397 0
still 601 -37 16442 51 0 -5 16402 0
still 602 -29 16323 -30 0 -1 16392 0
still 603 -31 16437 -39 0 4 16397 0
still 604 21 16337 -2 0 3 16389 0
still 605 133 16355 25 0 -1 16384 0
still 606 -19 16445 22 0 -4 16391 0
still 607 6 16460 46 0 -10 16399 0
still 608 37 16331 -39 0 -4 16390 0
still 609 76 16331 84 0 -14 16382 0
still 610 83 16377 -39 0 -8 16381 0
still 611 -58 16425 28 0 -11 16386 0
still 612 -37 16333 24 0 -13 16379 0
still 613 -31 16382 -75 0 -2 16379 0
still 614 20 16390 -24 0 1 16380 0
still 615 -59 16379 16 0 -2 16379 0
still 616 19 16388 -38 0 3 16380 0
still 617 31 16439 -31 0 6 16387 0
still 618 -63 16454 8 0 4 16395 0
still 619 -95 16423 6 0 2 16398 0
still 620 -37 16385 -56 0 8 16396 0
still 621 -46 16299 52 0 0 16383 0
still 622 -31 16388 11 0 -2 16383 0
still 623 -134 16385 -64 0 6 16383 0
still 624 52 16316 32 0 1 16374 0
still 625 72 16388 42 0 -5 16375 0
still 626 59 16385 -19 0 -2 16376 0
still 627 -78 16467 43 0 -8 16387 0
still 628 25 16293 48 0 -13 16375 0
still 629 -25 16386 11 0 -13 16376 0
still 630 49 16363 -39 0 -7 16374 0
still 631 23 16392 -34 0 -2 16376 0
still 632 99 16435 -82 0 8 16383 0
still 633 -113 16286 -26 0 10 16370 0
still 634 17 16464 4 0 8 16381 0
still 635 -36 16387 -2 0 7 16381 0
still 636 -49 16387 -95 0 18 16381 0
still 637 -21 16403 -14 0 17 16383 0
still 638 23 16434 27 0 11 16389 0
still 639 31 16414 -11 0 11 16392 0
still 640 48 16397 -47 0 15 16392 0
still 641 47 16384 -151 0 32 16391 0
still 642 85 16388 -35 0 32 16390 0
still 643 41 16406 16 0 26 16392 0
still 644 90 16445 -7 0 23 16398 0
still 645 -27 16330 28 0 16 16389 0
still 646 13 16445 18 0 11 16396 0
still 647 43 16458 -15 0 11 16403 0
still 648 -37 16393 -53 0 16 16401 0
still 649 1 16381 79 0 4 16398 0
still 650 -7 16452 -10 0 4 16404 0
still 651 7 16370 5 0 2 16399 0
still 652 -20 16339 -53 0 8 16391 0
still 653 52 16400 86 0 -4 16392 0
still 654 81 16343 100 0 -16 16385 0
still 655 -14 16314 -49 0 -8 16376 0
still 656 -19 16273 30 0 -11 16363 0
still 657 -10 16421 23 0 -13 16370 0
still 658 20 16426 31 0 -16 16377 0
still 659 -61 16467 -16 0 -12 16388 0
still 660 9 16426 -28 0 -7 16392 0
still 661 -19 16302 38 0 -11 16380 0
still 662 38 16369 -33 0 -6 16378 0
still 663 -124 16410 -42 0 0 16382 0
still 664 -21 16369 -15 0 1 16380 0
still 665 9 16415 10 0 -1 16384 0
still 666 -51 16383 -4 0 -1 16383 0
still 667 -44 16373 45 0 -7 16381 0
still 668 39 16412 33 0 -11 16384 0
still 669 -88 16397 76 0 -20 16385 0
still 670 -11 16374 -31 0 -14 16383 0
still 671 20 16388 -42 0 -7 16383 0
still 672 10 16391 23 0 -9 16384 0
still 673 25 16354 26 0 -12 16380 0
still 674 4 16386 -13 0 -9 16380 0
still 675 9 16360 -47 0 -2 16377 0
still 676 58 16330 16 0 -4 16371 0
still 677 40 16398 -12 0 -2 16374 0
still 678 -5 16314 18 0 -4 16366 0
still 679 -42 16380 -41 0 1 16367 0
still 680 42 16367 -1 0 1 16367 0
still 681 69 16340 -11 0 2 16363 0
still 682 -103 16369 -21 0 4 16363 0
still 683 -30 16416 72 0 -6 16369 0
still 684 39 16419 50 0 -12 16375 0
still 685 -27 16348 16 0 -13 16371 0
still 686 83 16359 -68 0 -3 16369 0
still 687 4 16434 35 0 -7 16377 0
still 688 24 16382 38 0 -11 16377 0
still 689 -16 16445 66 0 -18 16385 0
still 690 42 16482 118 0 -31 16397 0
still 691 -33 16379 -41 0 -22 16394 0
still 692 -76 16335 -5 0 -19 16386 0
still 693 28 16407 -119 0 -2 16388 0
still 694 -1 16331 32 0 -6 16380 0
still 695 -38 16432 84 0 -16 16386 0
still 696 91 16376 13 0 -16 16384 0
still 697 -14 16384 84 0 -25 16384 0
still 698 -84 16357 5 0 -23 16380 0
still 699 -22 16331 52 0 -27 16373 0
still 700 -3 16363 -65 0 -16 16371 0
still 701 -6 16428 -8 0 -13 16378 0
still 702 54 16369 -41 0 -7 16376 0
still 703 2 16340 -72 0 2 16371 0
still 704 26 16431 82 0 -9 16378 0
still 705 -91 16431 32 0 -12 16384 0
still 706 8 16408 34 0 -15 16387 0
still 707 26 16413 -12 0 -12 16390 0
still 708 85 16385 54 0 -18 16389 0
still 709 -17 16383 -4 0 -16 16388 0
still 710 12 16452 -72 0 -5 16396 0
still 711 61 16351 102 0 -18 16390 0
still 712 -45 16393 32 0 -20 16390 0
still 713 -76 16385 5 0 -19 16389 0
still 714 20 16376 -49 0 -11 16387 0
still 715 -89 16358 -18 0 -8 16383 0
still 716 -17 16425 6 0 -8 16388 0
still 717 -82 16343 56 0 -14 16382 0
still 718 33 16392 -15 0 -11 16383 0
still 719 54 16348 -31 0 -6 16378 0
still 720 55 16296 56 0 -13 16367 0
still 721 -21 16405 -19 0 -9 16371 0
still 722 -89 16404 -32 0 -4 16375 0
still 723 -3 16405 10 0 -5 16378 0
still 724 8 16417 -66 0 3 16382 0
still 725 103 16311 -8 0 3 16373 0
still 726 2 16361 38 0 -3 16371 0
still 727 -22 16388 131 0 -19 16373 0
still 728 -20 16501 -66 0 -9 16389 0
still 729 31 16397 35 0 -13 16390 0
still 730 -112 16285 34 0 -16 16376 0
still 731 43 16419 -22 0 -12 16381 0
still 732 27 16405 -27 0 -8 16384 0
still 733 94 16384 -23 0 -5 16384 0
still 734 21 16367 15 0 -7 16381 0
still 735 -43 16344 -24 0 -4 16376 0
still 736 53 16374 81 0 -14 16375 0
still 737 74 16359 -21 0 -10 16373 0
still 738 60 16371 -15 0 -7 16372 0
still 739 90 16449 32 0 -11 16381 0
still 740 -85 16395 -80 0 0 16382 0
still 741 14 16405 93 0 -12 16384 0
still 742 -61 16396 20 0 -13 16385 0
still 743 25 16415 61 0 -19 16388 0
still 744 30 16370 -7 0 -16 16385 0
still 745 60 16374 -92 0 -3 16383 0
still 746 -72 16329 -58 0 4 16376 0
still 747 18 16398 -82 0 13 16378 0
still 748 -46 16409 25 0 8 16381 0
still 749 -2 16494 -38 0 11 16395 0
still 750 59 16400 -99 0 22 16395 0
still 751 -51 16391 -37 0 23 16394 0
still 752 -17 16378 17 0 18 16392 0
still 753 -14 16417 -10 0 17 16395 0
still 754 -50 16364 -61 0 22 16391 0
still 755 39 16311 -28 0 22 16381 0
still 756 -21 16410 70 0 10 16384 0
still 757 -58 16366 -25 0 11 16381 0
still 758 -38 16300 3 0 9 16370 0
still 759 -94 16455 41 0 2 16380 0
still 760 52 16476 -6 0 2 16392 0
still 761 -37 16290 56 0 -6 16379 0
still 762 39 16358 -55 0 1 16376 0
still 763 15 16396 -59 0 8 16378 0
still 764 72 16356 28 0 3 16375 0
still 765 -93 16329 4 0 2 16369 0
still 766 -54 16469 -100 0 14 16381 0
still 767 -29 16289 -23 0 15 16369 0
still 768 59 16394 -13 0 14 16372 0
still 769 59 16303 -66 0 20 16363 0
still 770 -83 16435 -86 0 28 16372 0
still 771 64 16344 -14 0 26 16368 0
still 772 -22 16423 -28 0 26 16374 0
still 773 -18 16366 -9 0 23 16373 0
still 774 -48 16382 -55 0 27 16374 0
still 775 25 16357 67 0 15 16371 0
still 776 -72 16389 -8 0 14 16373 0
still 777 85 16407 -12 0 13 16377 0
still 778 -12 16346 99 0 -1 16373 0
still 779 104 16377 -41 0 4 16373 0
still 780 19 16417 -50 0 9 16378 0
still 781 -24 16353 -18 0 10 16374 0
still 782 20 16327 -95 0 20 16368 0
still 783 98 16362 19 0 15 16367 0
still 784 -30 16386 10 0 11 16369 0
still 785 -12 16505 27 0 6 16386 0
still 786 -21 16383 -5 0 5 16385 0
still 787 -17 16433 48 0 -2 16391 0
still 788 -8 16391 -68 0 6 16391 0
still 789 19 16372 -48 0 11 16388 0
still 790 -23 16451 -54 0 16 16395 0
still 791 -50 16398 17 0 11 16395 0
still 792 -13 16326 -36 0 14 16386 0
still 793 93 16309 5 0 11 16376 0
still 794 39 16414 109 0 -4 16380 0
still 795 15 16358 -40 0 1 16377 0
still 796 -18 16448 -60 0 8 16385 0
still 797 9 16339 -10 0 8 16379 0
still 798 95 16392 18 0 4 16380 0
still 799 -29 16303 -47 0 9 16370 0
still 800 -27 16378 -102 0 20 16371 0
still 801 -11 16452 -28 0 21 16381 0
still 802 34 16392 -6 0 19 16382 0
still 803 -16 16417 81 0 6 16386 0
still 804 -92 16433 -22 0 8 16391 0
still 805 15 16435 7 0 6 16396 0
still 806 95 16436 -17 0 7 16401 0
still 807 42 16309 11 0 4 16389 0
still 808 -29 16341 50 0 -3 16383 0
still 809 11 16359 17 0 -5 16380 0
still 810 -5 16376 -80 0 5 16379 0
still 811 -26 16410 19 0 2 16382 0
still 812 3 16326 -38 0 6 16375 0
still 813 -121 16332 62 0 -3 16369 0
still 814 85 16388 -1 0 -3 16371 0
still 815 -72 16395 -27 0 0 16374 0
still 816 107 16409 -5 0 0 16378 0
still 817 -77 16458 4 0 -1 16388 0
still 818 105 16418 -6 0 -1 16391 0
still 819 38 16425 -26 0 2 16395 0
still 820 70 16483 -32 0 5 16406 0
still 821 -116 16423 8 0 3 16408 0
still 822 3 16340 79 0 -8 16399 0
still 823 -103 16449 -23 0 -5 16405 0
still 824 -104 16344 -1 0 -5 16397 0
still 825 101 16443 -7 0 -4 16402 0
still 826 2 16451 41 0 -9 16408 0
still 827 113 16351 22 0 -11 16400 0
still 828 -27 16392 -74 0 -1 16399 0
still 829 2 16312 18 0 -4 16388 0
still 830 74 16397 9 0 -5 16389 0
still 831 -7 16316 -35 0 0 16379 0
still 832 -21 16332 54 0 -7 16373 0
still 833 -93 16330 -47 0 -1 16367 0
still 834 -16 16326 -72 0 8 16361 0
still 835 -65 16347 -73 0 16 16359 0
still 836 52 16382 60 0 6 16361 0
still 837 -31 16412 -5 0 5 16367 0
still 838 8 16461 35 0 0 16378 0
still 839 12 16376 -89 0 11 16377 0
still 840 -12 16350 89 0 -2 16373 0
still 841 -27 16390 -8 0 -1 16375 0
still 842 -33 16434 -55 0 6 16382 0
still 843 28 16288 -30 0 9 16370 0
still 844 83 16373 11 0 6 16370 0
still 845 13 16385 -132 0 21 16371 0
still 846 -78 16427 6 0 17 16378 0
still 847 -72 16315 59 0 7 16370 0
still 848 -27 16370 -25 0 9 16370 0
still 849 -43 16396 22 0 5 16373 0
still 850 -15 16378 -44 0 9 16373 0
still 851 62 16309 11 0 6 16365 0
still 852 31 16437 -1 0 5 16374 0
still 853 22 16371 -44 0 9 16373 0
still 854 3 16432 32 0 3 16380 0
still 855 -63 16384 61 0 -5 16380 0
still 856 16 16454 2 0 -5 16389 0
still 857 -9 16218 63 0 -13 16367 0
still 858 -84 16360 -50 0 -6 16366 0
still 859 -39 16423 -82 0 5 16373 0
still 860 14 16321 -4 0 4 16366 0
still 861 19 16372 -17 0 5 16366 0
still 862 -10 16373 28 0 0 16366 0
still 863 17 16362 108 0 -14 16365 0
still 864 -36 16471 -11 0 -11 16378 0
still 865 63 16435 -18 0 -8 16385 0
still 866 38 16484 -79 0 2 16397 0
still 867 -65 16343 89 0 -10 16390 0
still 868 24 16350 -10 0 -8 16385 0
still 869 13 16343 -13 0 -6 16379 0
still 870 5 16408 47 0 -12 16382 0
still 871 -24 16374 -62 0 -3 16381 0
still 872 -6 16390 -3 0 -3 16382 0
still 873 22 16331 55 0 -10 16375 0
still 874 8 16443 -47 0 -3 16383 0
still 875 -9 16390 -32 0 1 16383 0
still 876 53 16384 -68 0 9 16383 0
still 877 47 16353 14 0 6 16379 0
still 878 40 16334 67 0 -4 16373 0
still 879 39 16309 58 0 -11 16365 0
still 880 -41 16347 80 0 -20 16362 0
still 881 -69 16257 8 0 -19 16348 0
still 882 -11 16338 48 0 -23 16346 0
still 883 -75 16336 38 0 -25 16344 0
still 884 -35 16336 -19 0 -20 16343 0
still 885 -62 16320 -7 0 -17 16340 0
still 886 -26 16375 -43 0 -10 16344 0
still 887 8 16402 35 0 -14 16351 0
still 888 -32 16349 -60 0 -5 16350 0
still 889 11 16425 42 0 -10 16359 0
still 890 35 16438 82 0 -19 16368 0
still 891 9 16413 -38 0 -12 16373 0
still 892 20 16427 -29 0 -7 16379 0
still 893 97 16411 40 0 -12 16383 0
still 894 15 16482 13 0 -13 16395 0
still 895 46 16399 -17 0 -10 16395 0
still 896 -3 16361 -13 0 -8 16390 0
still 897 44 16350 -12 0 -6 16385 0
still 898 41 16445 6 0 -6 16392 0
still 899 -12 16325 34 0 -10 16383 0
still 900 -35 16359 37 0 -14 16380 0
still 901 -22 16411 27 0 -16 16383 0
still 902 -31 16379 62 0 -22 16382 0
still 903 19 16397 -63 0 -12 16383 0
still 904 -4 16446 -12 0 -9 16390 0
still 905 21 16432 117 0 -23 16395 0
still 906 -79 16436 57 0 -28 16400 0
still 907 5 16481 -58 0 -18 16410 0
still 908 -69 16379 35 0 -21 16406 0
still 909 -49 16385 -24 0 -16 16403 0
still 910 98 16358 68 0 -23 16397 0
still 911 -99 16381 2 0 -21 16395 0
still 912 -63 16370 17 0 -21 16391 0
still 913 -13 16360 -4 0 -18 16387 0
still 914 22 16410 -29 0 -13 16389 0
still 915 46 16379 121 0 -27 16387 0
still 916 -1 16395 -51 0 -18 16388 0
still 917 74 16374 18 0 -18 16386 0
still 918 47 16367 12 0 -18 16383 0
still 919 -19 16346 -62 0 -8 16378 0
still 920 -98 16332 -94 0 4 16372 0
still 921 36 16328 131 0 -13 16366 0
still 922 -11 16348 71 0 -21 16363 0
still 923 11 16373 -12 0 -17 16364 0
still 924 70 16346 -58 0 -8 16361 0
still 925 -9 16400 -104 0 6 16365 0
still 926 -66 16339 -25 0 8 16361 0
still 927 -5 16288 -24 0 10 16351 0
still 928 -95 16418 -18 0 11 16359 0
still 929 35 16449 10 0 8 16370 0
still 930 3 16349 -29 0 10 16367 0
still 931 27 16428 88 0 -3 16374 0
still 932 -36 16336 95 0 -15 16369 0
still 933 3 16336 50 0 -20 16364 0
still 934 -8 16361 -61 0 -10 16363 0
still 935 43 16428 82 0 -19 16371 0
still 936 8 16368 9 0 -18 16370 0
still 937 13 16369 -64 0 -8 16369 0
still 938 -51 16380 -18 0 -5 16370 0
still 939 84 16393 -7 0 -4 16372 0
still 940 -29 16417 -6 0 -3 16377 0
still 941 51 16393 58 0 -10 16379 0
still 942 -3 16421 65 0 -17 16384 0
still 943 -17 16459 2 0 -16 16393 0
still 944 110 16462 59 0 -22 16401 0
still 945 53 16477 -17 0 -18 16410 0
still 946 54 16388 24 0 -19 16407 0
still 947 34 16445 -26 0 -14 16411 0
still 948 -42 16320 36 0 -17 16399 0
still 949 -17 16422 58 0 -23 16401 0
still 950 65 16295 15 0 -22 16387 0
still 951 13 16341 -72 0 -11 16381 0
still 952 24 16498 -57 0 -3 16395 0
still 953 -5 16411 -120 0 12 16397 0
still 954 88 16345 56 0 3 16390 0
still 955 142 16400 -48 0 8 16391 0
still 956 2 16364 35 0 2 16387 0
still 957 -45 16441 -31 0 5 16393 0
still 958 162 16316 46 0 -2 16383 0
still 959 -67 16447 3 0 -3 16391 0
still 960 -95 16338 -31 0 1 16384 0
still 961 -65 16386 -53 0 7 16384 0
still 962 -4 16409 2 0 5 16387 0
still 963 -18 16365 25 0 1 16384 0
still 964 -25 16381 -113 0 15 16383 0
still 965 -47 16403 -9 0 14 16385 0
still 966 5 16389 70 0 3 16385 0
still 967 -31 16298 59 0 -5 16374 0
still 968 8 16343 -66 0 3 16370 0
still 969 -101 16338 -12 0 4 16366 0
still 970 61 16361 -16 0 5 16365 0
still 971 -41 16315 14 0 2 16358 0
still 972 6 16370 37 0 -3 16359 0
still 973 -78 16379 -22 0 0 16361 0
still 974 28 16338 -26 0 3 16358 0
still 975 -30 16388 -23 0 5 16361 0
still 976 -27 16324 -50 0 10 16356 0
still 977 17 16338 42 0 3 16353 0
still 978 85 16449 20 0 0 16365 0
still 979 16 16411 -4 0 0 16370 0
still 980 -14 16373 -47 0 5 16370 0
still 981 -31 16463 -69 0 13 16381 0
still 982 -64 16285 29 0 7 16369 0
still 983 87 16435 -19 0 8 16377 0
still 984 36 16402 30 0 3 16380 0
still 985 -52 16425 -40 0 7 16385 0
still 986 14 16415 40 0 1 16388 0
still 987 87 16456 -10 0 2 16396 0
still 988 110 16302 -32 0 5 16384 0
still 989 9 16412 0 0 4 16387 0
still 990 -2 16461 -86 0 14 16396 0
still 991 -12 16346 -5 0 12 16389 0
still 992 -28 16407 56 0 3 16391 0
still 993 80 16275 -26 0 5 16376 0
still 994 59 16386 -15 0 6 16377 0
still 995 -5 16431 -6 0 6 16383 0
still 996 10 16373 3 0 4 16381 0
still 997 15 16482 35 0 -1 16393 0
still 998 11 16443 -75 0 8 16399 0
still 999 -16 16391 -55 0 13 16398 0
vibration 0 -80 16250 -225 0 28 2031 0
vibration 1 837 17091 1392 0 -150 3913 0
vibration 2 1439 17540 1561 0 -327 5616 0
vibration 3 1010 17071 1513 0 -476 7047 0
vibration 4 -493 16562 189 0 -441 8236 0
vibration 5 -1227 14741 -415 0 -334 9049 0
vibration 6 -420 15327 -859 0 -185 9833 0
vibration 7 -1240 15687 -1216 0 -10 10564 0
vibration 8 -222 15666 -351 0 35 11201 0
vibration 9 832 16910 232 0 1 11914 0
vibration 10 1953 16575 616 0 -77 12496 0
vibration 11 1564 16402 2248 0 -349 12984 0
vibration 12 -40 16498 1131 0 -447 13423 0
vibration 13 -1245 16780 182 0 -414 13842 0
vibration 14 -918 15511 -458 0 -305 14050 0
vibration 15 -1593 15919 -1688 0 -56 14283 0
vibration 16 -303 16314 -293 0 -13 14536 0
vibration 17 873 16153 832 0 -116 14738 0
vibration 18 1318 17283 1389 0 -276 15056 0
vibration 19 1337 17792 1208 0 -393 15398 0
vibration 20 1337 16994 376 0 -391 15597 0
vibration 21 268 16264 106 0 -356 15680 0
vibration 22 -1479 14873 -586 0 -239 15579 0
vibration 23 -2641 15050 -2205 0 66 15512 0
vibration 24 -955 14694 -555 0 127 15409 0
vibration 25 1207 15922 521 0 46 15473 0
vibration 26 2070 16443 930 0 -76 15594 0
vibration 27 1327 17389 1162 0 -212 15818 0
vibration 28 2225 17272 2256 0 -468 15999 0
vibration 29 1348 17170 30 0 -414 16145 0
vibration 30 -1139 15515 -351 0 -319 16066 0
vibration 31 -1508 15557 -1121 0 -139 16002 0
vibration 32 -351 15556 -1188 0 26 15946 0
vibration 33 -156 16390 375 0 -25 16001 0
vibration 34 1543 16516 948 0 -141 16065 0
vibration 35 1427 17651 1148 0 -267 16263 0
vibration 36 1120 17214 1449 0 -415 16381 0
vibration 37 133 16999 515 0 -428 16458 0
vibration 38 -705 16289 -77 0 -365 16436 0
vibration 39 -1536 13997 -1561 0 -125 16131 0
vibration 40 -969 14832 -1064 0 23 15968 0
vibration 41 -1641 16988 -1040 0 150 16095 0
vibration 42 761 16382 435 0 76 16130 0
vibration 43 2004 17230 635 0 -13 16267 0
vibration 44 2366 17297 2024 0 -265 16395 0
vibration 45 622 16827 1153 0 -376 16449 0
vibration 46 279 16631 -521 0 -264 16471 0
vibration 47 -976 14930 -544 0 -163 16278 0
vibration 48 -1517 15849 -1486 0 43 16224 0
vibration 49 -1151 16050 -1520 0 227 16202 0
vibration 50 -198 16885 367 0 152 16287 0
vibration 51 1000 16801 384 0 85 16351 0
vibration 52 1547 17759 1441 0 -106 16527 0
vibration 53 748 16772 1375 0 -265 16557 0
vibration 54 -903 17327 -1251 0 -76 16653 0
vibration 55 -940 15478 -1131 0 74 16506 0
vibration 56 -1956 15555 -1374 0 236 16387 0
vibration 57 -1542 16358 -917 0 321 16383 0
vibration 58 -447 15400 -424 0 333 16260 0
vibration 59 790 17135 653 0 209 16369 0
vibration 60 1536 17071 1673 0 -27 16456 0
vibration 61 651 17332 1827 0 -252 16565 0
vibration 62 -757 17412 719 0 -311 16670 0
vibration 63 -432 15604 -871 0 -164 16536 0
vibration 64 -1954 17201 -1636 0 61 16619 0
vibration 65 -436 15352 -1727 0 269 16460 0
vibration 66 -459 15791 -1059 0 367 16376 0
vibration 67 196 16989 178 0 298 16452 0
vibration 68 1082 17287 1342 0 93 16556 0
vibration 69 955 18007 760 0 -14 16737 0
vibration 70 918 17484 1048 0 -144 16830 0
vibration 71 -307 16111 -98 0 -114 16740 0
vibration 72 -625 15670 -368 0 -54 16606 0
vibration 73 -1639 16503 -1133 0 94 16593 0
vibration 74 -412 15167 -858 0 189 16414 0
vibration 75 399 15525 -282 0 200 16302 0
vibration 76 625 17374 509 0 111 16436 0
vibration 77 1734 17318 1277 0 -63 16546 0
vibration 78 451 17466 74 0 -65 16661 0
vibration 79 764 16558 -270 0 -24 16648 0
vibration 80 -1063 14934 -1057 0 111 16433 0
vibration 81 -1597 16542 -1992 0 346 16446 0
vibration 82 -1459 15081 -872 0 411 16275 0
vibration 83 294 15617 -235 0 389 16192 0
vibration 84 1337 16660 521 0 275 16250 0
vibration 85 1382 17346 1375 0 68 16387 0
vibration 86 1129 17151 661 0 -24 16482 0
vibration 87 705 16826 1016 0 -148 16525 0
vibration 88 -670 15927 -1192 0 19 16450 0
vibration 89 -1096 15578 -1416 0 193 16341 0
vibration 90 -1367 16025 -924 0 284 16301 0
vibration 91 -509 16295 -1091 0 384 16300 0
vibration 92 344 16834 -363 0 381 16366 0
vibration 93 1238 17868 574 0 261 16553 0
vibration 94 1418 17312 1765 0 7 16647 0
vibration 95 384 17324 1501 0 -182 16731 0
vibration 96 -104 15769 646 0 -240 16610 0
vibration 97 -945 15919 -277 0 -176 16523 0
vibration 98 -1340 15304 -2062 0 103 16370 0
vibration 99 -253 15728 -977 0 212 16289 0
vibration 100 314 16878 -470 0 244 16362 0
vibration 101 1128 16752 381 0 165 16410 0
vibration 102 1358 17105 1223 0 -9 16496 0
vibration 103 578 16723 1414 0 -185 16524 0
vibration 104 -503 16421 -498 0 -100 16511 0
vibration 105 -1274 15836 -432 0 -34 16426 0
vibration 106 -1202 14935 -668 0 53 16239 0
vibration 107 -2035 16126 -1793 0 270 16224 0
vibration 108 -877 16421 -459 0 293 16248 0
vibration 109 1203 16984 712 0 167 16340 0
vibration 110 2094 17161 1051 0 14 16442 0
vibration 111 1668 17344 1374 0 -160 16554 0
vibration 112 896 17255 170 0 -162 16641 0
vibration 113 -1410 16084 -135 0 -125 16571 0
vibration 114 -1329 14926 -2011 0 142 16365 0
vibration 115 -2373 15620 -1572 0 320 16271 0
vibration 116 -263 16888 -225 0 308 16348 0
vibration 117 593 16727 583 0 196 16395 0
vibration 118 2398 17077 527 0 105 16480 0
vibration 119 1909 18014 767 0 -4 16671 0
vibration 120 342 16114 715 0 -93 16601 0
vibration 121 -873 17029 -690 0 4 16654 0
vibration 122 -628 15791 -1998 0 253 16546 0
vibration 123 -1533 16231 -904 0 334 16506 0
vibration 124 -1324 15648 -832 0 396 16398 0
vibration 125 87 16345 -417 0 398 16391 0
vibration 126 608 16097 919 0 233 16354 0
vibration 127 1562 16844 1904 0 -35 16415 0
vibration 128 933 17825 845 0 -137 16591 0
vibration 129 -81 16732 -368 0 -74 16608 0
vibration 130 -323 16641 -851 0 41 16612 0
vibration 131 -1397 14921 -1057 0 168 16400 0
vibration 132 -794 15337 -910 0 260 16267 0
vibration 133 -249 16026 507 0 164 16236 0
vibration 134 1958 16386 966 0 22 16254 0
vibration 135 551 17340 1394 0 -155 16389 0
vibration 136 1378 17365 1380 0 -309 16511 0
vibration 137 1351 16731 92 0 -282 16538 0
vibration 138 -402 17062 -680 0 -162 16603 0
vibration 139 -721 15735 -1797 0 82 16494 0
vibration 140 -1565 15223 -894 0 183 16335 0
vibration 141 -1488 16075 -571 0 231 16302 0
vibration 142 -724 16560 8 0 201 16334 0
vibration 143 1951 17536 1563 0 -20 16484 0
vibration 144 1685 16868 1900 0 -255 16532 0
vibration 145 1363 16979 827 0 -327 16587 0
vibration 146 280 16700 -159 0 -267 16601 0
vibration 147 -1392 16208 -935 0 -117 16551 0
vibration 148 -1842 15448 -1462 0 80 16413 0
vibration 149 -941 15540 -871 0 178 16303 0
vibration 150 294 16227 -246 0 186 16293 0
vibration 151 1267 16639 787 0 64 16336 0
vibration 152 1523 17486 1442 0 -125 16479 0
vibration 153 1209 17906 580 0 -182 16657 0
vibration 154 123 17207 5 0 -160 16725 0
vibration 155 -986 15379 -629 0 -62 16556 0
vibration 156 -882 15349 -1681 0 155 16405 0
vibration 157 -1446 14826 -1470 0 319 16207 0
vibration 158 779 15485 -1010 0 405 16116 0
vibration 159 680 16363 538 0 287 16146 0
vibration 160 2540 17840 781 0 153 16357 0
vibration 161 2028 17776 1793 0 -91 16534 0
vibration 162 379 16914 299 0 -117 16581 0
vibration 163 -356 16165 167 0 -124 16529 0
vibration 164 -1171 15393 -2309 0 180 16387 0
vibration 165 -1340 15774 -755 0 251 16310 0
vibration 166 -706 16041 -619 0 297 16276 0
vibration 167 329 15822 23 0 257 16219 0
vibration 168 1231 16412 1033 0 95 16243 0
vibration 169 1111 17664 1428 0 -96 16420 0
vibration 170 144 15931 1076 0 -219 16358 0
vibration 171 349 16662 -1051 0 -61 16396 0
vibration 172 -835 15523 -491 0 8 16286 0
vibration 173 -1541 15212 -1356 0 176 16151 0
vibration 174 -736 15942 -1621 0 356 16124 0
vibration 175 -102 16682 135 0 294 16193 0
vibration 176 1108 17078 201 0 232 16303 0
vibration 177 1014 17331 1242 0 47 16431 0
vibration 178 1368 16727 633 0 -38 16468 0
vibration 179 -253 16465 205 0 -59 16467 0
vibration 180 -598 16182 -445 0 4 16431 0
vibration 181 -1266 16148 -629 0 82 16395 0
vibration 182 -1421 14854 -1293 0 233 16202 0
vibration 183 -321 16196 -632 0 282 16201 0
vibration 184 1282 16099 655 0 164 16188 0
vibration 185 1495 17979 1491 0 -43 16411 0
vibration 186 1170 16561 792 0 -137 16429 0
vibration 187 1014 16585 756 0 -215 16448 0
vibration 188 -374 15982 101 0 -201 16389 0
vibration 189 -1783 15622 -708 0 -88 16293 0
vibration 190 -1475 15563 -1563 0 118 16201 0
vibration 191 -1262 15997 -530 0 169 16175 0
vibration 192 95 16417 242 0 117 16205 0
vibration 193 1573 17912 1285 0 -59 16418 0
vibration 194 1614 18362 458 0 -109 16661 0
vibration 195 1196 16819 940 0 -213 16680 0
vibration 196 719 15740 -616 0 -110 16562 0
vibration 197 -1164 16332 -1078 0 38 16533 0
vibration 198 -1530 15504 -1761 0 253 16404 0
vibration 199 -982 15535 -916 0 335 16295 0
vibration 200 125 15623 -44 0 298 16211 0
vibration 201 974 16949 638 0 181 16303 0
vibration 202 1894 18353 1271 0 -1 16559 0
vibration 203 1973 17048 1129 0 -142 16620 0
vibration 204 716 16356 108 0 -138 16587 0
vibration 205 -1495 16627 -1516 0 68 16592 0
vibration 206 -1481 15332 -1204 0 210 16434 0
vibration 207 -1854 15616 -844 0 289 16331 0
vibration 208 -732 15769 37 0 248 16260 0
vibration 209 1073 17072 1118 0 77 16361 0
vibration 210 1625 17131 1034 0 -62 16457 0
vibration 211 1884 16787 1132 0 -196 16498 0
vibration 212 -103 16561 1136 0 -314 16505 0
vibration 213 -350 15885 -1066 0 -142 16427 0
vibration 214 -2045 14971 -1140 0 18 16245 0
vibration 215 -1975 15771 -1808 0 241 16185 0
vibration 216 246 16020 -294 0 247 16164 0
vibration 217 636 16333 -14 0 217 16185 0
vibration 218 958 16977 2182 0 -83 16284 0
vibration 219 1679 17655 862 0 -181 16455 0
vibration 220 777 16754 -236 0 -129 16492 0
vibration 221 -1519 15948 -596 0 -39 16424 0
vibration 222 -2000 16173 -334 0 7 16392 0
vibration 223 -2362 15976 -1175 0 153 16340 0
vibration 224 -1678 14929 -983 0 256 16163 0
vibration 225 -632 16472 471 0 165 16201 0
vibration 226 1330 18417 1304 0 -19 16478 0
vibration 227 2155 17723 1487 0 -203 16633 0
vibration 228 1336 17337 572 0 -250 16721 0
vibration 229 1144 16126 1012 0 -346 16646 0
vibration 230 -779 16312 -1308 0 -140 16604 0
vibration 231 -2096 16202 -1054 0 9 16553 0
vibration 232 -1795 15031 -1497 0 195 16362 0
vibration 233 -720 16635 570 0 99 16396 0
vibration 234 1159 17369 996 0 -38 16517 0
vibration 235 1198 17441 1542 0 -226 16632 0
vibration 236 1975 17074 1532 0 -390 16687 0
vibration 237 1519 17851 984 0 -465 16832 0
vibration 238 -1206 15869 -83 0 -397 16711 0
vibration 239 -1835 15313 -776 0 -251 16536 0
vibration 240 -2295 16225 -1176 0 -73 16497 0
vibration 241 -840 15802 -949 0 54 16410 0
vibration 242 1237 17053 287 0 11 16490 0
vibration 243 1948 17439 1023 0 -119 16608 0
vibration 244 1326 17944 985 0 -228 16775 0
vibration 245 746 16394 703 0 -288 16727 0
vibration 246 -1048 15846 -21 0 -250 16616 0
vibration 247 -947 16822 -1101 0 -82 16641 0
vibration 248 -1916 15087 -833 0 32 16446 0
vibration 249 -1079 15276 -693 0 114 16299 0
vibration 250 22 16433 -159 0 119 16315 0
vibration 251 1741 17026 1179 0 -44 16403 0
vibration 252 1607 18231 1100 0 -176 16631 0
vibration 253 1630 16337 1748 0 -373 16594 0
vibration 254 -440 16128 68 0 -335 16535 0
vibration 255 -657 15535 -336 0 -252 16410 0
vibration 256 -1342 15889 -1942 0 22 16344 0
vibration 257 -1680 15187 -1030 0 148 16199 0
vibration 258 -399 16357 -128 0 145 16218 0
vibration 259 1358 16598 102 0 114 16265 0
vibration 260 1798 17628 1475 0 -85 16435 0
vibration 261 1229 15950 1797 0 -299 16374 0
vibration 262 756 17804 269 0 -296 16552 0
vibration 263 -790 14824 -1031 0 -131 16336 0
vibration 264 -1652 15443 -311 0 -76 16224 0
vibration 265 -532 15108 -878 0 43 16084 0
vibration 266 -174 16223 -150 0 56 16101 0
vibration 267 1669 16827 554 0 -21 16191 0
vibration 268 1340 17359 1190 0 -168 16337 0
vibration 269 1481 17289 1036 0 -277 16456 0
vibration 270 737 16470 928 0 -359 16457 0
vibration 271 -122 15396 390 0 -363 16324 0
vibration 272 -614 16071 -721 0 -228 16292 0
vibration 273 -1401 15576 -1557 0 -5 16202 0
vibration 274 -1225 15295 -1189 0 144 16088 0
vibration 275 -740 16451 135 0 109 16133 0
vibration 276 2079 17310 1173 0 -52 16280 0
vibration 277 1323 17362 795 0 -145 16415 0
vibration 278 1467 18752 897 0 -239 16707 0
vibration 279 -884 17278 718 0 -299 16778 0
vibration 280 -1396 16004 -1037 0 -132 16681 0
vibration 281 -1210 14954 -1178 0 31 16465 0
vibration 282 -730 15734 -592 0 101 16373 0
vibration 283 -36 16101 -246 0 119 16339 0
vibration 284 718 17172 842 0 -2 16443 0
vibration 285 2244 17526 1354 0 -171 16578 0
vibration 286 1347 17309 1385 0 -323 16669 0
vibration 287 1290 17209 1471 0 -467 16736 0
vibration 288 -794 15863 -760 0 -314 16626 0
vibration 289 -1076 15317 -573 0 -204 16462 0
vibration 290 -1280 14456 -166 0 -158 16211 0
vibration 291 -759 15701 -247 0 -108 16147 0
vibration 292 14 16622 34 0 -99 16206 0
vibration 293 823 16571 1427 0 -265 16251 0
vibration 294 1621 17368 1140 0 -375 16390 0
vibration 295 518 17068 719 0 -418 16474 0
vibration 296 501 15993 -24 0 -363 16413 0
vibration 297 -1685 15591 -1401 0 -143 16310 0
vibration 298 -308 16025 -1242 0 30 16274 0
vibration 299 -526 16561 -432 0 80 16309 0
vibration 300 -993 16932 46 0 64 16386 0
vibration 301 1025 17504 994 0 -69 16525 0
vibration 302 851 16928 1166 0 -207 16575 0
vibration 303 1637 17346 -99 0 -169 16671 0
vibration 304 19 15734 -853 0 -42 16553 0
vibration 305 -1688 15207 -1116 0 102 16384 0
vibration 306 -1701 16202 -988 0 212 16361 0
vibration 307 -1012 15632 -455 0 242 16269 0
vibration 308 1096 16636 -519 0 276 16314 0
vibration 309 408 16784 1118 0 101 16372 0
vibration 310 1294 16714 1488 0 -98 16414 0
vibration 311 2646 17264 1476 0 -271 16520 0
vibration 312 822 16679 729 0 -329 16539 0
vibration 313 172 15786 -75 0 -279 16444 0
vibration 314 -1000 16004 -1102 0 -107 16389 0
vibration 315 -2799 15863 -959 0 26 16323 0
vibration 316 -729 15688 -998 0 147 16243 0
vibration 317 702 17120 64 0 120 16352 0
vibration 318 1148 17234 808 0 4 16462 0
vibration 319 1631 17906 1387 0 -170 16642 0
vibration 320 892 17305 -171 0 -128 16724 0
vibration 321 -805 16544 254 0 -144 16701 0
vibration 322 -1702 16571 -99 0 -114 16684 0
vibration 323 -1552 16038 -837 0 4 16603 0
vibration 324 -1692 16008 -1002 0 128 16528 0
vibration 325 -28 16357 -948 0 230 16506 0
vibration 326 1166 18036 757 0 106 16697 0
vibration 327 2142 16537 1774 0 -129 16677 0
vibration 328 881 17403 1475 0 -298 16767 0
vibration 329 -544 16357 589 0 -335 16715 0
vibration 330 -771 14775 -702 0 -206 16472 0
vibration 331 -2322 15389 -2133 0 86 16336 0
vibration 332 -2532 15609 -1679 0 285 16245 0
vibration 333 -13 16377 -330 0 290 16261 0
vibration 334 1250 16703 946 0 135 16316 0
vibration 335 1519 16022 1237 0 -37 16279 0
vibration 336 715 17005 1616 0 -235 16369 0
vibration 337 48 17117 892 0 -318 16462 0
vibration 338 349 16369 -1132 0 -137 16450 0
vibration 339 -1569 14743 -1215 0 32 16236 0
vibration 340 -1713 16077 -1359 0 197 16216 0
vibration 341 -1256 15464 -838 0 277 16122 0
vibration 342 -272 16472 188 0 218 16165 0
vibration 343 1125 16637 944 0 72 16224 0
vibration 344 1608 17729 1170 0 -84 16412 0
vibration 345 1363 16127 1193 0 -223 16376 0
vibration 346 -1272 15679 -162 0 -175 16288 0
vibration 347 -1396 16025 -703 0 -66 16255 0
vibration 348 -1357 15338 -1666 0 150 16140 0
vibration 349 -794 15677 -801 0 231 16082 0
vibration 350 93 16401 208 0 176 16121 0
vibration 351 1301 16872 259 0 121 16214 0
vibration 352 1767 17125 1114 0 -34 16327 0
vibration 353 1378 16739 896 0 -142 16378 0
vibration 354 161 16932 1232 0 -279 16447 0
vibration 355 -996 15959 -924 0 -129 16386 0
vibration 356 -985 15553 -773 0 -17 16281 0
vibration 357 -616 16648 -1115 0 124 16326 0
vibration 358 -960 16160 -1133 0 250 16305 0
vibration 359 2414 16902 464 0 160 16379 0
vibration 360 2299 17161 1880 0 -95 16476 0
vibration 361 854 16458 1393 0 -258 16473 0
vibration 362 -100 16158 997 0 -351 16433 0
vibration 363 -902 15978 -705 0 -219 16376 0
vibration 364 -955 15486 -1308 0 -29 16264 0
vibration 365 -1833 15622 -883 0 85 16183 0
vibration 366 -1476 16354 -727 0 165 16204 0
vibration 367 552 16975 82 0 134 16300 0
vibration 368 419 16402 1591 0 -82 16312 0
vibration 369 2238 18846 1172 0 -219 16628 0
vibration 370 1359 16875 321 0 -232 16658 0
vibration 371 186 16426 64 0 -211 16629 0
vibration 372 -1191 15978 -1037 0 -55 16547 0
vibration 373 -1165 15278 -1607 0 152 16388 0
vibration 374 -290 16605 -437 0 187 16415 0
vibration 375 -461 16220 -1233 0 317 16390 0
vibration 376 359 18155 -42 0 282 16610 0
vibration 377 1829 17754 954 0 127 16753 0
vibration 378 1652 16832 1505 0 -77 16762 0
vibration 379 341 16543 175 0 -90 16734 0
vibration 380 -328 15213 -1031 0 50 16543 0
vibration 381 -2355 15296 -1211 0 195 16387 0
vibration 382 -1556 15630 -1306 0 333 16292 0
vibration 383 479 16525 -378 0 338 16321 0
vibration 384 931 16691 1205 0 145 16367 0
vibration 385 810 16558 495 0 65 16390 0
vibration 386 1976 18579 1843 0 -174 16663 0
vibration 387 411 16800 747 0 -246 16680 0
vibration 388 -724 15855 -108 0 -202 16576 0
vibration 389 -1899 13985 -235 0 -148 16252 0
vibration 390 -996 15190 -335 0 -88 16119 0
vibration 391 -1223 15981 -717 0 12 16101 0
vibration 392 525 16032 530 0 -56 16092 0
vibration 393 1801 17070 1220 0 -202 16214 0
vibration 394 1884 17724 1388 0 -351 16402 0
vibration 395 1210 16936 483 0 -368 16468 0
vibration 396 -1557 17064 -203 0 -297 16542 0
vibration 397 -1011 16036 -1285 0 -100 16478 0
vibration 398 -1301 15238 -1330 0 78 16323 0
vibration 399 -2026 16016 -732 0 159 16284 0
vibration 400 -680 16782 420 0 86 16346 0
vibration 401 929 16370 911 0 -39 16349 0
vibration 402 1012 17506 1589 0 -233 16493 0
vibration 403 791 17618 399 0 -254 16633 0
vibration 404 856 16871 48 0 -229 16662 0
vibration 405 -529 16191 238 0 -231 16603 0
vibration 406 -1427 15241 -577 0 -130 16432 0
vibration 407 -1658 15112 -1382 0 59 16267 0
vibration 408 -740 15719 -1479 0 236 16198 0
vibration 409 1554 16670 771 0 110 16257 0
vibration 410 1884 17573 641 0 16 16421 0
vibration 411 1047 17769 995 0 -111 16589 0
vibration 412 549 17026 708 0 -186 16643 0
vibration 413 -720 16486 -902 0 -50 16623 0
vibration 414 -2222 15189 -798 0 56 16443 0
vibration 415 -1600 15097 -1410 0 225 16274 0
vibration 416 -999 16481 -715 0 286 16299 0
vibration 417 1197 15922 45 0 244 16251 0
vibration 418 1552 17235 178 0 191 16374 0
vibration 419 2322 17432 966 0 46 16506 0
vibration 420 306 16937 955 0 -80 16559 0
vibration 421 -132 16237 -443 0 -15 16518 0
vibration 422 -723 15861 -849 0 93 16435 0
vibration 423 -1657 15588 -959 0 201 16329 0
vibration 424 -560 15561 -1159 0 320 16233 0
vibration 425 -502 15827 482 0 219 16182 0
vibration 426 2057 17069 659 0 109 16292 0
vibration 427 2117 18436 958 0 -25 16560 0
vibration 428 1443 16810 1101 0 -160 16591 0
vibration 429 -301 15978 -313 0 -101 16514 0
vibration 430 -630 15799 -763 0 7 16424 0
vibration 431 -1581 15317 -1249 0 162 16285 0
vibration 432 -1486 16198 -446 0 197 16274 0
vibration 433 -154 16728 -151 0 191 16330 0
vibration 434 663 16866 784 0 69 16397 0
vibration 435 1202 16591 1499 0 -127 16421 0
vibration 436 1884 16640 2100 0 -374 16448 0
vibration 437 292 16826 281 0 -363 16495 0
vibration 438 -1036 16192 -869 0 -209 16457 0
vibration 439 -1230 15615 -1288 0 -22 16351 0
vibration 440 -1026 15771 -1256 0 137 16278 0
vibration 441 -768 15947 -361 0 165 16236 0
vibration 442 -38 16004 447 0 88 16207 0
vibration 443 1287 17524 1022 0 -51 16371 0
vibration 444 1538 17517 1608 0 -246 16514 0
vibration 445 1269 17216 994 0 -340 16601 0
vibration 446 -893 16971 -92 0 -286 16647 0
vibration 447 -1318 14944 -985 0 -128 16434 0
vibration 448 -1490 15598 -1051 0 19 16329 0
vibration 449 -1895 15006 362 0 -29 16163 0
vibration 450 -701 16489 183 0 -49 16203 0
vibration 451 1034 16093 558 0 -113 16189 0
vibration 452 1585 16062 1588 0 -298 16173 0
vibration 453 1319 16845 480 0 -321 16257 0
vibration 454 -328 17126 619 0 -359 16365 0
vibration 455 -657 16147 -1456 0 -133 16337 0
vibration 456 -1500 15365 -1283 0 44 16215 0
vibration 457 -1816 15517 -1539 0 230 16127 0
vibration 458 -38 16052 207 0 175 16117 0
vibration 459 880 16714 1025 0 25 16191 0
vibration 460 2030 17262 1425 0 -157 16324 0
vibration 461 1286 17351 1083 0 -273 16452 0
vibration 462 827 16415 -255 0 -207 16447 0
vibration 463 -571 15512 -900 0 -69 16330 0
vibration 464 -2281 16189 -1222 0 92 16312 0
vibration 465 -1638 15079 -1273 0 239 16157 0
vibration 466 -1067 15765 -87 0 220 16108 0
vibration 467 1255 15387 -251 0 223 16017 0
vibration 468 1158 16687 879 0 85 16100 0
vibration 469 1578 17374 796 0 -26 16259 0
vibration 470 181 15721 954 0 -142 16191 0
vibration 471 343 16905 -330 0 -83 16280 0
vibration 472 -1985 14775 -538 0 -6 16091 0
vibration 473 -1673 16573 -926 0 110 16151 0
vibration 474 -1275 16268 -1024 0 224 16165 0
vibration 475 21 16057 265 0 162 16151 0
vibration 476 704 16895 611 0 65 16244 0
vibration 477 1919 17723 1198 0 -93 16428 0
vibration 478 1447 16459 699 0 -169 16431 0
vibration 479 -253 15296 -537 0 -81 16289 0
vibration 480 -1178 15724 -647 0 10 16218 0
vibration 481 -791 15442 -725 0 99 16121 0
vibration 482 -1440 15364 -1146 0 229 16026 0
vibration 483 -1189 15715 -631 0 279 15987 0
vibration 484 1175 16985 739 0 151 16111 0
vibration 485 1190 17329 723 0 41 16263 0
vibration 486 2929 17241 264 0 2 16385 0
vibration 487 945 16434 952 0 -118 16391 0
vibration 488 -685 15417 -178 0 -81 16269 0
vibration 489 -1699 16763 -517 0 -7 16330 0
vibration 490 -2242 15941 -2213 0 270 16281 0
vibration 491 -745 15871 -270 0 270 16229 0
vibration 492 141 16318 -42 0 241 16240 0
vibration 493 1756 17405 1380 0 38 16385 0
vibration 494 1796 17243 2042 0 -222 16492 0
vibration 495 606 17697 1334 0 -361 16642 0
vibration 496 -714 16546 153 0 -335 16630 0
vibration 497 -912 15101 -566 0 -223 16438 0
vibration 498 -1384 14651 -1507 0 -7 16214 0
vibration 499 -704 15499 -682 0 79 16124 0
vibration 500 -207 15926 -46 0 74 16099 0
vibration 501 1345 16874 289 0 28 16195 0
vibration 502 783 17695 1480 0 -161 16382 0
vibration 503 1949 17174 1685 0 -352 16481 0
vibration 504 -83 16962 -624 0 -230 16541 0
vibration 505 -2114 15962 -1166 0 -56 16468 0
vibration 506 -1664 15312 -1873 0 185 16323 0
vibration 507 -1532 14876 -1226 0 315 16142 0
vibration 508 -911 16145 -505 0 338 16142 0
vibration 509 1524 16759 1484 0 110 16219 0
vibration 510 1263 17737 1608 0 -105 16408 0
vibration 511 1350 17594 881 0 -202 16556 0
vibration 512 508 17114 482 0 -237 16625 0
vibration 513 -1666 15568 262 0 -241 16492 0
vibration 514 -1218 15576 -1388 0 -38 16377 0
vibration 515 -1725 14872 -882 0 77 16188 0
vibration 516 -657 16606 -86 0 78 16240 0
vibration 517 349 16660 256 0 36 16292 0
vibration 518 1606 16994 -82 0 41 16379 0
vibration 519 1249 17196 1921 0 -205 16481 0
vibration 520 675 16544 460 0 -237 16488 0
vibration 521 -416 16642 -1040 0 -78 16507 0
vibration 522 -285 15875 -418 0 -16 16428 0
vibration 523 -1668 15593 -2253 0 267 16323 0
vibration 524 -1007 15760 -334 0 275 16252 0
vibration 525 46 16533 234 0 211 16287 0
vibration 526 540 17338 2121 0 -81 16418 0
vibration 527 1607 18040 1274 0 -231 16620 0
vibration 528 2189 18056 970 0 -324 16799 0
vibration 529 -34 16737 232 0 -313 16791 0
vibration 530 -1203 15450 -1581 0 -77 16623 0
vibration 531 -1925 15230 -483 0 -7 16448 0
vibration 532 -915 15209 -1182 0 141 16293 0
vibration 533 -791 16644 701 0 35 16336 0
vibration 534 773 16981 1093 0 -106 16416 0
vibration 535 1158 17995 1458 0 -275 16613 0
vibration 536 686 16817 994 0 -365 16638 0
vibration 537 678 16870 559 0 -390 16667 0
vibration 538 -454 16208 -298 0 -304 16609 0
vibration 539 -1168 16201 -871 0 -158 16558 0
vibration 540 -1291 14871 -1361 0 31 16347 0
vibration 541 -798 16304 -587 0 100 16341 0
vibration 542 16 16997 617 0 10 16423 0
vibration 543 1532 16479 1011 0 -118 16430 0
vibration 544 1461 17206 2094 0 -365 16527 0
vibration 545 447 15737 997 0 -444 16428 0
vibration 546 -433 16416 624 0 -467 16426 0
vibration 547 -900 14601 -1262 0 -251 16197 0
vibration 548 -1652 15336 -1783 0 3 16089 0
vibration 549 -1783 16470 -978 0 124 16136 0
vibration 550 -205 17007 -805 0 209 16244 0
vibration 551 319 17548 972 0 61 16407 0
vibration 552 1624 17816 853 0 -54 16583 0
vibration 553 1530 17469 1156 0 -192 16693 0
vibration 554 682 16438 -900 0 -56 16661 0
vibration 555 -161 16030 -987 0 74 16582 0
vibration 556 -2283 14758 -1923 0 305 16354 0
vibration 557 -1991 15913 -938 0 384 16298 0
vibration 558 -157 16453 -402 0 386 16317 0
vibration 559 1040 16804 791 0 238 16377 0
vibration 560 2001 17072 973 0 86 16463 0
vibration 561 1745 17182 1571 0 -122 16552 0
vibration 562 515 16627 -273 0 -73 16561 0
vibration 563 -759 15732 -339 0 -22 16457 0
vibration 564 -2020 15225 -1182 0 128 16303 0
vibration 565 -554 15649 -1028 0 240 16221 0
vibration 566 -893 15927 -781 0 307 16184 0
vibration 567 521 17533 25 0 265 16352 0
vibration 568 908 16571 1457 0 49 16379 0
vibration 569 1479 17305 2085 0 -218 16494 0
vibration 570 2197 17247 606 0 -267 16588 0
vibration 571 518 16355 486 0 -295 16558 0
vibration 572 -994 15476 -1450 0 -77 16422 0
vibration 573 -1501 15393 -542 0 0 16293 0
vibration 574 -1322 15673 -1552 0 194 16215 0
vibration 575 -368 16590 -248 0 200 16261 0
vibration 576 1418 16618 813 0 73 16305 0
vibration 577 1941 18046 1085 0 -72 16522 0
vibration 578 61 17827 1393 0 -238 16685 0
vibration 579 72 17466 326 0 -249 16782 0
vibration 580 -752 15646 -927 0 -102 16640 0
vibration 581 -1863 15430 -656 0 -8 16488 0
vibration 582 -939 15691 -583 0 65 16388 0
vibration 583 -196 15804 -677 0 141 16315 0
vibration 584 -552 17034 1071 0 -11 16404 0
vibration 585 1770 17897 1804 0 -236 16590 0
vibration 586 2076 16855 1252 0 -363 16623 0
vibration 587 1082 16199 106 0 -331 16570 0
vibration 588 -645 15935 -197 0 -265 16490 0
vibration 589 -823 15862 -1483 0 -47 16411 0
vibration 590 -979 15435 -836 0 63 16289 0
vibration 591 -695 16437 -1101 0 192 16307 0
vibration 592 933 17869 467 0 109 16502 0
vibration 593 943 16794 1621 0 -108 16538 0
vibration 594 1666 17632 1399 0 -270 16674 0
vibration 595 1076 18203 -555 0 -167 16865 0
vibration 596 58 16786 -94 0 -135 16855 0
vibration 597 -2017 15716 -1288 0 42 16712 0
vibration 598 -1703 15821 -1691 0 248 16600 0
vibration 599 -1506 16439 -1190 0 365 16579 0
vibration 600 -156 16847 -370 0 365 16612 0
vibration 601 1357 16681 485 0 258 16620 0
vibration 602 1104 17046 2358 0 -69 16673 0
vibration 603 1426 16359 464 0 -119 16633 0
vibration 604 -53 16741 -493 0 -43 16646 0
vibration 605 -513 15132 -1678 0 172 16456 0
vibration 606 -1842 15043 -2240 0 430 16279 0
vibration 607 -1416 15378 -1083 0 511 16166 0
vibration 608 -638 16188 374 0 400 16168 0
vibration 609 242 16852 371 0 303 16253 0
vibration 610 1600 17485 807 0 164 16407 0
vibration 611 1916 17389 849 0 37 16529 0
vibration 612 836 16136 1823 0 -196 16479 0
vibration 613 -1055 16618 -406 0 -121 16496 0
vibration 614 -1210 15787 -1565 0 89 16407 0
vibration 615 -2133 15828 -1436 0 257 16334 0
vibration 616 -1145 16622 188 0 201 16370 0
vibration 617 8 17149 586 0 102 16467 0
vibration 618 1169 17420 -169 0 110 16586 0
vibration 619 2306 17950 1753 0 -123 16756 0
vibration 620 527 17223 692 0 -195 16814 0
vibration 621 -744 15723 -401 0 -121 16677 0
vibration 622 -1401 14910 -895 0 6 16456 0
vibration 623 -1519 16060 -1199 0 155 16406 0
vibration 624 -634 16320 -1667 0 344 16395 0
vibration 625 527 15894 368 0 255 16332 0
vibration 626 1178 16603 1444 0 42 16365 0
vibration 627 1210 17037 955 0 -83 16449 0
vibration 628 251 17743 1589 0 -272 16610 0
vibration 629 672 17147 262 0 -271 16677 0
vibration 630 -998 15628 -1947 0 6 16545 0
vibration 631 -1841 14746 -1151 0 149 16320 0
vibration 632 -1552 15215 -96 0 142 16181 0
vibration 633 282 15436 -709 0 212 16087 0
vibration 634 235 17044 1322 0 20 16206 0
vibration 635 1657 18021 775 0 -80 16432 0
vibration 636 1185 17120 2014 0 -322 16518 0
vibration 637 1034 15968 -421 0 -230 16449 0
vibration 638 -533 17265 -243 0 -171 16551 0
vibration 639 -2157 15834 -1447 0 31 16461 0
vibration 640 -1446 15363 -1593 0 226 16323 0
vibration 641 -1677 16369 -196 0 222 16328 0
vibration 642 640 16229 339 0 151 16315 0
vibration 643 1558 17604 981 0 9 16476 0
vibration 644 1397 17580 1517 0 -182 16614 0
vibration 645 458 17663 255 0 -192 16745 0
vibration 646 369 16209 493 0 -230 16678 0
vibration 647 -1858 15785 -1366 0 -31 16566 0
vibration 648 -2510 15405 -2387 0 271 16420 0
vibration 649 -535 16126 -873 0 346 16383 0
vibration 650 -332 16170 222 0 275 16356 0
vibration 651 576 16161 1218 0 88 16331 0
vibration 652 1916 16460 1295 0 -85 16347 0
vibration 653 1641 17386 634 0 -154 16476 0
vibration 654 725 17383 45 0 -141 16589 0
vibration 655 -831 15891 -793 0 -25 16501 0
vibration 656 -1324 15240 -1616 0 180 16343 0
vibration 657 -757 14970 -975 0 279 16171 0
vibration 658 -548 16155 536 0 177 16169 0
vibration 659 592 17256 543 0 87 16304 0
vibration 660 1025 17497 762 0 -20 16453 0
vibration 661 872 17088 908 0 -131 16532 0
vibration 662 243 16969 104 0 -128 16586 0
vibration 663 128 15728 167 0 -133 16478 0
vibration 664 -1372 15147 -1400 0 58 16311 0
vibration 665 -1438 15496 -1095 0 187 16209 0
vibration 666 -372 15236 -404 0 214 16087 0
vibration 667 394 16773 610 0 111 16172 0
vibration 668 1508 16854 466 0 38 16257 0
vibration 669 1677 17939 583 0 -40 16467 0
vibration 670 753 16469 167 0 -56 16467 0
vibration 671 102 16853 -280 0 -14 16515 0
vibration 672 -1022 15771 -1087 0 123 16422 0
vibration 673 -813 16378 -1210 0 258 16416 0
vibration 674 -1811 15377 -951 0 344 16286 0
vibration 675 -243 16635 -29 0 304 16329 0
vibration 676 816 16523 1322 0 100 16353 0
vibration 677 1443 17195 1313 0 -77 16458 0
vibration 678 1064 17848 786 0 -166 16631 0
vibration 679 1322 16605 -3 0 -145 16627 0
vibration 680 -1068 16296 -689 0 -41 16585 0
vibration 681 -1858 14879 -1998 0 213 16371 0
vibration 682 -1037 15855 -2682 0 521 16306 0
vibration 683 -59 15911 -158 0 475 16256 0
vibration 684 1194 17280 276 0 381 16384 0
vibration 685 1090 17117 852 0 226 16475 0
vibration 686 967 16876 946 0 79 16525 0
vibration 687 -101 17257 540 0 1 16616 0
vibration 688 -162 15317 -629 0 79 16453 0
vibration 689 -1475 15050 197 0 44 16277 0
vibration 690 -1204 16225 -978 0 160 16270 0
vibration 691 -128 16416 -292 0 176 16288 0
vibration 692 1071 17530 131 0 137 16443 0
vibration 693 1477 17111 693 0 33 16526 0
vibration 694 1304 17339 1774 0 -193 16627 0
vibration 695 1471 17752 291 0 -206 16767 0
vibration 696 -464 16287 -106 0 -167 16707 0
vibration 697 169 15786 -927 0 -31 16591 0
vibration 698 -1641 14966 -1099 0 110 16387 0
vibration 699 -1466 16554 -1724 0 311 16407 0
vibration 700 404 15940 402 0 221 16348 0
vibration 701 612 17376 1231 0 39 16476 0
vibration 702 1646 17014 1494 0 -153 16543 0
vibration 703 780 17183 735 0 -226 16623 0
vibration 704 778 16560 120 0 -213 16615 0
vibration 705 -1226 15743 -351 0 -143 16506 0
vibration 706 -1094 15443 -1059 0 7 16373 0
vibration 707 -1486 14975 -817 0 108 16198 0
vibration 708 -489 16022 215 0 67 16176 0
vibration 709 702 17288 -33 0 62 16315 0
vibration 710 2343 18012 1465 0 -129 16527 0
vibration 711 2208 17043 1699 0 -326 16591 0
vibration 712 175 16369 264 0 -319 16563 0
vibration 713 -682 15373 -142 0 -262 16414 0
vibration 714 -1497 15326 -740 0 -137 16278 0
vibration 715 -1938 14855 -1464 0 63 16100 0
vibration 716 -481 15758 -736 0 147 16057 0
vibration 717 1115 15822 1202 0 -22 16027 0
vibration 718 1617 17344 818 0 -122 16191 0
vibration 719 1460 16665 1172 0 -254 16250 0
vibration 720 256 16847 1232 0 -377 16324 0
vibration 721 -774 16495 -69 0 -322 16345 0
vibration 722 -1096 15518 -1567 0 -86 16241 0
vibration 723 -2598 14555 -2120 0 189 16030 0
vibration 724 -653 15522 -1283 0 325 15966 0
vibration 725 260 16369 475 0 225 16016 0
vibration 726 1157 16223 862 0 89 16041 0
vibration 727 1245 17732 1281 0 -83 16252 0
vibration 728 892 17421 887 0 -184 16398 0
vibration 729 479 16514 -492 0 -100 16412 0
vibration 730 -724 17007 -1547 0 105 16486 0
vibration 731 -1992 15215 -1189 0 240 16327 0
vibration 732 -205 15305 -1658 0 417 16199 0
vibration 733 -1280 15374 -52 0 371 16095 0
vibration 734 492 15963 119 0 309 16078 0
vibration 735 969 17247 1536 0 78 16224 0
vibration 736 1502 16551 1121 0 -72 16264 0
vibration 737 1689 15808 1005 0 -189 16207 0
vibration 738 279 15424 -918 0 -51 16109 0
vibration 739 -893 15752 -1405 0 131 16064 0
vibration 740 -1148 15333 -1370 0 285 15972 0
vibration 741 -673 15760 -1041 0 379 15945 0
vibration 742 -77 16639 112 0 317 16031 0
vibration 743 1225 16886 1487 0 91 16137 0
vibration 744 2498 18003 1322 0 -86 16370 0
vibration 745 621 17155 1271 0 -235 16468 0
vibration 746 -112 15737 -461 0 -148 16376 0
vibration 747 -812 15432 -2365 0 166 16258 0
vibration 748 -1890 14588 -825 0 248 16049 0
vibration 749 -1127 15854 -822 0 319 16024 0
vibration 750 249 16162 344 0 236 16041 0
vibration 751 1937 16817 638 0 126 16138 0
vibration 752 1112 17351 818 0 8 16289 0
vibration 753 2013 17440 1071 0 -127 16432 0
vibration 754 -125 17116 -625 0 -33 16517 0
vibration 755 -420 16054 -1155 0 115 16459 0
vibration 756 -1856 14905 -921 0 215 16264 0
vibration 757 -1694 15274 -1934 0 429 16140 0
vibration 758 613 16049 -908 0 488 16128 0
vibration 759 1036 16868 -57 0 434 16220 0
vibration 760 2015 17122 1703 0 166 16332 0
vibration 761 1339 16684 432 0 91 16376 0
vibration 762 670 16189 711 0 -10 16352 0
vibration 763 138 15773 -501 0 53 16279 0
vibration 764 -683 15534 -755 0 140 16185 0
vibration 765 -1537 15944 -1818 0 349 16154 0
vibration 766 -1244 16178 -1149 0 449 16157 0
vibration 767 -472 16363 877 0 283 16182 0
vibration 768 1556 17073 1370 0 76 16293 0
vibration 769 1896 17644 1243 0 -89 16461 0
vibration 770 973 17043 430 0 -132 16533 0
vibration 771 143 16791 -48 0 -110 16565 0
vibration 772 -1231 15332 -1480 0 88 16410 0
vibration 773 -1798 14884 -1241 0 232 16219 0
vibration 774 -754 15120 -439 0 257 16081 0
vibration 775 -45 16260 -72 0 233 16103 0
vibration 776 766 17245 1865 0 -30 16245 0
vibration 777 1422 16912 1873 0 -261 16328 0
vibration 778 1650 16901 978 0 -351 16399 0
vibration 779 -70 16308 739 0 -400 16387 0
vibration 780 -1492 15726 424 0 -403 16304 0
vibration 781 -809 14818 -1835 0 -124 16118 0
vibration 782 -2350 15909 -358 0 -64 16091 0
vibration 783 -549 16192 -435 0 -2 16103 0
vibration 784 1242 17525 452 0 -59 16280 0
vibration 785 1670 18257 594 0 -126 16527 0
vibration 786 1962 17759 1263 0 -269 16681 0
vibration 787 842 16426 392 0 -285 16649 0
vibration 788 -295 15901 -419 0 -197 16555 0
vibration 789 -959 15829 -658 0 -91 16464 0
vibration 790 -1372 15918 -599 0 -5 16395 0
vibration 791 -797 15416 -165 0 16 16272 0
vibration 792 40 16692 496 0 -48 16324 0
vibration 793 2260 17157 1846 0 -273 16428 0
vibration 794 2169 17789 1167 0 -385 16598 0
vibration 795 962 17841 1230 0 -491 16753 0
vibration 796 -814 15331 -907 0 -317 16575 0
vibration 797 -1080 15860 -893 0 -166 16485 0
vibration 798 -2107 15126 -1625 0 57 16315 0
vibration 799 -1289 16542 -1176 0 196 16343 0
vibration 800 -111 16363 735 0 79 16345 0
vibration 801 980 16560 -172 0 90 16371 0
vibration 802 2621 16732 1581 0 -119 16416 0
vibration 803 1293 16364 1184 0 -253 16409 0
vibration 804 82 16627 -367 0 -176 16436 0
vibration 805 -467 16750 -1956 0 90 16475 0
vibration 806 -1646 15725 -1348 0 247 16381 0
vibration 807 -1112 15213 -1359 0 386 16235 0
vibration 808 -1434 15865 -500 0 400 16188 0
vibration 809 865 16862 857 0 242 16272 0
vibration 810 1943 17890 1647 0 5 16474 0
vibration 811 1299 16559 282 0 -31 16484 0
vibration 812 1216 16371 1093 0 -164 16469 0
vibration 813 -441 15972 176 0 -166 16406 0
vibration 814 -1229 15854 -817 0 -44 16337 0
vibration 815 -1524 15811 -2179 0 233 16271 0
vibration 816 -451 15991 -887 0 314 16236 0
vibration 817 687 17084 768 0 178 16342 0
vibration 818 1460 17338 1067 0 22 16466 0
vibration 819 844 17416 1301 0 -144 16584 0
vibration 820 1604 16440 2007 0 -377 16566 0
vibration 821 -653 16075 -1048 0 -199 16504 0
vibration 822 -756 15316 -847 0 -69 16355 0
vibration 823 -1621 15701 -1743 0 157 16273 0
vibration 824 -1156 15357 -998 0 262 16158 0
vibration 825 -903 16764 -41 0 234 16233 0
vibration 826 1144 16316 981 0 82 16243 0
vibration 827 1445 17739 1492 0 -115 16430 0
vibration 828 1950 16961 557 0 -171 16496 0
vibration 829 1145 16462 155 0 -169 16491 0
vibration 830 -328 16438 -909 0 -35 16484 0
vibration 831 -2389 16105 -1576 0 166 16436 0
vibration 832 -1865 15592 -658 0 227 16330 0
vibration 833 -125 16175 945 0 80 16310 0
vibration 834 1607 17116 651 0 -12 16410 0
vibration 835 786 17748 901 0 -124 16577 0
vibration 836 2178 18515 -79 0 -99 16819 0
vibration 837 830 17023 104 0 -100 16844 0
vibration 838 103 15673 -806 0 13 16697 0
vibration 839 -2021 15279 -2435 0 315 16519 0
vibration 840 -896 15209 -1244 0 431 16355 0
vibration 841 -370 16015 -373 0 423 16312 0
vibration 842 1143 15845 938 0 252 16253 0
vibration 843 717 16612 1207 0 69 16297 0
vibration 844 2078 16529 1681 0 -150 16326 0
vibration 845 1029 17216 767 0 -228 16437 0
vibration 846 -224 16767 -173 0 -178 16478 0
vibration 847 -1064 16519 -768 0 -60 16483 0
vibration 848 -1398 15276 -1420 0 125 16332 0
vibration 849 -127 16266 -430 0 163 16323 0
vibration 850 -158 16185 124 0 127 16305 0
vibration 851 1939 16458 901 0 -2 16324 0
vibration 852 1366 17177 936 0 -119 16430 0
vibration 853 1326 17540 1183 0 -252 16568 0
vibration 854 -95 16512 632 0 -300 16561 0
vibration 855 -1527 15491 -908 0 -149 16427 0
vibration 856 -974 14522 -607 0 -55 16188 0
vibration 857 -2239 16163 -1718 0 166 16184 0
vibration 858 -834 16500 8 0 144 16223 0
vibration 859 720 16390 1427 0 -53 16243 0
vibration 860 1874 17554 1326 0 -213 16406 0
vibration 861 1541 17318 1795 0 -411 16520 0
vibration 862 -415 16870 972 0 -482 16563 0
vibration 863 -1766 16106 -807 0 -321 16505 0
vibration 864 -28 15858 -1595 0 -82 16424 0
vibration 865 -1594 15634 -1857 0 160 16325 0
vibration 866 -1256 16016 283 0 104 16286 0
vibration 867 -105 18137 -167 0 111 16517 0
vibration 868 1088 17032 1337 0 -70 16581 0
vibration 869 1650 17656 689 0 -148 16715 0
vibration 870 397 16910 662 0 -213 16739 0
vibration 871 -972 16360 -490 0 -126 16691 0
vibration 872 -954 15584 -1602 0 90 16552 0
vibration 873 -881 15841 -668 0 162 16463 0
vibration 874 -1859 16344 -1919 0 381 16448 0
vibration 875 145 16020 -441 0 388 16394 0
vibration 876 1402 17693 681 0 254 16556 0
vibration 877 2118 16973 1636 0 17 16608 0
vibration 878 429 17199 389 0 -34 16681 0
vibration 879 -18 17033 798 0 -130 16725 0
vibration 880 -1154 16308 -1083 0 21 16672 0
vibration 881 -1262 15758 -1375 0 190 16557 0
vibration 882 -828 15964 -447 0 222 16482 0
vibration 883 232 16440 -270 0 228 16476 0
vibration 884 570 15877 581 0 126 16401 0
vibration 885 1705 16786 959 0 -10 16449 0
vibration 886 399 17223 326 0 -50 16545 0
vibration 887 599 16803 513 0 -108 16577 0
vibration 888 -1020 16282 -837 0 10 16540 0
vibration 889 -2069 15430 -616 0 85 16401 0
vibration 890 -937 15324 -1513 0 263 16266 0
vibration 891 -876 16863 -760 0 325 16340 0
vibration 892 909 16581 -325 0 325 16370 0
vibration 893 1919 16964 2163 0 14 16444 0
vibration 894 720 18126 1190 0 -137 16654 0
vibration 895 320 16449 674 0 -205 16628 0
vibration 896 566 16237 40 0 -185 16579 0
vibration 897 -1439 15984 -843 0 -57 16504 0
vibration 898 -2118 14818 -719 0 40 16293 0
vibration 899 -1653 16327 -971 0 156 16297 0
vibration 900 -168 16973 647 0 55 16381 0
vibration 901 1846 17337 1512 0 -141 16500 0
vibration 902 2271 18304 1696 0 -336 16725 0
vibration 903 1228 17353 1646 0 -500 16803 0
vibration 904 -500 16101 489 0 -499 16715 0
vibration 905 -1064 15120 572 0 -509 16515 0
vibration 906 -1689 15320 -981 0 -323 16365 0
vibration 907 -1091 15637 -1023 0 -155 16274 0
vibration 908 -791 16291 -1063 0 -3 16276 0
vibration 909 -197 16450 1098 0 -140 16297 0
vibration 910 1438 17235 1759 0 -343 16414 0
vibration 911 657 17659 899 0 -413 16569 0
vibration 912 547 16832 -470 0 -303 16601 0
vibration 913 -341 16512 -614 0 -189 16589 0
vibration 914 -1224 15249 -189 0 -142 16421 0
vibration 915 -1831 14668 -1459 0 58 16201 0
vibration 916 47 15117 478 0 -9 16065 0
vibration 917 722 16921 376 0 -55 16172 0
vibration 918 702 17274 796 0 -148 16309 0
vibration 919 2313 17354 1215 0 -282 16439 0
vibration 920 567 16726 1304 0 -410 16474 0
vibration 921 -476 16236 -733 0 -268 16444 0
vibration 922 -626 16052 -1730 0 -19 16395 0
vibration 923 -809 15637 -1966 0 229 16300 0
vibration 924 -1051 16371 -677 0 285 16308 0
vibration 925 515 16315 -266 0 282 16308 0
vibration 926 1942 17495 1469 0 63 16456 0
vibration 927 1942 16935 826 0 -49 16515 0
vibration 928 1119 16592 1177 0 -190 16524 0
vibration 929 -671 15690 330 0 -208 16419 0
vibration 930 -761 16173 -543 0 -115 16388 0
vibration 931 -2271 15835 -512 0 -37 16318 0
vibration 932 -1438 14774 -258 0 -1 16125 0
vibration 933 -4 15330 -137 0 16 16025 0
vibration 934 1550 16550 896 0 -98 16090 0
vibration 935 712 17146 1376 0 -258 16222 0
vibration 936 1873 17769 1863 0 -459 16415 0
vibration 937 490 17162 46 0 -408 16508 0
vibration 938 -383 17258 107 0 -371 16601 0
vibration 939 -1746 15902 -657 0 -243 16513 0
vibration 940 -975 16020 -1050 0 -82 16451 0
vibration 941 -1256 16176 -961 0 48 16416 0
vibration 942 292 16109 211 0 15 16377 0
vibration 943 2653 17204 1315 0 -152 16480 0
vibration 944 1376 17533 1956 0 -378 16611 0
vibration 945 1503 16893 410 0 -382 16646 0
vibration 946 -563 15837 -476 0 -275 16544 0
vibration 947 -703 14963 -972 0 -120 16346 0
vibration 948 -1684 15631 -1163 0 40 16256 0
vibration 949 -882 15305 -479 0 94 16137 0
vibration 950 -1342 16996 75 0 72 16244 0
vibration 951 897 17384 1057 0 -70 16386 0
vibration 952 1711 16693 610 0 -138 16424 0
vibration 953 1155 17312 557 0 -191 16535 0
vibration 954 754 17147 388 0 -216 16611 0
vibration 955 -411 15815 -1231 0 -36 16511 0
vibration 956 -2000 15415 -869 0 77 16374 0
vibration 957 -1244 16335 -1778 0 289 16369 0
vibration 958 -594 15819 -389 0 301 16300 0
vibration 959 481 17322 153 0 244 16427 0
vibration 960 2487 17122 1704 0 0 16513 0
vibration 961 2158 16451 1479 0 -185 16505 0
vibration 962 513 16657 502 0 -225 16524 0
vibration 963 -340 16122 -1073 0 -63 16473 0
vibration 964 -1251 15942 -1012 0 71 16406 0
vibration 965 -2559 14893 -1157 0 206 16216 0
vibration 966 -726 16140 -713 0 269 16206 0
vibration 967 252 16504 190 0 211 16243 0
vibration 968 1225 16619 1282 0 24 16290 0
vibration 969 1581 17834 899 0 -92 16483 0
vibration 970 739 16979 899 0 -193 16545 0
vibration 971 145 15930 634 0 -249 16468 0
vibration 972 -1101 15155 -1174 0 -72 16303 0
vibration 973 -1596 15667 -839 0 41 16223 0
vibration 974 -1214 15596 -2107 0 299 16144 0
vibration 975 -725 15260 -672 0 345 16033 0
vibration 976 1609 16940 -10 0 303 16146 0
vibration 977 1018 17950 709 0 176 16371 0
vibration 978 89 16390 860 0 46 16373 0
vibration 979 159 17004 263 0 7 16451 0
vibration 980 -846 15258 -826 0 109 16301 0
vibration 981 -2160 14808 -1874 0 329 16114 0
vibration 982 -1099 15757 -996 0 412 16069 0
vibration 983 -801 17260 -595 0 434 16217 0
vibration 984 952 16945 1260 0 222 16308 0
vibration 985 1657 17566 1323 0 28 16465 0
vibration 986 1161 16866 837 0 -81 16515 0
vibration 987 590 16907 -328 0 -30 16564 0
vibration 988 -528 15921 -1186 0 122 16483 0
vibration 989 -1429 15459 -1583 0 304 16355 0
vibration 990 -1775 15884 -1006 0 391 16296 0
vibration 991 -712 15220 -640 0 422 16161 0
vibration 992 683 16789 1441 0 189 16239 0
vibration 993 1230 18051 1773 0 -57 16465 0
vibration 994 1287 16653 2180 0 -323 16488 0
vibration 995 1078 16709 1618 0 -485 16515 0
vibration 996 -392 15976 -62 0 -417 16447 0
vibration 997 -626 14932 -1674 0 -156 16257 0
vibration 998 -1871 15385 -2822 0 216 16148 0
vibration 999 -841 14781 -1557 0 383 15977 0
brake_0p5g 0 74 16316 7 0 -1 2039 0
brake_0p5g 1 -4 16415 -36 0 3 3836 0
brake_0p5g 2 12 16365 12 0 1 5402 0
brake_0p5g 3 -33 16392 -5 0 1 6775 0
brake_0p5g 4 -1 16349 -46 0 6 7971 0
brake_0p5g 5 37 16372 8 0 4 9021 0
brake_0p5g 6 54 16358 30 0 -1 9938 0
brake_0p5g 7 2 16392 86 0 -12 10744 0
brake_0p5g 8 -3 16406 14 0 -13 11451 0
brake_0p5g 9 39 16346 58 0 -19 12062 0
brake_0p5g 10 -143 16289 -97 0 -5 12590 0
brake_0p5g 11 9 16408 -37 0 0 13067 0
brake_0p5g 12 64 16406 -80 0 10 13484 0
brake_0p5g 13 -68 16352 -20 0 11 13842 0
brake_0p5g 14 15 16329 35 0 5 14152 0
brake_0p5g 15 -10 16334 63 0 -4 14424 0
brake_0p5g 16 83 16345 -12 0 -2 14664 0
brake_0p5g 17 10 16388 -20 0 0 14879 0
brake_0p5g 18 -25 16397 61 0 -8 15068 0
brake_0p5g 19 -84 16341 64 0 -15 15227 0
brake_0p5g 20 0 16324 -31 0 -10 15364 0
brake_0p5g 21 19 16398 39 0 -14 15493 0
brake_0p5g 22 -7 16353 -85 0 -2 15600 0
brake_0p5g 23 -11 16369 83 0 -13 15696 0
brake_0p5g 24 54 16370 -61 0 -4 15780 0
brake_0p5g 25 -82 16257 5 0 -5 15839 0
brake_0p5g 26 53 16378 28 0 -8 15906 0
brake_0p5g 27 -36 16460 143 0 -25 15975 0
brake_0p5g 28 50 16410 32 0 -26 16029 0
brake_0p5g 29 -12 16366 -18 0 -21 16071 0
brake_0p5g 30 -9 16386 18 0 -21 16110 0
brake_0p5g 31 -4 16422 -60 0 -11 16149 0
brake_0p5g 32 -14 16377 14 0 -12 16177 0
brake_0p5g 33 3 16406 -23 0 -8 16205 0
brake_0p5g 34 -45 16371 12 0 -9 16225 0
brake_0p5g 35 30 16474 5 0 -9 16256 0
brake_0p5g 36 -34 16403 -18 0 -6 16274 0
brake_0p5g 37 33 16460 9 0 -7 16297 0
brake_0p5g 38 99 16374 -30 0 -3 16306 0
brake_0p5g 39 -113 16382 -55 0 4 16315 0
brake_0p5g 40 -19 16381 -85 0 14 16323 0
brake_0p5g 41 -99 16430 -22 0 15 16336 0
brake_0p5g 42 62 16309 -72 0 22 16332 0
brake_0p5g 43 39 16461 -85 0 29 16348 0
brake_0p5g 44 18 16480 57 0 18 16364 0
brake_0p5g 45 42 16377 -40 0 20 16365 0
brake_0p5g 46 34 16399 -65 0 25 16369 0
brake_0p5g 47 -88 16318 12 0 20 16362 0
brake_0p5g 48 17 16338 64 0 9 16359 0
brake_0p5g 49 30 16411 1 0 7 16365 0
brake_0p5g 50 -33 16301 -59 0 13 16357 0
brake_0p5g 51 -20 16394 -20 0 13 16361 0
brake_0p5g 52 -5 16383 23 0 8 16363 0
brake_0p5g 53 28 16365 -1 0 7 16363 0
brake_0p5g 54 -11 16318 89 0 -5 16357 0
brake_0p5g 55 -18 16347 -71 0 4 16355 0
brake_0p5g 56 11 16349 10 0 2 16354 0
brake_0p5g 57 -14 16408 -16 0 3 16360 0
brake_0p5g 58 -57 16378 41 0 -3 16362 0
brake_0p5g 59 11 16382 50 0 -9 16364 0
brake_0p5g 60 16 16420 -29 0 -5 16371 0
brake_0p5g 61 -12 16364 66 0 -13 16370 0
brake_0p5g 62 59 16502 52 0 -18 16386 0
brake_0p5g 63 -104 16366 28 0 -20 16383 0
brake_0p5g 64 132 16331 45 0 -24 16376 0
brake_0p5g 65 18 16273 -22 0 -19 16363 0
brake_0p5g 66 42 16391 -64 0 -9 16366 0
brake_0p5g 67 -16 16372 75 0 -18 16366 0
brake_0p5g 68 56 16519 22 0 -19 16385 0
brake_0p5g 69 45 16282 -59 0 -10 16372 0
brake_0p5g 70 -23 16371 -79 0 1 16371 0
brake_0p5g 71 -12 16352 49 0 -6 16368 0
brake_0p5g 72 23 16355 2 0 -6 16366 0
brake_0p5g 73 72 16305 83 0 -16 16358 0
brake_0p5g 74 -90 16379 -47 0 -9 16360 0
brake_0p5g 75 -3 16380 -64 0 0 16362 0
brake_0p5g 76 12 16361 -22 0 2 16361 0
brake_0p5g 77 0 16385 -2 0 2 16364 0
brake_0p5g 78 -4 16384 -26 0 5 16366 0
brake_0p5g 79 -56 16434 -58 0 11 16374 0
brake_0p5g 80 9 16463 -19 0 12 16385 0
brake_0p5g 81 -10 16383 28 0 7 16384 0
brake_0p5g 82 16 16534 -89 0 17 16402 0
brake_0p5g 83 -29 16381 30 0 11 16399 0
brake_0p5g 84 31 16389 69 0 1 16397 0
brake_0p5g 85 -36 16394 27 0 -3 16396 0
brake_0p5g 86 -84 16393 -32 0 1 16395 0
brake_0p5g 87 54 16435 -123 0 16 16400 0
brake_0p5g 88 4 16445 -40 0 19 16405 0
brake_0p5g 89 -7 16375 -20 0 19 16401 0
brake_0p5g 90 -72 16316 -53 0 23 16390 0
brake_0p5g 91 76 16374 -50 0 26 16388 0
brake_0p5g 92 -35 16375 60 0 15 16386 0
brake_0p5g 93 -19 16427 41 0 8 16391 0
brake_0p5g 94 17 16356 47 0 1 16386 0
brake_0p5g 95 -79 16390 -88 0 11 16386 0
brake_0p5g 96 -96 16395 14 0 7 16387 0
brake_0p5g 97 35 16380 96 0 -6 16386 0
brake_0p5g 98 40 16328 28 0 -9 16378 0
brake_0p5g 99 -89 16392 16 0 -10 16379 0
brake_0p5g 100 -31 16408 -8154 0 1010 16382 0
brake_0p5g 101 -19 16430 -8204 0 1909 16388 0
brake_0p5g 102 17 16322 -8157 0 2690 16379 0
brake_0p5g 103 -39 16383 -8151 0 3372 16379 0
brake_0p5g 104 27 16418 -8241 0 3980 16383 0
brake_0p5g 105 61 16350 -8219 0 4509 16378 0
brake_0p5g 106 50 16373 -8194 0 4969 16377 0
brake_0p5g 107 -15 16315 -8181 0 5370 16369 0
brake_0p5g 108 50 16372 -8138 0 5716 16369 0
brake_0p5g 109 -29 16377 -8203 0 6026 16370 0
brake_0p5g 110 -11 16378 -8257 0 6304 16371 0
brake_0p5g 111 -23 16383 -8241 0 6546 16372 0
brake_0p5g 112 -34 16377 -8188 0 6751 16372 0
brake_0p5g 113 124 16340 -8147 0 6925 16368 0
brake_0p5g 114 -6 16423 -8151 0 7078 16374 0
brake_0p5g 115 -23 16394 -8223 0 7221 16376 0
brake_0p5g 116 -13 16281 -8204 0 7343 16364 0
brake_0p5g 117 -5 16364 -8104 0 7438 16364 0
brake_0p5g 118 -33 16375 -8213 0 7534 16365 0
brake_0p5g 119 -77 16412 -8240 0 7622 16370 0
brake_0p5g 120 -33 16371 -8174 0 7691 16370 0
brake_0p5g 121 70 16478 -8149 0 7748 16383 0
brake_0p5g 122 54 16325 -8223 0 7807 16375 0
brake_0p5g 123 -2 16416 -8161 0 7851 16380 0
brake_0p5g 124 27 16462 -8195 0 7894 16390 0
brake_0p5g 125 -2 16477 -8126 0 7923 16400 0
brake_0p5g 126 -8 16338 -8178 0 7954 16392 0
brake_0p5g 127 -23 16431 -8175 0 7981 16396 0
brake_0p5g 128 125 16399 -8145 0 8001 16396 0
brake_0p5g 129 42 16385 -8202 0 8026 16394 0
brake_0p5g 130 -32 16351 -8211 0 8049 16388 0
brake_0p5g 131 5 16400 -8169 0 8064 16389 0
brake_0p5g 132 -58 16442 -8135 0 8072 16395 0
brake_0p5g 133 -2 16470 -8159 0 8082 16404 0
brake_0p5g 134 -58 16489 -8250 0 8103 16414 0
brake_0p5g 135 32 16374 -8188 0 8113 16409 0
brake_0p5g 136 -60 16322 -8260 0 8131 16398 0
brake_0p5g 137 -11 16318 -8199 0 8139 16388 0
brake_0p5g 138 -6 16428 -8102 0 8134 16393 0
brake_0p5g 139 -46 16387 -8274 0 8151 16392 0
brake_0p5g 140 13 16425 -8148 0 8150 16396 0
brake_0p5g 141 2 16397 -8211 0 8157 16396 0
brake_0p5g 142 -62 16435 -8083 0 8147 16400 0
brake_0p5g 143 -12 16338 -8224 0 8156 16392 0
brake_0p5g 144 -19 16480 -8167 0 8157 16403 0
brake_0p5g 145 23 16422 -8225 0 8165 16405 0
brake_0p5g 146 -15 16301 -8153 0 8163 16392 0
brake_0p5g 147 -52 16371 -8243 0 8173 16389 0
brake_0p5g 148 0 16427 -8149 0 8170 16393 0
brake_0p5g 149 4 16420 -8260 0 8181 16396 0
brake_0p5g 150 5 16359 -8193 0 8182 16391 0
brake_0p5g 151 -40 16312 -8204 0 8184 16381 0
brake_0p5g 152 -22 16328 -8309 0 8199 16374 0
brake_0p5g 153 80 16390 -8143 0 8192 16376 0
brake_0p5g 154 131 16323 -8136 0 8185 16369 0
brake_0p5g 155 -22 16433 -8191 0 8185 16377 0
brake_0p5g 156 36 16487 -8104 0 8174 16390 0
brake_0p5g 157 14 16364 -8168 0 8173 16386 0
brake_0p5g 158 -44 16425 -8083 0 8161 16390 0
brake_0p5g 159 -28 16367 -8167 0 8161 16387 0
brake_0p5g 160 -25 16363 -8170 0 8162 16384 0
brake_0p5g 161 67 16423 -8185 0 8164 16388 0
brake_0p5g 162 -28 16426 -8157 0 8163 16392 0
brake_0p5g 163 82 16434 -8189 0 8166 16397 0
brake_0p5g 164 87 16445 -8221 0 8172 16403 0
brake_0p5g 165 52 16442 -8146 0 8168 16407 0
brake_0p5g 166 -45 16424 -8170 0 8168 16409 0
brake_0p5g 167 -24 16362 -8245 0 8177 16403 0
brake_0p5g 168 31 16336 -8176 0 8176 16394 0
brake_0p5g 169 19 16324 -8252 0 8185 16385 0
brake_0p5g 170 -19 16359 -8283 0 8197 16381 0
brake_0p5g 171 30 16424 -8152 0 8191 16386 0
brake_0p5g 172 30 16288 -8344 0 8210 16373 0
brake_0p5g 173 -2 16332 -8172 0 8205 16367 0
brake_0p5g 174 -39 16395 -8143 0 8197 16370 0
brake_0p5g 175 -33 16364 -8149 0 8191 16369 0
brake_0p5g 176 -69 16398 -8260 0 8199 16372 0
brake_0p5g 177 -89 16415 -8274 0 8208 16377 0
brake_0p5g 178 138 16386 -8145 0 8200 16378 0
brake_0p5g 179 27 16347 -8193 0 8199 16374 0
brake_0p5g 180 -63 16321 -8219 0 8201 16367 0
brake_0p5g 181 -15 16484 -8184 0 8198 16381 0
brake_0p5g 182 28 16405 -8213 0 8199 16384 0
brake_0p5g 183 38 16367 -8174 0 8195 16381 0
brake_0p5g 184 -34 16419 -8301 0 8208 16385 0
brake_0p5g 185 26 16449 -8167 0 8202 16393 0
brake_0p5g 186 -40 16445 -8232 0 8205 16399 0
brake_0p5g 187 22 16384 -8162 0 8199 16397 0
brake_0p5g 188 26 16415 -8136 0 8191 16399 0
brake_0p5g 189 -23 16473 -8185 0 8190 16408 0
brake_0p5g 190 57 16414 -8192 0 8190 16408 0
brake_0p5g 191 7 16433 -8184 0 8189 16411 0
brake_0p5g 192 64 16374 -8263 0 8198 16406 0
brake_0p5g 193 -8 16423 -8231 0 8202 16408 0
brake_0p5g 194 -39 16369 -8244 0 8207 16403 0
brake_0p5g 195 -26 16418 -8151 0 8200 16404 0
brake_0p5g 196 -17 16359 -8186 0 8198 16398 0
brake_0p5g 197 37 16443 -8158 0 8193 16403 0
brake_0p5g 198 75 16415 -8198 0 8193 16404 0
brake_0p5g 199 38 16385 -8275 0 8203 16401 0
brake_0p5g 200 -75 16507 -8181 0 8200 16414 0
brake_0p5g 201 -24 16276 -8121 0 8190 16396 0
brake_0p5g 202 48 16384 -8266 0 8199 16394 0
brake_0p5g 203 12 16413 -8223 0 8202 16396 0
brake_0p5g 204 21 16423 -8177 0 8198 16399 0
brake_0p5g 205 5 16381 -8154 0 8192 16396 0
brake_0p5g 206 -105 16285 -8305 0 8206 16382 0
brake_0p5g 207 -56 16348 -8309 0 8218 16377 0
brake_0p5g 208 -60 16357 -8147 0 8209 16374 0
brake_0p5g 209 -52 16392 -8213 0 8209 16376 0
brake_0p5g 210 4 16331 -8231 0 8211 16370 0
brake_0p5g 211 2 16396 -8174 0 8206 16373 0
brake_0p5g 212 61 16482 -8130 0 8196 16386 0
brake_0p5g 213 34 16336 -8218 0 8198 16379 0
brake_0p5g 214 60 16407 -8223 0 8201 16382 0
brake_0p5g 215 79 16464 -8158 0 8195 16392 0
brake_0p5g 216 57 16431 -8203 0 8196 16396 0
brake_0p5g 217 54 16398 -8138 0 8188 16396 0
brake_0p5g 218 62 16320 -8193 0 8188 16386 0
brake_0p5g 219 -18 16369 -8235 0 8193 16383 0
brake_0p5g 220 -10 16354 -8309 0 8207 16379 0
brake_0p5g 221 61 16365 -8246 0 8211 16377 0
brake_0p5g 222 0 16299 -8221 0 8212 16367 0
brake_0p5g 223 -95 16410 -8219 0 8212 16372 0
brake_0p5g 224 76 16413 -8147 0 8203 16377 0
brake_0p5g 225 61 16348 -8224 0 8205 16373 0
brake_0p5g 226 -98 16244 -8226 0 8207 16356 0
brake_0p5g 227 -27 16396 -8216 0 8208 16361 0
brake_0p5g 228 -97 16427 -8205 0 8207 16369 0
brake_0p5g 229 3 16393 -8220 0 8208 16372 0
brake_0p5g 230 -84 16295 -8157 0 8201 16362 0
brake_0p5g 231 -92 16395 -8071 0 8184 16366 0
brake_0p5g 232 -100 16441 -8228 0 8189 16375 0
brake_0p5g 233 -14 16387 -8120 0 8180 16376 0
brake_0p5g 234 -22 16348 -8140 0 8175 16372 0
brake_0p5g 235 -8 16296 -8229 0 8181 16362 0
brake_0p5g 236 45 16345 -8147 0 8176 16359 0
brake_0p5g 237 -65 16438 -8282 0 8189 16368 0
brake_0p5g 238 -7 16412 -8275 0 8199 16373 0
brake_0p5g 239 -28 16544 -8169 0 8195 16394 0
brake_0p5g 240 -8 16393 -8264 0 8203 16393 0
brake_0p5g 241 64 16325 -8156 0 8197 16384 0
brake_0p5g 242 -7 16371 -8238 0 8202 16382 0
brake_0p5g 243 17 16350 -8223 0 8204 16378 0
brake_0p5g 244 36 16255 -8118 0 8193 16362 0
brake_0p5g 245 -70 16382 -8149 0 8187 16364 0
brake_0p5g 246 -47 16471 -8186 0 8186 16377 0
brake_0p5g 247 -37 16396 -8216 0 8189 16379 0
brake_0p5g 248 -103 16414 -8213 0 8192 16383 0
brake_0p5g 249 -29 16435 -8310 0 8206 16389 0
brake_0p5g 250 -81 16374 -8247 0 8211 16387 0
brake_0p5g 251 -57 16395 -8164 0 8205 16388 0
brake_0p5g 252 -28 16470 -8152 0 8198 16398 0
brake_0p5g 253 -8 16383 -8156 0 8192 16396 0
brake_0p5g 254 -49 16365 -8211 0 8194 16392 0
brake_0p5g 255 -26 16347 -8183 0 8192 16386 0
brake_0p5g 256 0 16429 -8113 0 8182 16391 0
brake_0p5g 257 -27 16385 -8150 0 8178 16390 0
brake_0p5g 258 -33 16413 -8249 0 8186 16392 0
brake_0p5g 259 18 16347 -8139 0 8180 16386 0
brake_0p5g 260 22 16427 -8188 0 8181 16391 0
brake_0p5g 261 -18 16465 -8194 0 8182 16400 0
brake_0p5g 262 -20 16388 -8233 0 8188 16398 0
brake_0p5g 263 -10 16384 -8206 0 8190 16396 0
brake_0p5g 264 42 16376 -8163 0 8186 16393 0
brake_0p5g 265 -5 16365 -8244 0 8193 16389 0
brake_0p5g 266 15 16376 -8192 0 8192 16387 0
brake_0p5g 267 -44 16363 -8233 0 8197 16384 0
brake_0p5g 268 -66 16273 -8178 0 8194 16370 0
brake_0p5g 269 45 16442 -8122 0 8185 16379 0
brake_0p5g 270 -16 16365 -8173 0 8183 16377 0
brake_0p5g 271 13 16282 -8206 0 8185 16365 0
brake_0p5g 272 40 16376 -8119 0 8176 16366 0
brake_0p5g 273 -47 16447 -8182 0 8176 16376 0
brake_0p5g 274 -9 16458 -8154 0 8173 16386 0
brake_0p5g 275 42 16376 -8245 0 8182 16384 0
brake_0p5g 276 40 16298 -8202 0 8184 16373 0
brake_0p5g 277 64 16359 -8140 0 8178 16371 0
brake_0p5g 278 132 16382 -8276 0 8190 16372 0
brake_0p5g 279 -95 16373 -8187 0 8189 16372 0
brake_0p5g 280 79 16499 -8139 0 8182 16387 0
brake_0p5g 281 -2 16375 -8138 0 8176 16385 0
brake_0p5g 282 -42 16432 -8208 0 8180 16390 0
brake_0p5g 283 -4 16388 -8128 0 8173 16389 0
brake_0p5g 284 -46 16361 -8175 0 8173 16385 0
brake_0p5g 285 0 16380 -8190 0 8175 16384 0
brake_0p5g 286 15 16421 -8233 0 8182 16388 0
brake_0p5g 287 -126 16440 -8195 0 8183 16394 0
brake_0p5g 288 -30 16322 -8200 0 8185 16385 0
brake_0p5g 289 -29 16410 -8127 0 8177 16388 0
brake_0p5g 290 -31 16407 -8241 0 8185 16390 0
brake_0p5g 291 -94 16320 -8250 0 8193 16381 0
brake_0p5g 292 43 16391 -8208 0 8194 16382 0
brake_0p5g 293 -77 16290 -8267 0 8203 16370 0
brake_0p5g 294 -13 16358 -8262 0 8210 16368 0
brake_0p5g 295 28 16431 -8185 0 8206 16375 0
brake_0p5g 296 -21 16355 -8186 0 8203 16372 0
brake_0p5g 297 -38 16427 -8167 0 8198 16378 0
brake_0p5g 298 12 16389 -8214 0 8200 16379 0
brake_0p5g 299 26 16391 -8205 0 8200 16380 0
brake_0p5g 300 -43 16404 -8203 0 8200 16383 0
brake_0p5g 301 12 16372 -8121 0 8190 16381 0
brake_0p5g 302 -48 16326 -8194 0 8190 16374 0
brake_0p5g 303 -16 16477 -8156 0 8185 16386 0
brake_0p5g 304 45 16443 -8247 0 8192 16393 0
brake_0p5g 305 -15 16381 -8175 0 8189 16391 0
brake_0p5g 306 82 16413 -8260 0 8197 16393 0
brake_0p5g 307 110 16419 -8261 0 8205 16396 0
brake_0p5g 308 46 16410 -8216 0 8206 16397 0
brake_0p5g 309 4 16404 -8293 0 8216 16397 0
brake_0p5g 310 37 16411 -8185 0 8212 16398 0
brake_0p5g 311 -56 16404 -8161 0 8205 16398 0
brake_0p5g 312 51 16290 -8179 0 8201 16384 0
brake_0p5g 313 -49 16407 -8270 0 8209 16386 0
brake_0p5g 314 -34 16254 -8237 0 8212 16369 0
brake_0p5g 315 46 16340 -8255 0 8217 16365 0
brake_0p5g 316 -45 16351 -8242 0 8220 16363 0
brake_0p5g 317 -16 16369 -8197 0 8217 16363 0
brake_0p5g 318 99 16306 -8135 0 8206 16355 0
brake_0p5g 319 55 16269 -8122 0 8195 16344 0
brake_0p5g 320 88 16416 -8265 0 8203 16353 0
brake_0p5g 321 -41 16386 -8131 0 8194 16357 0
brake_0p5g 322 1 16336 -8146 0 8188 16354 0
brake_0p5g 323 55 16415 -8166 0 8185 16361 0
brake_0p5g 324 4 16360 -8237 0 8191 16360 0
brake_0p5g 325 4 16465 -8051 0 8173 16373 0
brake_0p5g 326 -50 16334 -8212 0 8177 16368 0
brake_0p5g 327 -42 16305 -8139 0 8172 16360 0
brake_0p5g 328 -21 16296 -8208 0 8176 16352 0
brake_0p5g 329 50 16401 -8212 0 8180 16358 0
brake_0p5g 330 -11 16418 -8120 0 8172 16365 0
brake_0p5g 331 31 16408 -8173 0 8172 16370 0
brake_0p5g 332 -48 16411 -8201 0 8175 16375 0
brake_0p5g 333 17 16353 -8188 0 8176 16372 0
brake_0p5g 334 -9 16282 -8214 0 8180 16360 0
brake_0p5g 335 4 16337 -8308 0 8196 16357 0
brake_0p5g 336 -11 16419 -8200 0 8196 16364 0
brake_0p5g 337 43 16313 -8178 0 8193 16357 0
brake_0p5g 338 -2 16241 -8191 0 8192 16342 0
brake_0p5g 339 43 16355 -8229 0 8196 16343 0
brake_0p5g 340 -75 16429 -8179 0 8193 16353 0
brake_0p5g 341 -40 16414 -8192 0 8192 16360 0
brake_0p5g 342 81 16464 -8168 0 8189 16373 0
brake_0p5g 343 -38 16450 -8208 0 8191 16382 0
brake_0p5g 344 2 16379 -8198 0 8191 16381 0
brake_0p5g 345 0 16348 -8214 0 8193 16376 0
brake_0p5g 346 -26 16302 -8300 0 8206 16366 0
brake_0p5g 347 -14 16379 -8199 0 8205 16367 0
brake_0p5g 348 7 16398 -8201 0 8204 16370 0
brake_0p5g 349 -22 16358 -8203 0 8203 16368 0
brake_0p5g 350 -46 16337 -8232 0 8206 16364 0
brake_0p5g 351 -17 16367 -8171 0 8201 16364 0
brake_0p5g 352 -20 16349 -8219 0 8203 16362 0
brake_0p5g 353 60 16413 -8145 0 8195 16368 0
brake_0p5g 354 6 16414 -8185 0 8193 16373 0
brake_0p5g 355 -19 16339 -8220 0 8196 16368 0
brake_0p5g 356 -66 16369 -8233 0 8200 16368 0
brake_0p5g 357 41 16456 -8160 0 8195 16379 0
brake_0p5g 358 -16 16406 -8269 0 8204 16382 0
brake_0p5g 359 -1 16286 -8267 0 8211 16370 0
brake_0p5g 360 9 16407 -8143 0 8202 16374 0
brake_0p5g 361 -37 16429 -8245 0 8207 16380 0
brake_0p5g 362 -25 16384 -8195 0 8205 16380 0
brake_0p5g 363 67 16358 -8203 0 8204 16377 0
brake_0p5g 364 -21 16385 -8240 0 8208 16378 0
brake_0p5g 365 -40 16297 -8147 0 8200 16367 0
brake_0p5g 366 -10 16475 -8211 0 8201 16380 0
brake_0p5g 367 90 16392 -8242 0 8206 16381 0
brake_0p5g 368 -3 16423 -8164 0 8200 16386 0
brake_0p5g 369 58 16372 -8110 0 8188 16384 0
brake_0p5g 370 35 16378 -8205 0 8190 16383 0
brake_0p5g 371 -6 16350 -8130 0 8182 16378 0
brake_0p5g 372 13 16349 -8182 0 8182 16374 0
brake_0p5g 373 -34 16386 -8176 0 8181 16375 0
brake_0p5g 374 58 16393 -8196 0 8182 16377 0
brake_0p5g 375 -26 16372 -8224 0 8187 16376 0
brake_0p5g 376 -36 16342 -8169 0 8184 16371 0
brake_0p5g 377 104 16332 -8165 0 8181 16366 0
brake_0p5g 378 -3 16380 -8158 0 8178 16367 0
brake_0p5g 379 111 16488 -8255 0 8187 16382 0
brake_0p5g 380 58 16371 -8168 0 8184 16380 0
brake_0p5g 381 -18 16436 -8259 0 8193 16387 0
brake_0p5g 382 -4 16374 -8223 0 8196 16385 0
brake_0p5g 383 -21 16437 -8250 0 8202 16391 0
brake_0p5g 384 51 16415 -8159 0 8196 16394 0
brake_0p5g 385 -5 16357 -8221 0 8199 16389 0
brake_0p5g 386 16 16445 -8191 0 8198 16396 0
brake_0p5g 387 50 16352 -8217 0 8200 16390 0
brake_0p5g 388 1 16378 -8131 0 8191 16388 0
brake_0p5g 389 10 16373 -8169 0 8188 16386 0
brake_0p5g 390 69 16431 -8093 0 8176 16391 0
brake_0p5g 391 35 16293 -8213 0 8180 16378 0
brake_0p5g 392 -4 16382 -8143 0 8175 16378 0
brake_0p5g 393 28 16390 -8126 0 8168 16379 0
brake_0p5g 394 -37 16394 -8271 0 8180 16380 0
brake_0p5g 395 76 16304 -8153 0 8176 16370 0
brake_0p5g 396 7 16393 -8179 0 8176 16372 0
brake_0p5g 397 -12 16510 -8189 0 8177 16389 0
brake_0p5g 398 -22 16497 -8151 0 8173 16402 0
brake_0p5g 399 -53 16409 -8191 0 8175 16402 0
brake_0p5g 400 43 16379 -2 0 7153 16399 0
brake_0p5g 401 2 16349 85 0 6248 16392 0
brake_0p5g 402 21 16400 12 0 5465 16393 0
brake_0p5g 403 11 16366 48 0 4775 16389 0
brake_0p5g 404 3 16331 1 0 4178 16381 0
brake_0p5g 405 16 16427 -26 0 3659 16386 0
brake_0p5g 406 -57 16416 24 0 3198 16389 0
brake_0p5g 407 50 16415 28 0 2794 16392 0
brake_0p5g 408 -25 16397 -19 0 2447 16392 0
brake_0p5g 409 35 16359 -6 0 2141 16387 0
brake_0p5g 410 -21 16356 -51 0 1879 16383 0
brake_0p5g 411 134 16355 -36 0 1648 16379 0
brake_0p5g 412 4 16366 -47 0 1447 16377 0
brake_0p5g 413 47 16357 -20 0 1268 16374 0
brake_0p5g 414 57 16392 42 0 1104 16376 0
brake_0p5g 415 53 16346 38 0 961 16372 0
brake_0p5g 416 40 16405 29 0 837 16376 0
brake_0p5g 417 -41 16345 -21 0 735 16372 0
brake_0p5g 418 -8 16347 110 0 629 16368 0
brake_0p5g 419 26 16412 99 0 538 16373 0
brake_0p5g 420 25 16403 -13 0 472 16376 0
brake_0p5g 421 -85 16447 26 0 409 16384 0
brake_0p5g 422 -24 16404 -20 0 360 16386 0
brake_0p5g 423 -51 16383 -43 0 320 16385 0
brake_0p5g 424 -78 16323 -71 0 288 16377 0
brake_0p5g 425 16 16387 -21 0 254 16378 0
brake_0p5g 426 -47 16368 63 0 214 16376 0
brake_0p5g 427 -23 16357 -37 0 191 16373 0
brake_0p5g 428 -26 16320 112 0 153 16366 0
brake_0p5g 429 37 16391 -10 0 135 16369 0
brake_0p5g 430 -19 16323 -45 0 123 16363 0
brake_0p5g 431 -74 16470 -22 0 110 16376 0
brake_0p5g 432 23 16342 -11 0 97 16371 0
brake_0p5g 433 39 16323 -68 0 93 16365 0
brake_0p5g 434 -16 16371 -44 0 86 16365 0
brake_0p5g 435 -38 16297 5 0 74 16356 0
brake_0p5g 436 -28 16447 33 0 60 16367 0
brake_0p5g 437 2 16374 17 0 50 16367 0
brake_0p5g 438 78 16450 -73 0 52 16377 0
brake_0p5g 439 -21 16423 -40 0 50 16382 0
brake_0p5g 440 110 16284 44 0 38 16369 0
brake_0p5g 441 61 16339 -36 0 37 16365 0
brake_0p5g 442 -31 16441 14 0 30 16374 0
brake_0p5g 443 32 16373 76 0 16 16373 0
brake_0p5g 444 77 16412 -30 0 17 16377 0
brake_0p5g 445 51 16339 30 0 11 16372 0
brake_0p5g 446 -35 16397 15 0 7 16375 0
brake_0p5g 447 -53 16286 33 0 2 16363 0
brake_0p5g 448 -11 16383 -41 0 6 16365 0
brake_0p5g 449 -3 16360 20 0 2 16364 0
brake_0p5g 450 -58 16394 6 0 1 16367 0
brake_0p5g 451 95 16401 -61 0 8 16371 0
brake_0p5g 452 -84 16379 0 0 7 16372 0
brake_0p5g 453 13 16305 12 0 4 16363 0
brake_0p5g 454 29 16452 -47 0 9 16374 0
brake_0p5g 455 -40 16332 -82 0 18 16368 0
brake_0p5g 456 -54 16397 20 0 13 16371 0
brake_0p5g 457 -37 16389 23 0 8 16373 0
brake_0p5g 458 -96 16419 26 0 3 16378 0
brake_0p5g 459 80 16366 -68 0 11 16376 0
brake_0p5g 460 -29 16353 -9 0 10 16373 0
brake_0p5g 461 -17 16422 68 0 0 16379 0
brake_0p5g 462 -55 16342 -18 0 2 16374 0
brake_0p5g 463 -12 16360 3 0 1 16372 0
brake_0p5g 464 81 16434 -17 0 3 16379 0
brake_0p5g 465 -5 16388 -69 0 11 16380 0
brake_0p5g 466 -60 16337 19 0 7 16374 0
brake_0p5g 467 -97 16409 -111 0 20 16378 0
brake_0p5g 468 38 16433 8 0 16 16384 0
brake_0p5g 469 4 16414 -46 0 19 16387 0
brake_0p5g 470 5 16404 -64 0 24 16389 0
brake_0p5g 471 21 16447 -38 0 25 16396 0
brake_0p5g 472 -1 16376 5 0 21 16393 0
brake_0p5g 473 40 16344 -41 0 23 16386 0
brake_0p5g 474 -24 16357 -9 0 21 16382 0
brake_0p5g 475 -66 16391 -33 0 22 16383 0
brake_0p5g 476 -50 16356 -41 0 24 16379 0
brake_0p5g 477 -69 16385 -42 0 26 16379 0
brake_0p5g 478 0 16291 72 0 13 16368 0
brake_0p5g 479 74 16437 -9 0 12 16376 0
brake_0p5g 480 -26 16300 11 0 9 16366 0
brake_0p5g 481 -69 16374 -70 0 16 16367 0
brake_0p5g 482 71 16298 -28 0 17 16358 0
brake_0p5g 483 31 16411 -14 0 16 16364 0
brake_0p5g 484 -76 16443 -12 0 15 16373 0
brake_0p5g 485 5 16489 -38 0 17 16387 0
brake_0p5g 486 56 16339 -14 0 16 16381 0
brake_0p5g 487 33 16338 70 0 5 16375 0
brake_0p5g 488 63 16398 19 0 2 16377 0
brake_0p5g 489 -47 16339 -31 0 5 16372 0
brake_0p5g 490 50 16374 -69 0 13 16372 0
brake_0p5g 491 58 16328 -23 0 14 16366 0
brake_0p5g 492 -91 16351 -109 0 25 16364 0
brake_0p5g 493 25 16435 61 0 14 16372 0
brake_0p5g 494 30 16395 -17 0 14 16374 0
brake_0p5g 495 29 16478 60 0 4 16387 0
brake_0p5g 496 4 16373 -74 0 12 16385 0
brake_0p5g 497 -61 16336 53 0 3 16378 0
brake_0p5g 498 90 16490 -3 0 3 16392 0
brake_0p5g 499 52 16373 -29 0 6 16389 0
brake_0p7g 0 18 16386 23 0 -3 2048 0
brake_0p7g 1 -1 16395 -24 0 0 3841 0
brake_0p7g 2 -3 16360 -5 0 0 5405 0
brake_0p7g 3 19 16367 75 0 -10 6775 0
brake_0p7g 4 -90 16442 -18 0 -7 7983 0
brake_0p7g 5 39 16387 -32 0 -3 9033 0
brake_0p7g 6 -2 16304 12 0 -5 9941 0
brake_0p7g 7 73 16312 46 0 -11 10737 0
brake_0p7g 8 18 16421 6 0 -11 11447 0
brake_0p7g 9 68 16366 -11 0 -9 12061 0
brake_0p7g 10 -42 16465 -49 0 -2 12611 0
brake_0p7g 11 -51 16364 23 0 -5 13080 0
brake_0p7g 12 -48 16352 -25 0 -2 13489 0
brake_0p7g 13 -17 16317 -38 0 3 13842 0
brake_0p7g 14 -58 16359 4 0 2 14156 0
brake_0p7g 15 67 16297 -32 0 5 14423 0
brake_0p7g 16 -4 16371 -21 0 7 14666 0
brake_0p7g 17 -108 16354 13 0 4 14877 0
brake_0p7g 18 -106 16347 47 0 -3 15060 0
brake_0p7g 19 5 16364 -6 0 -2 15223 0
brake_0p7g 20 -30 16425 -26 0 1 15373 0
brake_0p7g 21 -58 16387 -2 0 1 15499 0
brake_0p7g 22 -76 16451 -20 0 3 15618 0
brake_0p7g 23 -34 16457 -1 0 2 15722 0
brake_0p7g 24 -63 16388 -52 0 8 15805 0
brake_0p7g 25 -27 16453 -35 0 11 15886 0
brake_0p7g 26 49 16417 0 0 9 15952 0
brake_0p7g 27 -3 16366 47 0 2 16003 0
brake_0p7g 28 65 16338 10 0 0 16044 0
brake_0p7g 29 25 16419 9 0 -2 16090 0
brake_0p7g 30 -3 16487 0 0 -2 16139 0
brake_0p7g 31 -49 16366 -31 0 2 16167 0
brake_0p7g 32 -93 16318 37 0 -3 16185 0
brake_0p7g 33 -19 16406 96 0 -15 16212 0
brake_0p7g 34 48 16376 -22 0 -11 16232 0
brake_0p7g 35 -2 16376 -8 0 -9 16250 0
brake_0p7g 36 111 16363 -5 0 -8 16264 0
brake_0p7g 37 42 16358 -10 0 -6 16275 0
brake_0p7g 38 29 16392 54 0 -12 16289 0
brake_0p7g 39 -1 16347 25 0 -14 16296 0
brake_0p7g 40 -30 16378 0 0 -13 16306 0
brake_0p7g 41 26 16378 38 0 -17 16315 0
brake_0p7g 42 -63 16410 -24 0 -12 16326 0
brake_0p7g 43 120 16331 -22 0 -8 16326 0
brake_0p7g 44 36 16384 -26 0 -4 16333 0
brake_0p7g 45 11 16339 76 0 -13 16333 0
brake_0p7g 46 -24 16327 -74 0 -3 16332 0
brake_0p7g 47 54 16388 -39 0 2 16339 0
brake_0p7g 48 63 16287 -13 0 3 16332 0
brake_0p7g 49 -58 16375 -50 0 8 16337 0
brake_0p7g 50 -12 16462 -15 0 8 16352 0
brake_0p7g 51 108 16323 26 0 3 16348 0
brake_0p7g 52 97 16398 18 0 0 16354 0
brake_0p7g 53 -6 16311 -47 0 5 16348 0
brake_0p7g 54 -20 16333 -47 0 10 16346 0
brake_0p7g 55 -10 16327 -7 0 9 16343 0
brake_0p7g 56 -4 16387 -13 0 9 16348 0
brake_0p7g 57 -81 16336 -39 0 12 16346 0
brake_0p7g 58 2 16373 -8 0 11 16349 0
brake_0p7g 59 36 16391 39 0 4 16354 0
brake_0p7g 60 16 16439 22 0 0 16364 0
brake_0p7g 61 -57 16391 21 0 -3 16367 0
brake_0p7g 62 -22 16323 39 0 -8 16361 0
brake_0p7g 63 -12 16396 56 0 -14 16365 0
brake_0p7g 64 -52 16452 13 0 -14 16375 0
brake_0p7g 65 -61 16448 79 0 -23 16384 0
brake_0p7g 66 60 16418 122 0 -36 16388 0
brake_0p7g 67 -29 16372 -3 0 -32 16386 0
brake_0p7g 68 41 16373 9 0 -30 16384 0
brake_0p7g 69 27 16417 -29 0 -23 16388 0
brake_0p7g 70 -23 16362 -125 0 -5 16384 0
brake_0p7g 71 -29 16473 2 0 -5 16395 0
brake_0p7g 72 -14 16383 39 0 -10 16393 0
brake_0p7g 73 -60 16415 -2 0 -9 16395 0
brake_0p7g 74 72 16314 70 0 -17 16384 0
brake_0p7g 75 18 16390 39 0 -20 16384 0
brake_0p7g 76 -50 16335 -59 0 -11 16377 0
brake_0p7g 77 23 16358 66 0 -18 16374 0
brake_0p7g 78 -26 16382 96 0 -28 16375 0
brake_0p7g 79 -41 16479 -34 0 -21 16388 0
brake_0p7g 80 -60 16336 -18 0 -17 16381 0
brake_0p7g 81 -2 16389 48 0 -21 16382 0
brake_0p7g 82 -6 16510 33 0 -23 16398 0
brake_0p7g 83 -8 16347 86 0 -31 16391 0
brake_0p7g 84 -126 16435 26 0 -31 16396 0
brake_0p7g 85 -11 16329 2 0 -28 16387 0
brake_0p7g 86 -30 16413 35 0 -29 16390 0
brake_0p7g 87 35 16434 -8 0 -25 16395 0
brake_0p7g 88 51 16438 -10 0 -21 16400 0
brake_0p7g 89 36 16407 21 0 -21 16400 0
brake_0p7g 90 -17 16356 -44 0 -13 16394 0
brake_0p7g 91 -17 16454 -64 0 -4 16401 0
brake_0p7g 92 -20 16408 -14 0 -2 16401 0
brake_0p7g 93 -15 16429 43 0 -8 16404 0
brake_0p7g 94 -98 16315 -54 0 -1 16392 0
brake_0p7g 95 61 16408 -17 0 1 16394 0
brake_0p7g 96 -2 16453 -18 0 3 16401 0
brake_0p7g 97 2 16369 -25 0 5 16397 0
brake_0p7g 98 -14 16263 -25 0 7 16380 0
brake_0p7g 99 -92 16456 -96 0 18 16389 0
brake_0p7g 100 -54 16366 -11416 0 1442 16386 0
brake_0p7g 101 -80 16415 -11395 0 2686 16389 0
brake_0p7g 102 -45 16447 -11496 0 3787 16396 0
brake_0p7g 103 -80 16417 -11490 0 4749 16398 0
brake_0p7g 104 -63 16371 -11453 0 5587 16394 0
brake_0p7g 105 -24 16373 -11462 0 6321 16391 0
brake_0p7g 106 -11 16380 -11484 0 6966 16389 0
brake_0p7g 107 -42 16448 -11477 0 7529 16396 0
brake_0p7g 108 48 16347 -11462 0 8020 16389 0
brake_0p7g 109 60 16387 -11457 0 8449 16388 0
brake_0p7g 110 66 16344 -11500 0 8830 16382 0
brake_0p7g 111 87 16426 -11510 0 9165 16387 0
brake_0p7g 112 57 16358 -11440 0 9449 16383 0
brake_0p7g 113 -70 16416 -11566 0 9713 16387 0
brake_0p7g 114 -94 16374 -11466 0 9932 16385 0
brake_0p7g 115 17 16447 -11459 0 10122 16392 0
brake_0p7g 116 -2 16417 -11414 0 10283 16395 0
brake_0p7g 117 10 16296 -11466 0 10430 16382 0
brake_0p7g 118 -118 16413 -11463 0 10559 16385 0
brake_0p7g 119 18 16445 -11493 0 10675 16392 0
brake_0p7g 120 -128 16433 -11522 0 10780 16397 0
brake_0p7g 121 83 16378 -11336 0 10849 16394 0
brake_0p7g 122 -24 16436 -11405 0 10918 16399 0
brake_0p7g 123 27 16373 -11418 0 10980 16395 0
brake_0p7g 124 -9 16417 -11556 0 11052 16397 0
brake_0p7g 125 -30 16345 -11402 0 11095 16390 0
brake_0p7g 126 -14 16438 -11468 0 11141 16396 0
brake_0p7g 127 -33 16311 -11422 0 11176 16385 0
brake_0p7g 128 28 16447 -11517 0 11218 16392 0
brake_0p7g 129 -10 16371 -11442 0 11246 16389 0
brake_0p7g 130 22 16338 -11444 0 11270 16382 0
brake_0p7g 131 23 16337 -11521 0 11301 16376 0
brake_0p7g 132 7 16393 -11401 0 11313 16378 0
brake_0p7g 133 21 16365 -11474 0 11333 16376 0
brake_0p7g 134 45 16440 -11502 0 11354 16384 0
brake_0p7g 135 -3 16363 -11432 0 11363 16381 0
brake_0p7g 136 37 16382 -11449 0 11373 16381 0
brake_0p7g 137 -8 16303 -11430 0 11380 16371 0
brake_0p7g 138 -45 16469 -11525 0 11398 16383 0
brake_0p7g 139 -4 16360 -11509 0 11411 16380 0
brake_0p7g 140 -15 16381 -11489 0 11420 16380 0
brake_0p7g 141 24 16374 -11514 0 11431 16379 0
brake_0p7g 142 65 16384 -11447 0 11433 16379 0
brake_0p7g 143 41 16440 -11464 0 11436 16386 0
brake_0p7g 144 33 16316 -11503 0 11444 16377 0
brake_0p7g 145 117 16460 -11475 0 11447 16387 0
brake_0p7g 146 -46 16369 -11454 0 11447 16384 0
brake_0p7g 147 35 16320 -11459 0 11448 16376 0
brake_0p7g 148 -112 16388 -11423 0 11444 16377 0
brake_0p7g 149 35 16443 -11450 0 11444 16385 0
brake_0p7g 150 3 16395 -11462 0 11446 16386 0
brake_0p7g 151 146 16487 -11455 0 11447 16398 0
brake_0p7g 152 -2 16345 -11399 0 11441 16391 0
brake_0p7g 153 85 16426 -11563 0 11456 16395 0
brake_0p7g 154 45 16376 -11438 0 11453 16392 0
brake_0p7g 155 5 16355 -11511 0 11460 16387 0
brake_0p7g 156 12 16342 -11502 0 11465 16381 0
brake_0p7g 157 -12 16393 -11467 0 11465 16382 0
brake_0p7g 158 83 16355 -11465 0 11465 16378 0
brake_0p7g 159 -77 16408 -11428 0 11460 16381 0
brake_0p7g 160 -57 16419 -11472 0 11461 16385 0
brake_0p7g 161 21 16346 -11472 0 11462 16380 0
brake_0p7g 162 120 16353 -11402 0 11454 16376 0
brake_0p7g 163 -17 16432 -11465 0 11455 16383 0
brake_0p7g 164 -15 16371 -11516 0 11462 16381 0
brake_0p7g 165 39 16404 -11482 0 11464 16383 0
brake_0p7g 166 -10 16381 -11408 0 11457 16382 0
brake_0p7g 167 -82 16420 -11470 0 11458 16386 0
brake_0p7g 168 25 16307 -11507 0 11464 16376 0
brake_0p7g 169 -20 16453 -11542 0 11473 16385 0
brake_0p7g 170 48 16326 -11419 0 11466 16377 0
brake_0p7g 171 -58 16474 -11473 0 11466 16389 0
brake_0p7g 172 19 16387 -11460 0 11465 16388 0
brake_0p7g 173 58 16355 -11440 0 11461 16383 0
brake_0p7g 174 -5 16386 -11483 0 11463 16383 0
brake_0p7g 175 9 16324 -11470 0 11463 16375 0
brake_0p7g 176 68 16369 -11502 0 11467 16374 0
brake_0p7g 177 -46 16354 -11516 0 11473 16371 0
brake_0p7g 178 25 16380 -11467 0 11472 16372 0
brake_0p7g 179 63 16409 -11475 0 11472 16376 0
brake_0p7g 180 -10 16417 -11452 0 11469 16381 0
brake_0p7g 181 -9 16386 -11381 0 11458 16381 0
brake_0p7g 182 27 16427 -11509 0 11464 16386 0
brake_0p7g 183 85 16467 -11513 0 11470 16396 0
brake_0p7g 184 -86 16334 -11497 0 11473 16388 0
brake_0p7g 185 -76 16359 -11467 0 11472 16384 0
brake_0p7g 186 43 16411 -11446 0 11468 16387 0
brake_0p7g 187 -114 16414 -11514 0 11473 16390 0
brake_0p7g 188 -4 16281 -11458 0 11471 16376 0
brake_0p7g 189 37 16432 -11507 0 11475 16383 0
brake_0p7g 190 105 16308 -11468 0 11474 16373 0
brake_0p7g 191 -52 16471 -11522 0 11480 16385 0
brake_0p7g 192 -38 16404 -11486 0 11480 16387 0
brake_0p7g 193 5 16343 -11477 0 11479 16381 0
brake_0p7g 194 -3 16337 -11416 0 11471 16375 0
brake_0p7g 195 73 16359 -11426 0 11465 16373 0
brake_0p7g 196 115 16329 -11435 0 11461 16367 0
brake_0p7g 197 36 16344 -11454 0 11460 16364 0
brake_0p7g 198 -30 16320 -11489 0 11463 16358 0
brake_0p7g 199 23 16414 -11552 0 11474 16365 0
brake_0p7g 200 58 16425 -11358 0 11459 16372 0
brake_0p7g 201 77 16355 -11441 0 11456 16369 0
brake_0p7g 202 -53 16389 -11516 0 11463 16371 0
brake_0p7g 203 51 16406 -11541 0 11472 16375 0
brake_0p7g 204 -40 16389 -11457 0 11470 16376 0
brake_0p7g 205 77 16393 -11467 0 11469 16378 0
brake_0p7g 206 -16 16422 -11479 0 11470 16383 0
brake_0p7g 207 -72 16385 -11495 0 11473 16383 0
brake_0p7g 208 -27 16271 -11457 0 11471 16369 0
brake_0p7g 209 -27 16340 -11439 0 11467 16365 0
brake_0p7g 210 -2 16443 -11461 0 11466 16374 0
brake_0p7g 211 -69 16367 -11536 0 11474 16373 0
brake_0p7g 212 74 16466 -11456 0 11471 16384 0
brake_0p7g 213 100 16457 -11412 0 11463 16393 0
brake_0p7g 214 7 16380 -11487 0 11466 16391 0
brake_0p7g 215 -15 16369 -11418 0 11460 16388 0
brake_0p7g 216 4 16255 -11470 0 11461 16371 0
brake_0p7g 217 20 16393 -11488 0 11464 16373 0
brake_0p7g 218 -30 16310 -11583 0 11478 16365 0
brake_0p7g 219 -17 16377 -11497 0 11480 16366 0
brake_0p7g 220 61 16306 -11493 0 11481 16358 0
brake_0p7g 221 40 16297 -11479 0 11480 16350 0
brake_0p7g 222 13 16447 -11395 0 11469 16362 0
brake_0p7g 223 148 16331 -11510 0 11474 16358 0
brake_0p7g 224 62 16515 -11430 0 11468 16377 0
brake_0p7g 225 -8 16449 -11466 0 11467 16386 0
brake_0p7g 226 -44 16490 -11469 0 11467 16399 0
brake_0p7g 227 -99 16354 -11425 0 11461 16393 0
brake_0p7g 228 85 16485 -11515 0 11467 16404 0
brake_0p7g 229 -21 16344 -11457 0 11465 16396 0
brake_0p7g 230 -1 16341 -11549 0 11475 16389 0
brake_0p7g 231 15 16323 -11464 0 11473 16380 0
brake_0p7g 232 -8 16447 -11505 0 11477 16388 0
brake_0p7g 233 -22 16307 -11453 0 11474 16377 0
brake_0p7g 234 53 16319 -11439 0 11469 16369 0
brake_0p7g 235 5 16430 -11541 0 11478 16376 0
brake_0p7g 236 -17 16351 -11445 0 11473 16372 0
brake_0p7g 237 45 16399 -11410 0 11465 16375 0
brake_0p7g 238 -11 16387 -11461 0 11464 16376 0
brake_0p7g 239 -44 16394 -11397 0 11455 16378 0
brake_0p7g 240 -67 16319 -11557 0 11467 16370 0
brake_0p7g 241 -28 16336 -11501 0 11471 16365 0
brake_0p7g 242 67 16476 -11434 0 11466 16378 0
brake_0p7g 243 72 16364 -11510 0 11471 16376 0
brake_0p7g 244 -42 16304 -11530 0 11478 16367 0
brake_0p7g 245 69 16401 -11346 0 11461 16371 0
brake_0p7g 246 -6 16368 -11463 0 11461 16370 0
brake_0p7g 247 51 16353 -11470 0 11462 16367 0
brake_0p7g 248 -27 16358 -11554 0 11473 16365 0
brake_0p7g 249 39 16359 -11527 0 11479 16364 0
brake_0p7g 250 69 16437 -11484 0 11479 16373 0
brake_0p7g 251 -74 16374 -11422 0 11471 16373 0
brake_0p7g 252 19 16341 -11529 0 11478 16369 0
brake_0p7g 253 -86 16409 -11457 0 11475 16374 0
brake_0p7g 254 9 16352 -11369 0 11461 16371 0
brake_0p7g 255 70 16377 -11492 0 11464 16371 0
brake_0p7g 256 15 16399 -11442 0 11461 16374 0
brake_0p7g 257 -6 16445 -11374 0 11450 16382 0
brake_0p7g 258 -81 16407 -11343 0 11436 16385 0
brake_0p7g 259 -65 16395 -11546 0 11449 16386 0
brake_0p7g 260 93 16367 -11490 0 11454 16383 0
brake_0p7g 261 -1 16422 -11454 0 11454 16387 0
brake_0p7g 262 -34 16328 -11474 0 11456 16379 0
brake_0p7g 263 -5 16369 -11416 0 11451 16377 0
brake_0p7g 264 -11 16305 -11450 0 11450 16368 0
brake_0p7g 265 -24 16410 -11440 0 11448 16373 0
brake_0p7g 266 -68 16438 -11440 0 11447 16381 0
brake_0p7g 267 10 16372 -11452 0 11447 16379 0
brake_0p7g 268 16 16356 -11500 0 11453 16376 0
brake_0p7g 269 -46 16465 -11477 0 11456 16387 0
brake_0p7g 270 -51 16337 -11357 0 11443 16380 0
brake_0p7g 271 -23 16394 -11498 0 11449 16381 0
brake_0p7g 272 83 16433 -11467 0 11451 16387 0
brake_0p7g 273 -68 16387 -11563 0 11465 16387 0
brake_0p7g 274 -68 16419 -11502 0 11469 16391 0
brake_0p7g 275 38 16334 -11492 0 11471 16383 0
brake_0p7g 276 37 16418 -11532 0 11478 16387 0
brake_0p7g 277 41 16362 -11431 0 11472 16383 0
brake_0p7g 278 41 16392 -11468 0 11471 16384 0
brake_0p7g 279 -8 16381 -11431 0 11466 16383 0
brake_0p7g 280 -9 16306 -11530 0 11474 16373 0
brake_0p7g 281 5 16338 -11398 0 11464 16368 0
brake_0p7g 282 -73 16312 -11463 0 11463 16361 0
brake_0p7g 283 30 16410 -11460 0 11462 16367 0
brake_0p7g 284 27 16407 -11510 0 11468 16372 0
brake_0p7g 285 28 16258 -11389 0 11458 16357 0
brake_0p7g 286 -93 16394 -11446 0 11456 16361 0
brake_0p7g 287 65 16313 -11446 0 11454 16355 0
brake_0p7g 288 60 16235 -11455 0 11454 16340 0
brake_0p7g 289 -21 16419 -11446 0 11453 16349 0
brake_0p7g 290 8 16352 -11499 0 11458 16349 0
brake_0p7g 291 -33 16395 -11422 0 11453 16354 0
brake_0p7g 292 -69 16316 -11426 0 11449 16349 0
brake_0p7g 293 -15 16348 -11503 0 11455 16348 0
brake_0p7g 294 -30 16370 -11446 0 11453 16350 0
brake_0p7g 295 -50 16277 -11477 0 11456 16340 0
brake_0p7g 296 -44 16364 -11467 0 11457 16343 0
brake_0p7g 297 -9 16406 -11476 0 11459 16350 0
brake_0p7g 298 -9 16349 -11429 0 11455 16349 0
brake_0p7g 299 -158 16407 -11501 0 11460 16356 0
brake_0p7g 300 59 16320 21 0 10024 16351 0
brake_0p7g 301 -174 16385 15 0 8769 16355 0
brake_0p7g 302 -13 16337 9 0 7671 16352 0
brake_0p7g 303 -25 16405 -51 0 6718 16358 0
brake_0p7g 304 -127 16368 22 0 5875 16359 0
brake_0p7g 305 28 16447 18 0 5138 16370 0
brake_0p7g 306 12 16369 66 0 4487 16369 0
brake_0p7g 307 -18 16355 -56 0 3933 16367 0
brake_0p7g 308 -94 16394 -7 0 3442 16370 0
brake_0p7g 309 -39 16313 9 0 3010 16362 0
brake_0p7g 310 -2 16446 -44 0 2639 16372 0
brake_0p7g 311 -78 16514 -34 0 2313 16389 0
brake_0p7g 312 -12 16436 -38 0 2028 16394 0
brake_0p7g 313 -45 16434 10 0 1773 16399 0
brake_0p7g 314 -55 16315 42 0 1546 16388 0
brake_0p7g 315 -52 16450 14 0 1351 16395 0
brake_0p7g 316 -16 16308 -44 0 1187 16384 0
brake_0p7g 317 25 16342 41 0 1033 16378 0
brake_0p7g 318 -27 16378 23 0 901 16378 0
brake_0p7g 319 -79 16376 -124 0 803 16377 0
brake_0p7g 320 -18 16390 -11 0 704 16378 0
brake_0p7g 321 -34 16430 -58 0 623 16384 0
brake_0p7g 322 17 16316 61 0 537 16375 0
brake_0p7g 323 4 16407 -12 0 471 16379 0
brake_0p7g 324 -7 16330 57 0 405 16372 0
brake_0p7g 325 37 16328 -38 0 359 16366 0
brake_0p7g 326 10 16393 29 0 310 16369 0
brake_0p7g 327 41 16429 13 0 269 16376 0
brake_0p7g 328 -33 16326 25 0 232 16369 0
brake_0p7g 329 -28 16363 71 0 194 16368 0
brake_0p7g 330 -66 16336 44 0 164 16364 0
brake_0p7g 331 -14 16418 24 0 140 16370 0
brake_0p7g 332 -82 16445 -23 0 125 16379 0
brake_0p7g 333 -25 16310 70 0 100 16370 0
brake_0p7g 334 9 16320 7 0 86 16363 0
brake_0p7g 335 -116 16382 -9 0 76 16365 0
brake_0p7g 336 -24 16412 -9 0 67 16370 0
brake_0p7g 337 -17 16409 34 0 54 16374 0
brake_0p7g 338 -54 16391 16 0 45 16376 0
brake_0p7g 339 9 16313 39 0 34 16368 0
brake_0p7g 340 22 16437 54 0 23 16376 0
brake_0p7g 341 35 16301 -9 0 21 16366 0
brake_0p7g 342 23 16415 -5 0 19 16372 0
brake_0p7g 343 84 16321 114 0 2 16365 0
brake_0p7g 344 -58 16352 -95 0 13 16363 0
brake_0p7g 345 -84 16374 23 0 8 16364 0
brake_0p7g 346 54 16382 -7 0 7 16366 0
brake_0p7g 347 90 16399 -22 0 8 16370 0
brake_0p7g 348 -42 16353 6 0 6 16367 0
brake_0p7g 349 -55 16367 -71 0 14 16367 0
brake_0p7g 350 50 16313 69 0 3 16360 0
brake_0p7g 351 57 16400 -26 0 5 16365 0
brake_0p7g 352 -21 16396 -34 0 8 16368 0
brake_0p7g 353 6 16276 20 0 4 16356 0
brake_0p7g 354 9 16446 37 0 -2 16367 0
brake_0p7g 355 -26 16450 -28 0 1 16377 0
brake_0p7g 356 -78 16526 -24 0 3 16395 0
brake_0p7g 357 -18 16329 -18 0 4 16386 0
brake_0p7g 358 -61 16394 45 0 -3 16387 0
brake_0p7g 359 0 16380 85 0 -14 16386 0
brake_0p7g 360 -22 16481 30 0 -16 16397 0
brake_0p7g 361 61 16376 11 0 -16 16394 0
brake_0p7g 362 38 16364 -20 0 -12 16390 0
brake_0p7g 363 -26 16340 -28 0 -7 16383 0
brake_0p7g 364 53 16398 72 0 -16 16384 0
brake_0p7g 365 -39 16402 79 0 -24 16386 0
brake_0p7g 366 -24 16383 60 0 -29 16385 0
brake_0p7g 367 -36 16433 104 0 -39 16391 0
brake_0p7g 368 -42 16322 44 0 -40 16382 0
brake_0p7g 369 -25 16391 -25 0 -32 16383 0
brake_0p7g 370 63 16349 -22 0 -26 16378 0
brake_0p7g 371 98 16325 3 0 -24 16371 0
brake_0p7g 372 55 16397 -4 0 -21 16374 0
brake_0p7g 373 14 16356 58 0 -26 16371 0
brake_0p7g 374 45 16419 -93 0 -12 16377 0
brake_0p7g 375 74 16423 15 0 -13 16382 0
brake_0p7g 376 140 16465 -46 0 -6 16392 0
brake_0p7g 377 27 16364 -22 0 -3 16388 0
brake_0p7g 378 -50 16296 -89 0 8 16376 0
brake_0p7g 379 18 16261 44 0 1 16361 0
brake_0p7g 380 46 16445 -20 0 3 16371 0
brake_0p7g 381 -42 16426 -49 0 8 16377 0
brake_0p7g 382 -47 16462 -60 0 14 16387 0
brake_0p7g 383 40 16348 -28 0 15 16382 0
brake_0p7g 384 12 16393 -18 0 15 16383 0
brake_0p7g 385 40 16346 87 0 2 16378 0
brake_0p7g 386 19 16378 2 0 1 16378 0
brake_0p7g 387 16 16400 41 0 -5 16380 0
brake_0p7g 388 -46 16356 23 0 -8 16377 0
brake_0p7g 389 3 16313 34 0 -12 16369 0
brake_0p7g 390 -96 16384 23 0 -14 16370 0
brake_0p7g 391 24 16335 -16 0 -11 16365 0
brake_0p7g 392 16 16404 65 0 -18 16369 0
brake_0p7g 393 32 16359 11 0 -18 16367 0
brake_0p7g 394 47 16390 89 0 -27 16369 0
brake_0p7g 395 -49 16409 -39 0 -19 16374 0
brake_0p7g 396 9 16346 -12 0 -16 16370 0
brake_0p7g 397 37 16409 -6 0 -14 16374 0
brake_0p7g 398 -4 16449 -84 0 -2 16383 0
brake_0p7g 399 -74 16370 57 0 -9 16381 0
dashboard_20deg 0 9 16364 50 0 -7 2045 0
dashboard_20deg 1 47 16368 -54 0 0 3835 0
dashboard_20deg 2 -46 16387 -25 0 3 5404 0
dashboard_20deg 3 -51 16334 26 0 -1 6770 0
dashboard_20deg 4 -29 16378 -80 0 9 7971 0
dashboard_20deg 5 29 16330 -112 0 21 9015 0
dashboard_20deg 6 -20 16392 -28 0 21 9937 0
dashboard_20deg 7 -27 16293 42 0 13 10731 0
dashboard_20deg 8 76 16330 -103 0 24 11430 0
dashboard_20deg 9 -39 16384 -182 0 43 12049 0
dashboard_20deg 10 33 16364 50 0 31 12588 0
dashboard_20deg 11 33 16411 51 0 20 13065 0
dashboard_20deg 12 85 16388 59 0 10 13480 0
dashboard_20deg 13 12 16379 34 0 4 13842 0
dashboard_20deg 14 24 16396 28 0 0 14161 0
dashboard_20deg 15 36 16394 -64 0 8 14440 0
dashboard_20deg 16 -19 16340 30 0 3 14677 0
dashboard_20deg 17 74 16432 -14 0 4 14896 0
dashboard_20deg 18 -49 16428 52 0 -3 15087 0
dashboard_20deg 19 -17 16340 0 0 -3 15243 0
dashboard_20deg 20 82 16377 -5 0 -2 15384 0
dashboard_20deg 21 -16 16395 16 0 -4 15510 0
dashboard_20deg 22 -64 16315 -105 0 9 15610 0
dashboard_20deg 23 -75 16315 31 0 4 15698 0
dashboard_20deg 24 8 16387 -21 0 6 15784 0
dashboard_20deg 25 23 16351 48 0 -1 15854 0
dashboard_20deg 26 67 16391 -112 0 13 15921 0
dashboard_20deg 27 29 16313 32 0 7 15970 0
dashboard_20deg 28 3 16293 25 0 3 16010 0
dashboard_20deg 29 40 16442 -3 0 3 16064 0
dashboard_20deg 30 -25 16350 -29 0 6 16099 0
dashboard_20deg 31 21 16388 -41 0 10 16135 0
dashboard_20deg 32 49 16441 -31 0 12 16173 0
dashboard_20deg 33 -1 16394 67 0 2 16200 0
dashboard_20deg 34 -33 16392 39 0 -4 16224 0
dashboard_20deg 35 -78 16344 71 0 -13 16239 0
dashboard_20deg 36 111 16477 -22 0 -9 16268 0
dashboard_20deg 37 -35 16392 4 0 -9 16283 0
dashboard_20deg 38 3 16434 -85 0 2 16301 0
dashboard_20deg 39 32 16465 -26 0 5 16321 0
dashboard_20deg 40 46 16298 -1 0 4 16318 0
dashboard_20deg 41 -15 16389 -63 0 11 16326 0
dashboard_20deg 42 7 16313 -8 0 10 16324 0
dashboard_20deg 43 36 16461 -83 0 19 16341 0
dashboard_20deg 44 25 16338 -44 0 22 16340 0
dashboard_20deg 45 64 16385 20 0 16 16345 0
dashboard_20deg 46 29 16353 -2 0 14 16346 0
dashboard_20deg 47 42 16405 -93 0 23 16353 0
dashboard_20deg 48 -65 16319 -61 0 27 16348 0
dashboard_20deg 49 -28 16311 -62 0 31 16343 0
dashboard_20deg 50 17 16396 39 0 22 16349 0
dashboard_20deg 51 -34 16408 -1 0 19 16356 0
dashboard_20deg 52 31 16437 -39 0 21 16366 0
dashboard_20deg 53 -78 16369 -7 0 19 16366 0
dashboard_20deg 54 -51 16377 85 0 6 16367 0
dashboard_20deg 55 -37 16391 -55 0 12 16370 0
dashboard_20deg 56 -44 16465 9 0 9 16381 0
dashboard_20deg 57 33 16390 -10 0 9 16382 0
dashboard_20deg 58 28 16394 -15 0 9 16383 0
dashboard_20deg 59 -39 16391 -88 0 18 16384 0
dashboard_20deg 60 86 16445 -11 0 17 16391 0
dashboard_20deg 61 67 16486 -29 0 18 16402 0
dashboard_20deg 62 11 16431 -6 0 16 16405 0
dashboard_20deg 63 15 16323 7 0 13 16394 0
dashboard_20deg 64 -68 16362 -4 0 11 16390 0
dashboard_20deg 65 57 16453 90 0 -2 16397 0
dashboard_20deg 66 -41 16462 27 0 -6 16405 0
dashboard_20deg 67 -93 16308 -9 0 -5 16392 0
dashboard_20deg 68 70 16470 -47 0 1 16401 0
dashboard_20deg 69 6 16333 79 0 -9 16392 0
dashboard_20deg 70 82 16418 -99 0 4 16395 0
dashboard_20deg 71 18 16396 -34 0 7 16395 0
dashboard_20deg 72 73 16333 -80 0 16 16387 0
dashboard_20deg 73 15 16383 86 0 3 16386 0
dashboard_20deg 74 70 16353 -46 0 8 16381 0
dashboard_20deg 75 37 16474 14 0 5 16392 0
dashboard_20deg 76 -13 16281 47 0 -2 16378 0
dashboard_20deg 77 -57 16362 -6 0 -1 16376 0
dashboard_20deg 78 40 16482 -26 0 2 16389 0
dashboard_20deg 79 -5 16343 47 0 -5 16383 0
dashboard_20deg 80 60 16491 10 0 -6 16396 0
dashboard_20deg 81 -54 16362 79 0 -16 16391 0
dashboard_20deg 82 -62 16459 -31 0 -11 16399 0
dashboard_20deg 83 102 16382 -6 0 -9 16396 0
dashboard_20deg 84 65 16369 -52 0 -2 16392 0
dashboard_20deg 85 22 16397 -14 0 0 16392 0
dashboard_20deg 86 -65 16393 59 0 -8 16392 0
dashboard_20deg 87 -43 16389 6 0 -8 16391 0
dashboard_20deg 88 95 16435 -111 0 6 16396 0
dashboard_20deg 89 25 16367 14 0 3 16392 0
dashboard_20deg 90 25 16353 20 0 0 16387 0
dashboard_20deg 91 14 16337 -95 0 11 16380 0
dashboard_20deg 92 -63 16366 -53 0 16 16378 0
dashboard_20deg 93 -70 16430 -52 0 20 16384 0
dashboard_20deg 94 11 16386 -70 0 26 16384 0
dashboard_20deg 95 -35 16430 15 0 20 16389 0
dashboard_20deg 96 -103 16398 96 0 5 16390 0
dashboard_20deg 97 80 16420 -50 0 10 16393 0
dashboard_20deg 98 -36 16424 -21 0 11 16396 0
dashboard_20deg 99 -29 16280 29 0 6 16381 0
dashboard_20deg 100 77 16386 -25 0 8 16381 0
dashboard_20deg 101 43 16449 -190 0 30 16389 0
dashboard_20deg 102 17 16268 -587 0 99 16373 0
dashboard_20deg 103 -77 16390 -775 0 183 16375 0
dashboard_20deg 104 9 16340 -1204 0 310 16370 0
dashboard_20deg 105 -37 16387 -1405 0 446 16372 0
dashboard_20deg 106 -70 16263 -1631 0 594 16358 0
dashboard_20deg 107 -66 16276 -1949 0 763 16347 0
dashboard_20deg 108 -76 16255 -2277 0 952 16335 0
dashboard_20deg 109 -28 16176 -2557 0 1152 16315 0
dashboard_20deg 110 -7 16182 -2888 0 1369 16298 0
dashboard_20deg 111 20 16103 -3004 0 1573 16273 0
dashboard_20deg 112 47 15962 -3395 0 1800 16234 0
dashboard_20deg 113 7 15970 -3700 0 2037 16201 0
dashboard_20deg 114 31 15893 -3937 0 2274 16162 0
dashboard_20deg 115 5 15752 -4187 0 2513 16110 0
dashboard_20deg 116 62 15745 -4495 0 2760 16064 0
dashboard_20deg 117 -19 15701 -4713 0 3004 16018 0
dashboard_20deg 118 35 15544 -5160 0 3273 15958 0
dashboard_20deg 119 -35 15521 -5266 0 3522 15903 0
dashboard_20deg 120 5 15283 -5573 0 3778 15825 0
dashboard_20deg 121 -64 15359 -5507 0 3994 15766 0
dashboard_20deg 122 -30 15382 -5514 0 4184 15718 0
dashboard_20deg 123 56 15347 -5572 0 4357 15671 0
dashboard_20deg 124 -82 15338 -5556 0 4506 15629 0
dashboard_20deg 125 -40 15356 -5546 0 4636 15594 0
dashboard_20deg 126 -2 15434 -5686 0 4767 15574 0
dashboard_20deg 127 -75 15349 -5565 0 4866 15545 0
dashboard_20deg 128 14 15417 -5549 0 4951 15529 0
dashboard_20deg 129 22 15443 -5598 0 5031 15518 0
dashboard_20deg 130 -39 15439 -5634 0 5106 15508 0
dashboard_20deg 131 -13 15404 -5593 0 5166 15495 0
dashboard_20deg 132 3 15429 -5650 0 5226 15486 0
dashboard_20deg 133 67 15466 -5638 0 5277 15483 0
dashboard_20deg 134 -62 15328 -5704 0 5330 15463 0
dashboard_20deg 135 28 15519 -5642 0 5369 15470 0
dashboard_20deg 136 -2 15387 -5495 0 5384 15459 0
dashboard_20deg 137 -49 15299 -5626 0 5414 15439 0
dashboard_20deg 138 12 15431 -5562 0 5432 15438 0
dashboard_20deg 139 2 15403 -5541 0 5445 15433 0
dashboard_20deg 140 -85 15317 -5560 0 5459 15418 0
dashboard_20deg 141 -126 15388 -5581 0 5474 15414 0
dashboard_20deg 142 121 15376 -5639 0 5494 15409 0
dashboard_20deg 143 -62 15350 -5683 0 5517 15401 0
dashboard_20deg 144 79 15351 -5705 0 5540 15394 0
dashboard_20deg 145 57 15330 -5606 0 5548 15386 0
dashboard_20deg 146 -22 15387 -5690 0 5565 15386 0
dashboard_20deg 147 -62 15414 -5650 0 5575 15389 0
dashboard_20deg 148 -81 15494 -5595 0 5577 15402 0
dashboard_20deg 149 43 15357 -5615 0 5581 15396 0
dashboard_20deg 150 -56 15397 -5681 0 5593 15396 0
dashboard_20deg 151 12 15433 -5595 0 5593 15400 0
dashboard_20deg 152 -17 15439 -5647 0 5599 15404 0
dashboard_20deg 153 -19 15486 -5624 0 5602 15414 0
dashboard_20deg 154 117 15377 -5662 0 5609 15409 0
dashboard_20deg 155 -48 15329 -5597 0 5607 15399 0
dashboard_20deg 156 -86 15387 -5569 0 5602 15397 0
dashboard_20deg 157 -39 15417 -5585 0 5599 15399 0
dashboard_20deg 158 49 15387 -5544 0 5592 15397 0
dashboard_20deg 159 -11 15324 -5655 0 5599 15387 0
dashboard_20deg 160 7 15464 -5650 0 5605 15396 0
dashboard_20deg 161 -51 15359 -5615 0 5606 15391 0
dashboard_20deg 162 98 15358 -5630 0 5609 15386 0
dashboard_20deg 163 27 15365 -5626 0 5611 15383 0
dashboard_20deg 164 -1 15358 -5616 0 5611 15379 0
dashboard_20deg 165 -71 15391 -5632 0 5613 15380 0
dashboard_20deg 166 20 15428 -5583 0 5609 15386 0
dashboard_20deg 167 -8 15332 -5641 0 5613 15379 0
dashboard_20deg 168 42 15378 -5616 0 5613 15378 0
dashboard_20deg 169 122 15415 -5600 0 5611 15382 0
dashboard_20deg 170 -31 15460 -5623 0 5612 15391 0
dashboard_20deg 171 6 15344 -5593 0 5609 15385 0
dashboard_20deg 172 61 15411 -5500 0 5595 15388 0
dashboard_20deg 173 70 15341 -5478 0 5580 15382 0
dashboard_20deg 174 22 15415 -5640 0 5587 15386 0
dashboard_20deg 175 9 15471 -5595 0 5588 15396 0
dashboard_20deg 176 -50 15353 -5508 0 5578 15390 0
dashboard_20deg 177 -18 15287 -5683 0 5591 15377 0
dashboard_20deg 178 -46 15466 -5621 0 5594 15388 0
dashboard_20deg 179 21 15323 -5613 0 5596 15379 0
dashboard_20deg 180 40 15379 -5547 0 5589 15379 0
dashboard_20deg 181 -19 15377 -5613 0 5592 15378 0
dashboard_20deg 182 91 15337 -5606 0 5593 15372 0
dashboard_20deg 183 39 15394 -5570 0 5590 15374 0
dashboard_20deg 184 26 15445 -5493 0 5577 15382 0
dashboard_20deg 185 -28 15384 -5672 0 5588 15382 0
dashboard_20deg 186 52 15312 -5754 0 5608 15373 0
dashboard_20deg 187 -74 15440 -5633 0 5611 15381 0
dashboard_20deg 188 97 15360 -5649 0 5615 15378 0
dashboard_20deg 189 81 15460 -5658 0 5620 15388 0
dashboard_20deg 190 -10 15338 -5604 0 5618 15381 0
dashboard_20deg 191 19 15379 -5629 0 5619 15380 0
dashboard_20deg 192 -86 15399 -5612 0 5618 15382 0
dashboard_20deg 193 -29 15359 -5520 0 5605 15379 0
dashboard_20deg 194 -41 15322 -5595 0 5603 15371 0
dashboard_20deg 195 32 15352 -5503 0 5590 15368 0
dashboard_20deg 196 40 15425 -5598 0 5591 15375 0
dashboard_20deg 197 50 15373 -5532 0 5583 15374 0
dashboard_20deg 198 -55 15478 -5560 0 5580 15387 0
dashboard_20deg 199 2 15479 -5637 0 5587 15398 0
dashboard_20deg 200 32 15369 -5601 0 5588 15394 0
dashboard_20deg 201 110 15453 -5593 0 5588 15401 0
dashboard_20deg 202 3 15429 -5563 0 5584 15404 0
dashboard_20deg 203 -46 15488 -5618 0 5588 15414 0
dashboard_20deg 204 30 15426 -5645 0 5595 15415 0
dashboard_20deg 205 28 15423 -5600 0 5595 15416 0
dashboard_20deg 206 63 15437 -5566 0 5591 15418 0
dashboard_20deg 207 18 15262 -5570 0 5588 15398 0
dashboard_20deg 208 103 15355 -5596 0 5589 15392 0
dashboard_20deg 209 -36 15388 -5618 0 5592 15391 0
dashboard_20deg 210 67 15410 -5660 0 5600 15393 0
dashboard_20deg 211 -27 15569 -5572 0 5596 15415 0
dashboard_20deg 212 -37 15342 -5563 0 5591 15405 0
dashboard_20deg 213 17 15442 -5656 0 5599 15409 0
dashboard_20deg 214 -31 15467 -5614 0 5600 15416 0
dashboard_20deg 215 -17 15416 -5489 0 5586 15416 0
dashboard_20deg 216 -50 15445 -5588 0 5586 15419 0
dashboard_20deg 217 73 15370 -5627 0 5591 15412 0
dashboard_20deg 218 72 15370 -5484 0 5577 15406 0
dashboard_20deg 219 -5 15458 -5539 0 5572 15412 0
dashboard_20deg 220 12 15463 -5666 0 5583 15418 0
dashboard_20deg 221 -28 15326 -5588 0 5583 15406 0
dashboard_20deg 222 -34 15365 -5646 0 5590 15400 0
dashboard_20deg 223 23 15349 -5554 0 5585 15393 0
dashboard_20deg 224 10 15355 -5611 0 5588 15388 0
dashboard_20deg 225 27 15390 -5576 0 5586 15388 0
dashboard_20deg 226 38 15551 -5534 0 5579 15408 0
dashboard_20deg 227 47 15399 -5573 0 5578 15406 0
dashboard_20deg 228 -41 15382 -5617 0 5582 15403 0
dashboard_20deg 229 -2 15364 -5629 0 5587 15398 0
dashboard_20deg 230 -58 15507 -5643 0 5594 15411 0
dashboard_20deg 231 59 15363 -5650 0 5601 15405 0
dashboard_20deg 232 -25 15339 -5595 0 5600 15396 0
dashboard_20deg 233 -6 15338 -5567 0 5595 15388 0
dashboard_20deg 234 21 15467 -5655 0 5602 15397 0
dashboard_20deg 235 2 15473 -5599 0 5601 15406 0
dashboard_20deg 236 6 15337 -5603 0 5601 15397 0
dashboard_20deg 237 53 15404 -5552 0 5594 15397 0
dashboard_20deg 238 -16 15397 -5650 0 5601 15397 0
dashboard_20deg 239 -29 15377 -5636 0 5605 15394 0
dashboard_20deg 240 74 15363 -5545 0 5597 15390 0
dashboard_20deg 241 -48 15351 -5611 0 5598 15385 0
dashboard_20deg 242 3 15445 -5542 0 5591 15392 0
dashboard_20deg 243 -127 15442 -5572 0 5588 15398 0
dashboard_20deg 244 15 15368 -5615 0 5591 15394 0
dashboard_20deg 245 15 15383 -5634 0 5596 15392 0
dashboard_20deg 246 27 15379 -5539 0 5588 15390 0
dashboard_20deg 247 -14 15333 -5676 0 5599 15382 0
dashboard_20deg 248 -104 15316 -5556 0 5593 15373 0
dashboard_20deg 249 -63 15415 -5669 0 5602 15378 0
dashboard_20deg 250 2 15345 -5646 0 5607 15373 0
dashboard_20deg 251 72 15393 -5580 0 5603 15375 0
dashboard_20deg 252 41 15399 -5487 0 5588 15378 0
dashboard_20deg 253 -19 15444 -5694 0 5601 15386 0
dashboard_20deg 254 -33 15382 -5606 0 5601 15385 0
dashboard_20deg 255 -39 15363 -5636 0 5605 15382 0
dashboard_20deg 256 -1 15452 -5590 0 5603 15390 0
dashboard_20deg 257 -1 15392 -5636 0 5607 15390 0
dashboard_20deg 258 -49 15433 -5686 0 5616 15395 0
dashboard_20deg 259 13 15421 -5687 0 5624 15398 0
dashboard_20deg 260 6 15358 -5616 0 5623 15393 0
dashboard_20deg 261 54 15364 -5683 0 5630 15389 0
dashboard_20deg 262 -7 15317 -5633 0 5630 15380 0
dashboard_20deg 263 48 15330 -5543 0 5619 15373 0
dashboard_20deg 264 22 15394 -5692 0 5628 15375 0
dashboard_20deg 265 53 15431 -5649 0 5630 15382 0
dashboard_20deg 266 15 15363 -5552 0 5620 15379 0
dashboard_20deg 267 -16 15468 -5622 0 5620 15390 0
dashboard_20deg 268 -14 15323 -5639 0 5622 15381 0
dashboard_20deg 269 -13 15366 -5596 0 5618 15379 0
dashboard_20deg 270 130 15357 -5651 0 5622 15376 0
dashboard_20deg 271 32 15364 -5628 0 5622 15374 0
dashboard_20deg 272 34 15384 -5680 0 5629 15375 0
dashboard_20deg 273 -24 15409 -5660 0 5632 15379 0
dashboard_20deg 274 -48 15336 -5695 0 5639 15373 0
dashboard_20deg 275 -20 15318 -5530 0 5625 15366 0
dashboard_20deg 276 91 15358 -5528 0 5612 15365 0
dashboard_20deg 277 -89 15423 -5591 0 5609 15372 0
dashboard_20deg 278 63 15434 -5631 0 5611 15379 0
dashboard_20deg 279 -214 15378 -5599 0 5609 15378 0
dashboard_20deg 280 -2 15436 -5584 0 5605 15385 0
dashboard_20deg 281 -83 15398 -5606 0 5605 15386 0
dashboard_20deg 282 54 15387 -5618 0 5606 15386 0
dashboard_20deg 283 6 15424 -5580 0 5602 15390 0
dashboard_20deg 284 -93 15456 -5663 0 5609 15398 0
dashboard_20deg 285 -72 15420 -5598 0 5607 15400 0
dashboard_20deg 286 17 15345 -5589 0 5604 15393 0
dashboard_20deg 287 14 15355 -5675 0 5612 15388 0
dashboard_20deg 288 41 15407 -5640 0 5615 15390 0
dashboard_20deg 289 34 15402 -5689 0 5624 15391 0
dashboard_20deg 290 -123 15448 -5636 0 5625 15398 0
dashboard_20deg 291 -8 15454 -5665 0 5630 15405 0
dashboard_20deg 292 23 15383 -5566 0 5622 15402 0
dashboard_20deg 293 9 15379 -5649 0 5625 15399 0
dashboard_20deg 294 -34 15401 -5602 0 5622 15399 0
dashboard_20deg 295 48 15341 -5578 0 5616 15391 0
dashboard_20deg 296 -34 15349 -5540 0 5606 15385 0
dashboard_20deg 297 -3 15505 -5555 0 5599 15400 0
dashboard_20deg 298 -56 15421 -5644 0 5604 15402 0
dashboard_20deg 299 3 15373 -5549 0 5597 15398 0
dashboard_20deg 300 55 15318 -5532 0 5588 15388 0
dashboard_20deg 301 32 15376 -5642 0 5594 15386 0
dashboard_20deg 302 -23 15389 -5678 0 5604 15386 0
dashboard_20deg 303 6 15358 -5639 0 5608 15382 0
dashboard_20deg 304 -60 15401 -5693 0 5618 15384 0
dashboard_20deg 305 106 15370 -5657 0 5622 15382 0
dashboard_20deg 306 -14 15445 -5603 0 5619 15389 0
dashboard_20deg 307 25 15439 -5560 0 5611 15395 0
dashboard_20deg 308 66 15462 -5577 0 5606 15403 0
dashboard_20deg 309 28 15495 -5683 0 5615 15414 0
dashboard_20deg 310 93 15452 -5692 0 5624 15418 0
dashboard_20deg 311 22 15387 -5631 0 5624 15414 0
dashboard_20deg 312 -131 15419 -5575 0 5617 15414 0
dashboard_20deg 313 -12 15371 -5613 0 5616 15408 0
dashboard_20deg 314 6 15377 -5595 0 5613 15404 0
dashboard_20deg 315 -25 15336 -5549 0 5605 15395 0
dashboard_20deg 316 40 15327 -5584 0 5602 15386 0
dashboard_20deg 317 58 15474 -5596 0 5601 15397 0
dashboard_20deg 318 -5 15424 -5603 0 5601 15400 0
dashboard_20deg 319 68 15364 -5647 0 5606 15395 0
dashboard_20deg 320 9 15461 -5536 0 5597 15403 0
dashboard_20deg 321 -20 15517 -5325 0 5563 15417 0
dashboard_20deg 322 13 15584 -5035 0 5497 15437 0
dashboard_20deg 323 -103 15598 -4779 0 5407 15457 0
dashboard_20deg 324 -61 15758 -4475 0 5290 15494 0
dashboard_20deg 325 53 15821 -4175 0 5150 15534 0
dashboard_20deg 326 12 15957 -4010 0 5007 15586 0
dashboard_20deg 327 23 15992 -3669 0 4839 15636 0
dashboard_20deg 328 -45 16102 -3429 0 4662 15694 0
dashboard_20deg 329 14 16088 -3262 0 4487 15743 0
dashboard_20deg 330 47 16145 -2885 0 4286 15793 0
dashboard_20deg 331 -22 16092 -2588 0 4073 15830 0
dashboard_20deg 332 -2 16215 -2270 0 3847 15878 0
dashboard_20deg 333 2 16182 -1998 0 3615 15916 0
dashboard_20deg 334 63 16261 -1683 0 3373 15959 0
dashboard_20deg 335 4 16219 -1454 0 3133 15991 0
dashboard_20deg 336 59 16387 -1106 0 2879 16040 0
dashboard_20deg 337 23 16300 -904 0 2632 16072 0
dashboard_20deg 338 16 16391 -531 0 2369 16111 0
dashboard_20deg 339 25 16418 -349 0 2116 16149 0
dashboard_20deg 340 -24 16342 -20 0 1854 16173 0
dashboard_20deg 341 90 16373 -48 0 1628 16198 0
dashboard_20deg 342 15 16408 -15 0 1426 16224 0
dashboard_20deg 343 3 16406 1 0 1247 16246 0
dashboard_20deg 344 46 16406 -4 0 1091 16266 0
dashboard_20deg 345 -13 16345 87 0 943 16275 0
dashboard_20deg 346 -22 16341 -84 0 835 16283 0
dashboard_20deg 347 -4 16360 10 0 729 16292 0
dashboard_20deg 348 19 16406 67 0 629 16306 0
dashboard_20deg 349 18 16387 58 0 543 16316 0
dashboard_20deg 350 -95 16426 33 0 471 16329 0
dashboard_20deg 351 -42 16376 6 0 411 16334 0
dashboard_20deg 352 -59 16327 -98 0 371 16333 0
dashboard_20deg 353 -34 16365 -60 0 332 16337 0
dashboard_20deg 354 -109 16385 -12 0 292 16343 0
dashboard_20deg 355 20 16396 36 0 251 16349 0
dashboard_20deg 356 -25 16353 10 0 218 16349 0
dashboard_20deg 357 -10 16376 2 0 190 16352 0
dashboard_20deg 358 -87 16486 33 0 162 16368 0
dashboard_20deg 359 -76 16394 -46 0 147 16371 0
dashboard_20deg 360 -27 16391 -14 0 130 16373 0
dashboard_20deg 361 1 16418 -17 0 115 16378 0
dashboard_20deg 362 79 16328 56 0 93 16371 0
dashboard_20deg 363 -12 16366 8 0 80 16370 0
dashboard_20deg 364 11 16354 76 0 60 16368 0
dashboard_20deg 365 -20 16408 6 0 51 16373 0
dashboard_20deg 366 -33 16308 57 0 37 16364 0
dashboard_20deg 367 23 16307 -51 0 38 16356 0
dashboard_20deg 368 6 16396 -63 0 41 16361 0
dashboard_20deg 369 -79 16378 -50 0 42 16363 0
dashboard_20deg 370 43 16390 -100 0 49 16366 0
dashboard_20deg 371 11 16432 -8 0 43 16374 0
dashboard_20deg 372 -21 16429 -4 0 38 16380 0
dashboard_20deg 373 33 16461 -63 0 41 16390 0
dashboard_20deg 374 100 16398 -82 0 46 16391 0
dashboard_20deg 375 -10 16378 -37 0 44 16389 0
dashboard_20deg 376 -140 16328 -139 0 55 16381 0
dashboard_20deg 377 -47 16402 63 0 40 16383 0
dashboard_20deg 378 120 16449 4 0 34 16391 0
dashboard_20deg 379 -41 16383 14 0 28 16390 0
dashboard_20deg 380 -18 16355 -33 0 28 16385 0
dashboard_20deg 381 -52 16353 -14 0 26 16381 0
dashboard_20deg 382 31 16381 -57 0 29 16381 0
dashboard_20deg 383 45 16307 -47 0 31 16371 0
dashboard_20deg 384 21 16368 -83 0 37 16370 0
dashboard_20deg 385 -5 16378 -40 0 37 16371 0
dashboard_20deg 386 -7 16385 -22 0 35 16372 0
dashboard_20deg 387 53 16337 27 0 27 16367 0
dashboard_20deg 388 -85 16378 21 0 21 16368 0
dashboard_20deg 389 -22 16348 -42 0 23 16365 0
dashboard_20deg 390 -56 16411 -29 0 23 16370 0
dashboard_20deg 391 39 16370 27 0 16 16370 0
dashboard_20deg 392 -10 16480 34 0 9 16383 0
dashboard_20deg 393 -2 16406 69 0 -1 16385 0
dashboard_20deg 394 5 16391 -3 0 -1 16385 0
dashboard_20deg 395 23 16388 59 0 -9 16385 0
dashboard_20deg 396 -3 16411 30 0 -12 16388 0
dashboard_20deg 397 0 16420 34 0 -15 16392 0
dashboard_20deg 398 132 16364 9 0 -15 16388 0
dashboard_20deg 399 -15 16421 91 0 -25 16392 0
dashboard_20deg 400 -13 16308 -36 0 -18 16381 0
dashboard_20deg 401 69 16380 116 0 -31 16380 0
dashboard_20deg 402 -35 16323 96 0 -40 16372 0
dashboard_20deg 403 -4 16271 -6 0 -35 16359 0
dashboard_20deg 404 9 16378 -38 0 -26 16361 0
dashboard_20deg 405 -1 16278 50 0 -29 16350 0
dashboard_20deg 406 24 16370 27 0 -29 16352 0
dashboard_20deg 407 14 16362 64 0 -34 16353 0
dashboard_20deg 408 58 16346 75 0 -40 16352 0
dashboard_20deg 409 0 16362 -84 0 -25 16353 0
dashboard_20deg 410 15 16409 -49 0 -16 16360 0
dashboard_20deg 411 50 16427 -17 0 -12 16368 0
dashboard_20deg 412 18 16347 137 0 -28 16365 0
dashboard_20deg 413 33 16402 72 0 -34 16369 0
dashboard_20deg 414 -83 16373 14 0 -32 16369 0
dashboard_20deg 415 -38 16318 9 0 -30 16362 0
dashboard_20deg 416 3 16377 46 0 -32 16363 0
dashboard_20deg 417 -1 16441 35 0 -33 16372 0
dashboard_20deg 418 -1 16440 -7 0 -28 16380 0
dashboard_20deg 419 62 16470 23 0 -28 16391 0
dashboard_20deg 420 -7 16448 42 0 -30 16398 0
dashboard_20deg 421 -33 16369 -74 0 -17 16394 0
dashboard_20deg 422 34 16394 -14 0 -14 16394 0
dashboard_20deg 423 -101 16349 26 0 -16 16388 0
dashboard_20deg 424 64 16372 31 0 -18 16386 0
dashboard_20deg 425 21 16380 -9 0 -15 16385 0
dashboard_20deg 426 5 16493 122 0 -29 16398 0
dashboard_20deg 427 3 16359 2 0 -26 16393 0
dashboard_20deg 428 -84 16408 -15 0 -21 16394 0
dashboard_20deg 429 -1 16323 -22 0 -16 16385 0
dashboard_20deg 430 24 16435 -2 0 -14 16391 0
dashboard_20deg 431 11 16364 45 0 -18 16387 0
dashboard_20deg 432 -46 16403 -13 0 -15 16389 0
dashboard_20deg 433 -27 16389 13 0 -15 16389 0
dashboard_20deg 434 -122 16362 -53 0 -7 16385 0
dashboard_20deg 435 -36 16395 -6 0 -6 16386 0
dashboard_20deg 436 -70 16427 30 0 -9 16391 0
dashboard_20deg 437 -44 16416 -1 0 -8 16394 0
dashboard_20deg 438 93 16495 5 0 -8 16406 0
dashboard_20deg 439 -6 16335 174 0 -29 16397 0
glance_40deg_0p3s 0 -27 16372 7 0 -1 2046 0
glance_40deg_0p3s 1 42 16419 90 0 -13 3842 0
glance_40deg_0p3s 2 -23 16349 15 0 -14 5405 0
glance_40deg_0p3s 3 63 16361 -67 0 -4 6774 0
glance_40deg_0p3s 4 29 16352 0 0 -4 7971 0
glance_40deg_0p3s 5 -3 16422 4 0 -4 9027 0
glance_40deg_0p3s 6 -80 16318 -23 0 -1 9938 0
glance_40deg_0p3s 7 -56 16432 11 0 -3 10749 0
glance_40deg_0p3s 8 -31 16340 -9 0 -2 11447 0
glance_40deg_0p3s 9 36 16329 70 0 -11 12057 0
glance_40deg_0p3s 10 -7 16359 17 0 -12 12594 0
glance_40deg_0p3s 11 -10 16356 -29 0 -7 13064 0
glance_40deg_0p3s 12 106 16408 23 0 -9 13482 0
glance_40deg_0p3s 13 -13 16359 -3 0 -8 13841 0
glance_40deg_0p3s 14 25 16358 -14 0 -6 14155 0
glance_40deg_0p3s 15 62 16340 18 0 -8 14428 0
glance_40deg_0p3s 16 -90 16337 -10 0 -6 14666 0
glance_40deg_0p3s 17 -31 16442 22 0 -8 14888 0
glance_40deg_0p3s 18 -16 16436 -34 0 -3 15081 0
glance_40deg_0p3s 19 -37 16425 -93 0 9 15249 0
glance_40deg_0p3s 20 47 16397 -36 0 12 15392 0
glance_40deg_0p3s 21 -54 16379 2 0 10 15515 0
glance_40deg_0p3s 22 -29 16416 13 0 7 15627 0
glance_40deg_0p3s 23 48 16325 -28 0 9 15714 0
glance_40deg_0p3s 24 -29 16354 -16 0 9 15794 0
glance_40deg_0p3s 25 -14 16418 59 0 0 15872 0
glance_40deg_0p3s 26 40 16299 23 0 -3 15925 0
glance_40deg_0p3s 27 25 16370 -75 0 6 15980 0
glance_40deg_0p3s 28 47 16372 44 0 -1 16029 0
glance_40deg_0p3s 29 -6 16381 43 0 -7 16073 0
glance_40deg_0p3s 30 -85 16339 -36 0 -2 16106 0
glance_40deg_0p3s 31 22 16483 1 0 -2 16153 0
glance_40deg_0p3s 32 -36 16370 39 0 -7 16180 0
glance_40deg_0p3s 33 -26 16353 -7 0 -6 16201 0
glance_40deg_0p3s 34 -52 16504 27 0 -9 16238 0
glance_40deg_0p3s 35 -13 16330 31 0 -12 16249 0
glance_40deg_0p3s 36 -63 16447 -85 0 0 16273 0
glance_40deg_0p3s 37 28 16377 31 0 -4 16286 0
glance_40deg_0p3s 38 -74 16393 -30 0 0 16299 0
glance_40deg_0p3s 39 -1 16367 -14 0 1 16307 0
glance_40deg_0p3s 40 79 16426 -50 0 7 16321 0
glance_40deg_0p3s 41 65 16321 -60 0 13 16321 0
glance_40deg_0p3s 42 12 16413 -7 0 12 16332 0
glance_40deg_0p3s 43 57 16467 1 0 10 16348 0
glance_40deg_0p3s 44 33 16385 -64 0 16 16352 0
glance_40deg_0p3s 45 -20 16372 -88 0 25 16354 0
glance_40deg_0p3s 46 43 16344 -12 0 23 16352 0
glance_40deg_0p3s 47 46 16376 -3 0 20 16355 0
glance_40deg_0p3s 48 83 16423 17 0 15 16363 0
glance_40deg_0p3s 49 39 16420 -28 0 16 16370 0
glance_40deg_0p3s 50 -38 16428 -7 0 14 16377 0
glance_40deg_0p3s 51 -31 16397 29 0 8 16379 0
glance_40deg_0p3s 52 -127 16384 -74 0 16 16379 0
glance_40deg_0p3s 53 -27 16358 -3 0 14 16376 0
glance_40deg_0p3s 54 9 16395 -15 0 14 16378 0
glance_40deg_0p3s 55 -12 16341 108 0 -2 16373 0
glance_40deg_0p3s 56 68 16401 69 0 -11 16376 0
glance_40deg_0p3s 57 -26 16461 -71 0 -1 16386 0
glance_40deg_0p3s 58 -25 16444 4 0 -2 16393 0
glance_40deg_0p3s 59 68 16358 36 0 -7 16388 0
glance_40deg_0p3s 60 -20 16411 -10 0 -5 16390 0
glance_40deg_0p3s 61 -60 16485 -43 0 1 16401 0
glance_40deg_0p3s 62 98 16383 -47 0 6 16398 0
glance_40deg_0p3s 63 4 16295 5 0 4 16385 0
glance_40deg_0p3s 64 25 16227 28 0 0 16365 0
glance_40deg_0p3s 65 -4 16362 103 0 -13 16364 0
glance_40deg_0p3s 66 -33 16378 -43 0 -6 16365 0
glance_40deg_0p3s 67 -139 16408 0 0 -6 16370 0
glance_40deg_0p3s 68 -33 16421 20 0 -8 16376 0
glance_40deg_0p3s 69 -67 16456 62 0 -15 16386 0
glance_40deg_0p3s 70 -36 16381 -52 0 -7 16385 0
glance_40deg_0p3s 71 -9 16424 82 0 -17 16389 0
glance_40deg_0p3s 72 83 16325 21 0 -18 16381 0
glance_40deg_0p3s 73 -70 16331 29 0 -20 16374 0
glance_40deg_0p3s 74 22 16361 -7 0 -17 16372 0
glance_40deg_0p3s 75 -4 16432 -13 0 -14 16379 0
glance_40deg_0p3s 76 69 16389 -32 0 -9 16380 0
glance_40deg_0p3s 77 -58 16336 61 0 -16 16374 0
glance_40deg_0p3s 78 15 16461 1 0 -15 16384 0
glance_40deg_0p3s 79 112 16381 129 0 -30 16383 0
glance_40deg_0p3s 80 -106 16424 -103 0 -14 16388 0
glance_40deg_0p3s 81 -23 16385 96 0 -25 16387 0
glance_40deg_0p3s 82 1 16348 39 0 -27 16382 0
glance_40deg_0p3s 83 19 16369 82 0 -34 16380 0
glance_40deg_0p3s 84 37 16419 72 0 -39 16384 0
glance_40deg_0p3s 85 -4 16419 2 0 -35 16388 0
glance_40deg_0p3s 86 -13 16369 111 0 -45 16385 0
glance_40deg_0p3s 87 79 16445 16 0 -42 16392 0
glance_40deg_0p3s 88 -65 16347 -24 0 -34 16386 0
glance_40deg_0p3s 89 34 16353 -56 0 -23 16381 0
glance_40deg_0p3s 90 13 16329 -8 0 -20 16374 0
glance_40deg_0p3s 91 -7 16384 24 0 -21 16375 0
glance_40deg_0p3s 92 -31 16336 -41 0 -14 16370 0
glance_40deg_0p3s 93 -45 16432 21 0 -15 16377 0
glance_40deg_0p3s 94 19 16385 -64 0 -6 16378 0
glance_40deg_0p3s 95 -54 16359 22 0 -8 16375 0
glance_40deg_0p3s 96 -28 16312 -2 0 -7 16367 0
glance_40deg_0p3s 97 -7 16361 4 0 -7 16366 0
glance_40deg_0p3s 98 -17 16324 69 0 -15 16360 0
glance_40deg_0p3s 99 19 16396 65 0 -22 16364 0
glance_40deg_0p3s 100 -21 16456 101 0 -32 16375 0
glance_40deg_0p3s 101 -11 16333 -1204 0 122 16369 0
glance_40deg_0p3s 102 37 16202 -2241 0 386 16348 0
glance_40deg_0p3s 103 -45 16016 -3392 0 761 16306 0
glance_40deg_0p3s 104 -1 15710 -4555 0 1235 16231 0
glance_40deg_0p3s 105 73 15413 -5620 0 1783 16128 0
glance_40deg_0p3s 106 24 14879 -6716 0 2399 15971 0
glance_40deg_0p3s 107 -42 14545 -7642 0 3054 15792 0
glance_40deg_0p3s 108 -57 13881 -8734 0 3764 15553 0
glance_40deg_0p3s 109 42 13175 -9638 0 4498 15255 0
glance_40deg_0p3s 110 0 12602 -10474 0 5245 14923 0
glance_40deg_0p3s 111 12 12623 -10591 0 5913 14635 0
glance_40deg_0p3s 112 44 12566 -10518 0 6488 14376 0
glance_40deg_0p3s 113 21 12540 -10663 0 7009 14146 0
glance_40deg_0p3s 114 22 12594 -10443 0 7438 13952 0
glance_40deg_0p3s 115 4 12625 -10496 0 7820 13786 0
glance_40deg_0p3s 116 32 12567 -10487 0 8153 13633 0
glance_40deg_0p3s 117 -5 12565 -10523 0 8449 13499 0
glance_40deg_0p3s 118 -66 12464 -10603 0 8718 13369 0
glance_40deg_0p3s 119 -23 12617 -10547 0 8946 13275 0
glance_40deg_0p3s 120 28 12604 -10531 0 9144 13191 0
glance_40deg_0p3s 121 41 12505 -10536 0 9318 13105 0
glance_40deg_0p3s 122 -5 12657 -10460 0 9460 13049 1
glance_40deg_0p3s 123 3 12385 -10547 0 9595 12966 2
glance_40deg_0p3s 124 43 12505 -10583 0 9718 12908 3
glance_40deg_0p3s 125 26 12559 -10482 0 9813 12864 4
glance_40deg_0p3s 126 66 12605 -10582 0 9909 12831 5
glance_40deg_0p3s 127 14 12521 -10601 0 9995 12792 6
glance_40deg_0p3s 128 -72 12644 -10515 0 10060 12773 7
glance_40deg_0p3s 129 36 12513 -10543 0 10120 12740 8
glance_40deg_0p3s 130 -17 12517 -10517 0 10169 12712 9
glance_40deg_0p3s 131 -92 12556 -10581 0 10220 12692 10
glance_40deg_0p3s 132 33 12560 -10541 0 10260 12675 11
glance_40deg_0p3s 133 -22 12535 -10478 0 10287 12657 12
glance_40deg_0p3s 134 4 12569 -10552 0 10320 12646 13
glance_40deg_0p3s 135 15 12475 -10563 0 10350 12624 14
glance_40deg_0p3s 136 -21 12629 -10443 0 10361 12624 15
glance_40deg_0p3s 137 5 12598 -10633 0 10395 12620 16
glance_40deg_0p3s 138 -33 12553 -10496 0 10407 12611 17
glance_40deg_0p3s 139 12 12584 -10569 0 10427 12607 18
glance_40deg_0p3s 140 -91 12646 -10571 0 10445 12611 19
glance_40deg_0p3s 141 -53 13259 -9643 0 10344 12692 20
glance_40deg_0p3s 142 4 13823 -8747 0 10144 12833 21
glance_40deg_0p3s 143 66 14376 -7715 0 9840 13025 22
glance_40deg_0p3s 144 -61 15012 -6676 0 9444 13273 23
glance_40deg_0p3s 145 -12 15332 -5505 0 8951 13530 0
glance_40deg_0p3s 146 30 15713 -4464 0 8390 13802 0
glance_40deg_0p3s 147 -18 16048 -3382 0 7764 14082 0
glance_40deg_0p3s 148 -31 16228 -2326 0 7084 14350 0
glance_40deg_0p3s 149 -17 16266 -1178 0 6345 14589 0
glance_40deg_0p3s 150 18 16276 -16 0 5553 14799 0
glance_40deg_0p3s 151 -60 16346 30 0 4855 14992 0
glance_40deg_0p3s 152 -41 16311 -36 0 4252 15156 0
glance_40deg_0p3s 153 13 16342 -22 0 3723 15304 0
glance_40deg_0p3s 154 23 16394 -22 0 3260 15440 0
glance_40deg_0p3s 155 -54 16329 16 0 2850 15551 0
glance_40deg_0p3s 156 -21 16401 -57 0 2500 15657 0
glance_40deg_0p3s 157 -70 16417 -98 0 2199 15752 0
glance_40deg_0p3s 158 -69 16409 51 0 1917 15834 0
glance_40deg_0p3s 159 -32 16505 -51 0 1683 15917 0
glance_40deg_0p3s 160 -94 16381 52 0 1466 15975 0
glance_40deg_0p3s 161 80 16266 21 0 1280 16011 0
glance_40deg_0p3s 162 -19 16356 81 0 1109 16054 0
glance_40deg_0p3s 163 -22 16401 -27 0 973 16097 0
glance_40deg_0p3s 164 -13 16435 85 0 840 16139 0
glance_40deg_0p3s 165 -88 16297 3 0 734 16158 0
glance_40deg_0p3s 166 -19 16320 47 0 636 16178 0
glance_40deg_0p3s 167 -34 16386 85 0 545 16204 0
glance_40deg_0p3s 168 18 16313 2 0 476 16217 0
glance_40deg_0p3s 169 9 16322 0 0 416 16230 0
glance_40deg_0p3s 170 -29 16346 97 0 351 16244 0
glance_40deg_0p3s 171 37 16401 -9 0 308 16263 0
glance_40deg_0p3s 172 12 16362 -9 0 270 16275 0
glance_40deg_0p3s 173 24 16489 32 0 232 16301 0
glance_40deg_0p3s 174 -19 16399 -105 0 216 16313 0
glance_40deg_0p3s 175 16 16338 113 0 174 16316 0
glance_40deg_0p3s 176 -21 16374 -43 0 157 16323 0
glance_40deg_0p3s 177 -16 16307 -43 0 142 16321 0
glance_40deg_0p3s 178 6 16384 58 0 117 16328 0
glance_40deg_0p3s 179 -46 16473 -59 0 109 16346 0
glance_40deg_0p3s 180 -60 16374 56 0 88 16349 0
glance_40deg_0p3s 181 43 16468 -43 0 82 16363 0
glance_40deg_0p3s 182 -4 16436 66 0 63 16372 0
glance_40deg_0p3s 183 32 16381 38 0 50 16373 0
glance_40deg_0p3s 184 -79 16354 -26 0 47 16370 0
glance_40deg_0p3s 185 -22 16331 -32 0 45 16365 0
glance_40deg_0p3s 186 4 16327 1 0 39 16360 0
glance_40deg_0p3s 187 15 16385 8 0 33 16363 0
glance_40deg_0p3s 188 -3 16286 -24 0 31 16353 0
glance_40deg_0p3s 189 -83 16459 -3 0 27 16366 0
glance_40deg_0p3s 190 -94 16346 -33 0 27 16363 0
glance_40deg_0p3s 191 68 16415 -36 0 28 16369 0
glance_40deg_0p3s 192 55 16387 -58 0 31 16371 0
glance_40deg_0p3s 193 2 16484 2 0 26 16385 0
glance_40deg_0p3s 194 -69 16373 -14 0 24 16383 0
glance_40deg_0p3s 195 75 16388 -56 0 28 16383 0
glance_40deg_0p3s 196 -49 16369 -82 0 34 16381 0
glance_40deg_0p3s 197 -1 16417 -61 0 37 16385 0
glance_40deg_0p3s 198 17 16437 -40 0 37 16391 0
glance_40deg_0p3s 199 19 16358 10 0 31 16386 0
glance_40deg_0p3s 200 -6 16403 -42 0 32 16388 0
glance_40deg_0p3s 201 55 16451 10 0 26 16395 0
glance_40deg_0p3s 202 74 16351 46 0 17 16389 0
glance_40deg_0p3s 203 14 16396 -85 0 25 16389 0
glance_40deg_0p3s 204 -45 16405 30 0 18 16391 0
glance_40deg_0p3s 205 -7 16339 5 0 15 16384 0
glance_40deg_0p3s 206 -35 16389 34 0 8 16384 0
glance_40deg_0p3s 207 10 16433 -2 0 7 16390 0
glance_40deg_0p3s 208 -43 16526 -20 0 8 16407 0
glance_40deg_0p3s 209 -69 16271 -6 0 7 16390 0
glance_40deg_0p3s 210 8 16432 0 0 6 16395 0
glance_40deg_0p3s 211 20 16361 64 0 -3 16390 0
glance_40deg_0p3s 212 -9 16389 62 0 -11 16389 0
glance_40deg_0p3s 213 3 16350 -119 0 5 16384 0
glance_40deg_0p3s 214 -21 16406 63 0 -4 16386 0
glance_40deg_0p3s 215 -3 16316 -48 0 2 16377 0
glance_40deg_0p3s 216 42 16362 16 0 -1 16375 0
glance_40deg_0p3s 217 -14 16404 20 0 -4 16378 0
glance_40deg_0p3s 218 -1 16279 -45 0 2 16365 0
glance_40deg_0p3s 219 -18 16397 -20 0 4 16369 0
glance_40deg_0p3s 220 -40 16380 -46 0 9 16370 0
glance_40deg_0p3s 221 14 16383 24 0 4 16371 0
glance_40deg_0p3s 222 13 16411 32 0 -1 16376 0
glance_40deg_0p3s 223 -1 16353 7 0 -2 16373 0
glance_40deg_0p3s 224 -26 16345 31 0 -6 16369 0
glance_40deg_0p3s 225 -38 16380 -129 0 10 16370 0
glance_40deg_0p3s 226 -125 16519 -36 0 13 16388 0
glance_40deg_0p3s 227 -7 16381 35 0 7 16387 0
glance_40deg_0p3s 228 6 16425 -54 0 12 16391 0
glance_40deg_0p3s 229 16 16281 1 0 10 16377 0
glance_40deg_0p3s 230 43 16370 23 0 5 16376 0
glance_40deg_0p3s 231 84 16370 -22 0 7 16375 0
glance_40deg_0p3s 232 -35 16313 75 0 -4 16367 0
glance_40deg_0p3s 233 -34 16391 55 0 -11 16370 0
glance_40deg_0p3s 234 70 16372 34 0 -14 16370 0
glance_40deg_0p3s 235 29 16290 58 0 -20 16360 0
glance_40deg_0p3s 236 -94 16411 -85 0 -7 16366 0
glance_40deg_0p3s 237 20 16401 -79 0 3 16370 0
glance_40deg_0p3s 238 -7 16442 -61 0 10 16379 0
glance_40deg_0p3s 239 49 16370 34 0 4 16377 0
glance_40deg_0p3s 240 32 16343 54 0 -4 16372 0
glance_40deg_0p3s 241 25 16384 -12 0 -2 16373 0
glance_40deg_0p3s 242 5 16360 -14 0 0 16371 0
glance_40deg_0p3s 243 25 16357 117 0 -15 16369 0
glance_40deg_0p3s 244 -33 16369 25 0 -17 16369 0
glance_40deg_0p3s 245 24 16386 46 0 -21 16371 0
glance_40deg_0p3s 246 -23 16387 39 0 -24 16373 0
glance_40deg_0p3s 247 -45 16380 15 0 -23 16373 0
glance_40deg_0p3s 248 -116 16377 -35 0 -16 16373 0
glance_40deg_0p3s 249 -44 16407 -52 0 -8 16377 0
nod_40deg_1s 0 60 16283 39 0 -5 2035 0
nod_40deg_1s 1 -80 16433 1 0 -5 3834 0
nod_40deg_1s 2 -79 16364 29 0 -8 5400 0
nod_40deg_1s 3 -6 16445 12 0 -9 6780 0
nod_40deg_1s 4 -10 16463 1 0 -8 7990 0
nod_40deg_1s 5 35 16442 -48 0 -1 9046 0
nod_40deg_1s 6 88 16441 34 0 -6 9970 0
nod_40deg_1s 7 -34 16407 -62 0 2 10774 0
nod_40deg_1s 8 -11 16461 21 0 -1 11484 0
nod_40deg_1s 9 157 16302 -67 0 7 12086 0
nod_40deg_1s 10 -28 16436 -13 0 7 12629 0
nod_40deg_1s 11 -3 16341 -119 0 21 13093 0
nod_40deg_1s 12 4 16290 -87 0 29 13492 0
nod_40deg_1s 13 18 16354 -32 0 29 13849 0
nod_40deg_1s 14 -17 16441 -3 0 25 14173 0
nod_40deg_1s 15 -153 16441 -34 0 26 14456 0
nod_40deg_1s 16 51 16319 25 0 19 14688 0
nod_40deg_1s 17 87 16403 82 0 6 14902 0
nod_40deg_1s 18 -11 16422 33 0 1 15092 0
nod_40deg_1s 19 -125 16388 5 0 0 15254 0
nod_40deg_1s 20 1 16322 32 0 -4 15387 0
nod_40deg_1s 21 -26 16458 20 0 -6 15520 0
nod_40deg_1s 22 -30 16325 69 0 -14 15620 0
nod_40deg_1s 23 81 16398 13 0 -14 15717 0
nod_40deg_1s 24 5 16376 14 0 -14 15799 0
nod_40deg_1s 25 92 16408 -42 0 -7 15875 0
nod_40deg_1s 26 58 16391 -36 0 -2 15939 0
nod_40deg_1s 27 98 16434 82 0 -12 16000 0
nod_40deg_1s 28 1 16373 57 0 -18 16046 0
nod_40deg_1s 29 35 16420 11 0 -18 16092 0
nod_40deg_1s 30 17 16360 64 0 -24 16125 0
nod_40deg_1s 31 -3 16485 24 0 -24 16170 0
nod_40deg_1s 32 -3 16399 46 0 -27 16198 0
nod_40deg_1s 33 24 16418 -10 0 -23 16225 0
nod_40deg_1s 34 -24 16370 -31 0 -17 16243 0
nod_40deg_1s 35 -82 16417 56 0 -22 16264 0
nod_40deg_1s 36 67 16358 35 0 -24 16275 0
nod_40deg_1s 37 -5 16380 -82 0 -11 16288 0
nod_40deg_1s 38 11 16401 63 0 -18 16302 0
nod_40deg_1s 39 -41 16420 -2 0 -16 16316 0
nod_40deg_1s 40 -90 16310 -54 0 -8 16315 0
nod_40deg_1s 41 17 16434 -6 0 -7 16329 0
nod_40deg_1s 42 -4 16363 53 0 -13 16333 0
nod_40deg_1s 43 6 16434 78 0 -22 16345 0
nod_40deg_1s 44 71 16389 58 0 -27 16350 0
nod_40deg_1s 45 5 16492 -27 0 -21 16367 0
nod_40deg_1s 46 62 16396 -11 0 -17 16370 0
nod_40deg_1s 47 -63 16231 67 0 -24 16352 0
nod_40deg_1s 48 -42 16452 -8 0 -20 16364 0
nod_40deg_1s 49 65 16410 -16 0 -16 16369 0
nod_40deg_1s 50 53 16453 -49 0 -8 16379 0
nod_40deg_1s 51 -6 16341 -35 0 -3 16374 0
nod_40deg_1s 52 -1 16424 -29 0 1 16380 0
nod_40deg_1s 53 88 16454 53 0 -6 16389 0
nod_40deg_1s 54 -3 16404 16 0 -8 16390 0
nod_40deg_1s 55 -9 16343 -49 0 -1 16384 0
nod_40deg_1s 56 -67 16426 20 0 -4 16389 0
nod_40deg_1s 57 -38 16371 -34 0 0 16386 0
nod_40deg_1s 58 -36 16460 -28 0 3 16395 0
nod_40deg_1s 59 -58 16392 -39 0 7 16394 0
nod_40deg_1s 60 7 16386 -79 0 16 16393 0
nod_40deg_1s 61 51 16379 -25 0 17 16391 0
nod_40deg_1s 62 48 16302 -44 0 20 16379 0
nod_40deg_1s 63 55 16424 22 0 14 16384 0
nod_40deg_1s 64 -60 16344 -14 0 14 16379 0
nod_40deg_1s 65 -1 16380 -66 0 20 16379 0
nod_40deg_1s 66 54 16282 -56 0 24 16366 0
nod_40deg_1s 67 -55 16346 71 0 12 16363 0
nod_40deg_1s 68 18 16352 41 0 5 16361 0
nod_40deg_1s 69 30 16410 -19 0 6 16367 0
nod_40deg_1s 70 -15 16382 16 0 3 16368 0
nod_40deg_1s 71 -8 16378 31 0 -2 16369 0
nod_40deg_1s 72 -40 16322 -58 0 5 16363 0
nod_40deg_1s 73 -7 16359 -5 0 5 16362 0
nod_40deg_1s 74 -14 16434 -4 0 4 16371 0
nod_40deg_1s 75 -20 16423 45 0 -3 16377 0
nod_40deg_1s 76 93 16399 -7 0 -2 16379 0
nod_40deg_1s 77 -17 16397 102 0 -15 16381 0
nod_40deg_1s 78 64 16320 -51 0 -7 16373 0
nod_40deg_1s 79 10 16343 39 0 -11 16369 0
nod_40deg_1s 80 -13 16431 15 0 -12 16376 0
nod_40deg_1s 81 67 16424 1 0 -11 16382 0
nod_40deg_1s 82 25 16402 83 0 -20 16384 0
nod_40deg_1s 83 90 16412 -34 0 -14 16387 0
nod_40deg_1s 84 -33 16326 -92 0 -1 16379 0
nod_40deg_1s 85 -94 16256 35 0 -6 16363 0
nod_40deg_1s 86 53 16370 -19 0 -3 16363 0
nod_40deg_1s 87 -48 16350 16 0 -5 16361 0
nod_40deg_1s 88 -68 16341 57 0 -12 16358 0
nod_40deg_1s 89 4 16491 -25 0 -8 16374 0
nod_40deg_1s 90 27 16416 32 0 -11 16379 0
nod_40deg_1s 91 -57 16404 88 0 -21 16382 0
nod_40deg_1s 92 80 16510 -12 0 -17 16398 0
nod_40deg_1s 93 -43 16337 -28 0 -12 16390 0
nod_40deg_1s 94 2 16430 -30 0 -7 16395 0
nod_40deg_1s 95 -96 16375 -34 0 -2 16392 0
nod_40deg_1s 96 50 16362 -14 0 0 16388 0
nod_40deg_1s 97 8 16394 44 0 -6 16388 0
nod_40deg_1s 98 42 16392 17 0 -8 16388 0
nod_40deg_1s 99 -56 16415 -46 0 -2 16391 0
nod_40deg_1s 100 -44 16427 68 0 -11 16395 0
nod_40deg_1s 101 -33 16366 -769 0 86 16391 0
nod_40deg_1s 102 12 16322 -1498 0 262 16382 0
nod_40deg_1s 103 -42 16165 -2264 0 512 16354 0
nod_40deg_1s 104 25 16165 -3040 0 828 16330 0
nod_40deg_1s 105 73 16019 -3729 0 1190 16291 0
nod_40deg_1s 106 -18 15716 -4470 0 1600 16219 0
nod_40deg_1s 107 -4 15567 -5171 0 2046 16137 0
nod_40deg_1s 108 -7 15273 -6041 0 2545 16029 0
nod_40deg_1s 109 65 14978 -6655 0 3058 15897 0
nod_40deg_1s 110 5 14589 -7305 0 3588 15733 0
nod_40deg_1s 111 3 14280 -8032 0 4143 15551 0
nod_40deg_1s 112 -39 13881 -8704 0 4713 15342 0
nod_40deg_1s 113 99 13445 -9316 0 5288 15104 0
nod_40deg_1s 114 39 12988 -9954 0 5871 14839 0
nod_40deg_1s 115 137 12505 -10548 0 6455 14547 0
nod_40deg_1s 116 22 12535 -10488 0 6959 14295 0
nod_40deg_1s 117 -147 12545 -10499 0 7401 14076 0
nod_40deg_1s 118 -41 12531 -10566 0 7796 13882 0
nod_40deg_1s 119 -15 12512 -10499 0 8133 13710 0
nod_40deg_1s 120 -55 12623 -10489 0 8427 13574 0
nod_40deg_1s 121 -9 12559 -10468 0 8682 13447 0
nod_40deg_1s 122 2 12596 -10492 0 8908 13340 0
nod_40deg_1s 123 -6 12536 -10553 0 9113 13239 0
nod_40deg_1s 124 -8 12502 -10536 0 9290 13146 0
nod_40deg_1s 125 -41 12527 -10426 0 9432 13068 1
nod_40deg_1s 126 57 12566 -10537 0 9570 13005 2
nod_40deg_1s 127 -19 12631 -10597 0 9698 12958 3
nod_40deg_1s 128 12 12500 -10563 0 9806 12900 4
nod_40deg_1s 129 -40 12607 -10509 0 9893 12863 5
nod_40deg_1s 130 54 12561 -10490 0 9967 12825 6
nod_40deg_1s 131 -43 12517 -10565 0 10041 12786 7
nod_40deg_1s 132 24 12643 -10558 0 10105 12768 8
nod_40deg_1s 133 -32 12639 -10554 0 10161 12751 9
nod_40deg_1s 134 98 12554 -10519 0 10205 12726 10
nod_40deg_1s 135 -28 12596 -10484 0 10239 12709 11
nod_40deg_1s 136 -56 12474 -10532 0 10275 12679 12
nod_40deg_1s 137 -66 12627 -10528 0 10306 12672 13
nod_40deg_1s 138 139 12541 -10514 0 10332 12655 14
nod_40deg_1s 139 -63 12564 -10502 0 10353 12643 15
nod_40deg_1s 140 -59 12533 -10520 0 10373 12629 16
nod_40deg_1s 141 -42 12538 -10511 0 10390 12617 17
nod_40deg_1s 142 -53 12505 -10585 0 10414 12603 18
nod_40deg_1s 143 -1 12547 -10507 0 10425 12596 19
nod_40deg_1s 144 -27 12579 -10483 0 10432 12593 20
nod_40deg_1s 145 55 12518 -10501 0 10440 12583 21
nod_40deg_1s 146 38 12500 -10632 0 10464 12572 22
nod_40deg_1s 147 -17 12551 -10536 0 10473 12569 23
nod_40deg_1s 148 4 12543 -10557 0 10483 12565 24
nod_40deg_1s 149 14 12586 -10604 0 10498 12567 25
nod_40deg_1s 150 -25 12577 -10490 0 10497 12568 26
nod_40deg_1s 151 -24 12506 -10542 0 10502 12560 27
nod_40deg_1s 152 -1 12532 -10610 0 10515 12556 28
nod_40deg_1s 153 50 12584 -10519 0 10515 12559 29
nod_40deg_1s 154 -28 12585 -10444 0 10506 12562 30
nod_40deg_1s 155 -40 12489 -10570 0 10514 12552 31
nod_40deg_1s 156 5 12478 -10485 0 10510 12542 32
nod_40deg_1s 157 42 12511 -10496 0 10508 12538 33
nod_40deg_1s 158 -75 12544 -10605 0 10520 12538 34
nod_40deg_1s 159 40 12640 -10532 0 10521 12550 35
nod_40deg_1s 160 44 12542 -10521 0 10521 12549 36
nod_40deg_1s 161 63 12530 -10602 0 10531 12546 37
nod_40deg_1s 162 28 12620 -10509 0 10528 12555 38
nod_40deg_1s 163 79 12595 -10503 0 10524 12560 39
nod_40deg_1s 164 -26 12506 -10524 0 10524 12553 40
nod_40deg_1s 165 20 12586 -10536 0 10525 12557 41
nod_40deg_1s 166 -24 12523 -10531 0 10525 12552 42
nod_40deg_1s 167 25 12635 -10526 0 10525 12562 43
nod_40deg_1s 168 69 12628 -10572 0 10530 12570 44
nod_40deg_1s 169 58 12545 -10540 0 10531 12566 45
nod_40deg_1s 170 52 12536 -10562 0 10534 12562 46
nod_40deg_1s 171 -56 12493 -10568 0 10538 12553 47
nod_40deg_1s 172 83 12589 -10526 0 10536 12557 48
nod_40deg_1s 173 -62 12583 -10526 0 10534 12560 49
nod_40deg_1s 174 31 12496 -10467 1 10525 12552 50
nod_40deg_1s 175 -6 12579 -10542 0 10527 12555 51
nod_40deg_1s 176 10 12462 -10586 0 10534 12543 52
nod_40deg_1s 177 42 12509 -10478 0 10527 12538 53
nod_40deg_1s 178 -91 12557 -10460 0 10518 12540 54
nod_40deg_1s 179 19 12497 -10459 0 10510 12534 55
nod_40deg_1s 180 -68 12522 -10505 0 10509 12532 56
nod_40deg_1s 181 51 12567 -10504 0 10508 12536 57
nod_40deg_1s 182 -34 12509 -10555 0 10513 12532 58
nod_40deg_1s 183 -100 12605 -10532 0 10515 12541 59
nod_40deg_1s 184 -63 12573 -10548 0 10519 12545 60
nod_40deg_1s 185 -26 12469 -10463 0 10512 12535 61
nod_40deg_1s 186 15 12592 -10539 0 10515 12542 62
nod_40deg_1s 187 -69 12578 -10444 0 10506 12546 63
nod_40deg_1s 188 -41 12581 -10501 0 10505 12550 64
nod_40deg_1s 189 -63 12499 -10563 0 10512 12543 65
nod_40deg_1s 190 80 12486 -10539 0 10515 12535 66
nod_40deg_1s 191 -18 12509 -10607 0 10526 12531 67
nod_40deg_1s 192 1 12518 -10466 0 10518 12529 68
nod_40deg_1s 193 -52 12485 -10496 0 10515 12523 69
nod_40deg_1s 194 44 12537 -10617 0 10527 12524 70
nod_40deg_1s 195 -51 12649 -10440 0 10516 12539 71
nod_40deg_1s 196 -37 12484 -10476 0 10511 12532 72
nod_40deg_1s 197 2 12514 -10549 0 10515 12529 73
nod_40deg_1s 198 33 12636 -10668 0 10534 12542 74
nod_40deg_1s 199 24 12523 -10486 0 10528 12539 75
nod_40deg_1s 200 104 12530 -10489 0 10523 12537 76
nod_40deg_1s 201 -42 12458 -10499 0 10520 12527 77
nod_40deg_1s 202 -18 12540 -10571 0 10526 12528 78
nod_40deg_1s 203 -96 12624 -10536 0 10527 12540 79
nod_40deg_1s 204 -89 12495 -10568 0 10532 12534 80
nod_40deg_1s 205 -45 12544 -10571 0 10536 12535 81
nod_40deg_1s 206 -103 12541 -10589 0 10542 12535 82
nod_40deg_1s 207 84 12505 -10456 0 10531 12531 83
nod_40deg_1s 208 -68 12618 -10498 0 10526 12541 84
nod_40deg_1s 209 17 12543 -10528 0 10526 12541 85
nod_40deg_1s 210 34 12497 -10523 0 10525 12535 86
nod_40deg_1s 211 -2 12533 -10535 0 10526 12534 87
nod_40deg_1s 212 -33 12606 -10490 0 10521 12543 88
nod_40deg_1s 213 13 12508 -10510 0 10519 12538 89
nod_40deg_1s 214 85 12607 -10462 0 10511 12546 90
nod_40deg_1s 215 -7 12399 -10555 0 10516 12527 91
nod_40deg_1s 216 55 13038 -9871 0 10435 12590 92
nod_40deg_1s 217 -43 13409 -9356 0 10300 12692 93
nod_40deg_1s 218 57 13843 -8671 0 10096 12835 94
nod_40deg_1s 219 38 14188 -8039 0 9838 13004 95
nod_40deg_1s 220 11 14706 -7302 0 9521 13216 96
nod_40deg_1s 221 -2 14914 -6752 0 9174 13428 0
nod_40deg_1s 222 66 15196 -5916 0 8766 13649 0
nod_40deg_1s 223 26 15494 -5244 0 8325 13879 0
nod_40deg_1s 224 -31 15834 -4464 0 7842 14123 0
nod_40deg_1s 225 -43 15933 -3856 0 7343 14349 0
nod_40deg_1s 226 -93 16119 -3060 0 6807 14570 0
nod_40deg_1s 227 64 16267 -2256 0 6238 14782 0
nod_40deg_1s 228 88 16286 -1490 0 5644 14970 0
nod_40deg_1s 229 -44 16418 -792 0 5037 15151 0
nod_40deg_1s 230 -34 16404 104 0 4394 15307 0
nod_40deg_1s 231 -6 16428 -17 0 3846 15447 0
nod_40deg_1s 232 7 16385 -8 0 3366 15564 0
nod_40deg_1s 233 19 16398 28 0 2941 15668 0
nod_40deg_1s 234 -19 16413 72 0 2564 15761 0
nod_40deg_1s 235 110 16368 45 0 2237 15836 0
nod_40deg_1s 236 -43 16339 -64 0 1965 15898 0
nod_40deg_1s 237 -27 16392 86 0 1708 15959 0
nod_40deg_1s 238 -13 16403 -82 0 1504 16014 0
nod_40deg_1s 239 13 16399 31 0 1312 16062 0
nod_40deg_1s 240 61 16406 70 0 1139 16105 0
nod_40deg_1s 241 61 16318 -100 0 1009 16131 0
nod_40deg_1s 242 5 16527 57 0 875 16180 0
nod_40deg_1s 243 42 16440 12 0 764 16212 0
nod_40deg_1s 244 56 16381 30 0 664 16233 0
nod_40deg_1s 245 54 16393 2 0 580 16253 0
nod_40deg_1s 246 -86 16453 -24 0 510 16278 0
nod_40deg_1s 247 -43 16444 73 0 437 16298 0
nod_40deg_1s 248 34 16412 77 0 372 16312 0
nod_40deg_1s 249 -42 16276 -77 0 335 16307 0
nod_40deg_1s 250 40 16362 -20 0 295 16313 0
nod_40deg_1s 251 15 16384 16 0 256 16321 0
nod_40deg_1s 252 62 16363 -66 0 232 16326 0
nod_40deg_1s 253 -22 16418 56 0 196 16337 0
nod_40deg_1s 254 17 16380 -62 0 179 16342 0
nod_40deg_1s 255 -100 16408 73 0 147 16350 0
nod_40deg_1s 256 -4 16415 10 0 127 16358 0
nod_40deg_1s 257 34 16356 39 0 106 16357 0
nod_40deg_1s 258 -46 16345 -32 0 96 16355 0
nod_40deg_1s 259 -31 16357 5 0 83 16355 0
nod_40deg_1s 260 63 16385 10 0 71 16358 0
nod_40deg_1s 261 -45 16294 54 0 55 16350 0
nod_40deg_1s 262 -59 16405 11 0 46 16356 0
nod_40deg_1s 263 5 16331 58 0 33 16352 0
nod_40deg_1s 264 20 16357 3 0 28 16352 0
nod_40deg_1s 265 -30 16397 -15 0 26 16357 0
nod_40deg_1s 266 94 16421 79 0 12 16365 0
nod_40deg_1s 267 -31 16356 90 0 -1 16363 0
nod_40deg_1s 268 -25 16358 72 0 -10 16362 0
nod_40deg_1s 269 -10 16401 -60 0 -2 16366 0
nod_40deg_1s 270 91 16361 -92 0 9 16365 0
nod_40deg_1s 271 -61 16356 55 0 1 16363 0
nod_40deg_1s 272 -9 16419 11 0 -1 16370 0
nod_40deg_1s 273 -99 16491 16 0 -3 16385 0
nod_40deg_1s 274 1 16454 -97 0 9 16393 0
nod_40deg_1s 275 -24 16421 35 0 3 16396 0
nod_40deg_1s 276 37 16281 -50 0 8 16381 0
nod_40deg_1s 277 12 16449 23 0 4 16389 0
nod_40deg_1s 278 16 16378 -62 0 11 16387 0
nod_40deg_1s 279 80 16245 6 0 8 16369 0
nod_40deg_1s 280 -16 16385 -81 0 17 16371 0
nod_40deg_1s 281 -27 16300 75 0 5 16362 0
nod_40deg_1s 282 -16 16374 -96 0 16 16363 0
nod_40deg_1s 283 37 16385 8 0 13 16365 0
nod_40deg_1s 284 -43 16457 35 0 7 16376 0
nod_40deg_1s 285 -38 16356 -21 0 8 16373 0
nod_40deg_1s 286 68 16422 -44 0 12 16379 0
nod_40deg_1s 287 -60 16393 -26 0 13 16380 0
nod_40deg_1s 288 -83 16408 85 0 0 16383 0
nod_40deg_1s 289 2 16397 46 0 -6 16384 0
nod_40deg_1s 290 -29 16423 -67 0 3 16388 0
nod_40deg_1s 291 -9 16425 15 0 0 16392 0
nod_40deg_1s 292 -16 16398 39 0 -5 16392 0
nod_40deg_1s 293 -102 16305 7 0 -6 16381 0
nod_40deg_1s 294 -4 16422 13 0 -7 16386 0
nod_40deg_1s 295 38 16432 -4 0 -6 16391 0
nod_40deg_1s 296 22 16356 -13 0 -4 16386 0
nod_40deg_1s 297 29 16443 7 0 -5 16393 0
nod_40deg_1s 298 12 16346 -14 0 -3 16387 0
nod_40deg_1s 299 -66 16447 46 0 -9 16394 0
nod_40deg_1s 300 147 16408 64 0 -16 16395 0
nod_40deg_1s 301 49 16368 -6 0 -14 16391 0
nod_40deg_1s 302 -4 16383 75 0 -22 16390 0
nod_40deg_1s 303 12 16351 43 0 -25 16385 0
nod_40deg_1s 304 52 16328 -43 0 -17 16377 0
nod_40deg_1s 305 18 16406 -49 0 -9 16380 0
nod_40deg_1s 306 44 16350 100 0 -21 16376 0
nod_40deg_1s 307 80 16377 6 0 -20 16376 0
nod_40deg_1s 308 -17 16437 -106 0 -5 16383 0
nod_40deg_1s 309 90 16311 -13 0 -3 16374 0
nod_40deg_1s 310 66 16372 -22 0 0 16373 0
nod_40deg_1s 311 -86 16357 -63 0 7 16371 0
nod_40deg_1s 312 -4 16344 -4 0 6 16367 0
nod_40deg_1s 313 -52 16385 14 0 3 16369 0
nod_40deg_1s 314 -43 16409 -33 0 6 16374 0
nod_40deg_1s 315 -16 16416 18 0 3 16379 0
nod_40deg_1s 316 29 16275 109 0 -11 16366 0
nod_40deg_1s 317 -1 16416 48 0 -16 16372 0
nod_40deg_1s 318 -44 16357 37 0 -19 16370 0
nod_40deg_1s 319 30 16316 27 0 -20 16363 0
nod_40deg_1s 320 86 16337 -60 0 -10 16359 0
nod_40deg_1s 321 29 16391 -49 0 -3 16363 0
nod_40deg_1s 322 3 16420 28 0 -7 16370 0
nod_40deg_1s 323 46 16369 -11 0 -5 16369 0
nod_40deg_1s 324 2 16380 56 0 -12 16370 0
nod_40deg_1s 325 -11 16422 80 0 -21 16376 0
nod_40deg_1s 326 -64 16292 -1 0 -19 16365 0
nod_40deg_1s 327 44 16403 -3 0 -17 16369 0
nod_40deg_1s 328 20 16310 -16 0 -13 16361 0
nod_40deg_1s 329 39 16412 79 0 -22 16367 0
sleep_50deg_20s 0 -33 16394 -44 0 5 2049 0
sleep_50deg_20s 1 -18 16269 38 0 -1 3826 0
sleep_50deg_20s 2 -1 16454 12 0 -3 5404 0
sleep_50deg_20s 3 -33 16333 -84 0 7 6770 0
sleep_50deg_20s 4 10 16429 13 0 4 7977 0
sleep_50deg_20s 5 -14 16353 -95 0 15 9024 0
sleep_50deg_20s 6 -19 16353 -88 0 24 9940 0
sleep_50deg_20s 7 27 16434 21 0 18 10751 0
sleep_50deg_20s 8 -41 16358 -75 0 25 11451 0
sleep_50deg_20s 9 17 16302 -39 0 26 12057 0
sleep_50deg_20s 10 -31 16381 -69 0 31 12597 0
sleep_50deg_20s 11 11 16462 -20 0 29 13080 0
sleep_50deg_20s 12 -2 16324 -1 0 25 13485 0
sleep_50deg_20s 13 13 16343 -27 0 25 13842 0
sleep_50deg_20s 14 -24 16384 -23 0 24 14159 0
sleep_50deg_20s 15 33 16385 -43 0 26 14437 0
sleep_50deg_20s 16 -58 16277 -27 0 26 14667 0
sleep_50deg_20s 17 44 16293 37 0 18 14870 0
sleep_50deg_20s 18 -84 16345 52 0 9 15054 0
sleep_50deg_20s 19 0 16342 86 0 -3 15215 0
sleep_50deg_20s 20 37 16429 -30 0 1 15366 0
sleep_50deg_20s 21 56 16357 -11 0 2 15489 0
sleep_50deg_20s 22 -12 16307 -61 0 9 15591 0
sleep_50deg_20s 23 85 16305 53 0 1 15680 0
sleep_50deg_20s 24 -81 16340 -9 0 2 15762 0
sleep_50deg_20s 25 3 16333 20 0 -1 15833 0
sleep_50deg_20s 26 9 16312 22 0 -4 15892 0
sleep_50deg_20s 27 -102 16379 -10 0 -3 15952 0
sleep_50deg_20s 28 -43 16346 -53 0 4 16001 0
sleep_50deg_20s 29 19 16405 -37 0 8 16051 0
sleep_50deg_20s 30 -16 16344 73 0 -3 16087 0
sleep_50deg_20s 31 -47 16439 -82 0 7 16131 0
sleep_50deg_20s 32 -2 16325 -29 0 9 16155 0
sleep_50deg_20s 33 -70 16441 -70 0 16 16190 0
sleep_50deg_20s 34 -17 16421 11 0 12 16218 0
sleep_50deg_20s 35 10 16470 32 0 6 16249 0
sleep_50deg_20s 36 -78 16421 -9 0 6 16270 0
sleep_50deg_20s 37 32 16357 21 0 2 16280 0
sleep_50deg_20s 38 -118 16360 20 0 -1 16290 0
sleep_50deg_20s 39 -22 16362 -8 0 0 16299 0
sleep_50deg_20s 40 -33 16334 74 0 -10 16303 0
sleep_50deg_20s 41 36 16332 54 0 -16 16306 0
sleep_50deg_20s 42 43 16295 46 0 -20 16304 0
sleep_50deg_20s 43 -10 16410 -13 0 -16 16317 0
sleep_50deg_20s 44 6 16333 -18 0 -12 16319 0
sleep_50deg_20s 45 43 16337 -14 0 -9 16321 0
sleep_50deg_20s 46 5 16445 4 0 -9 16336 0
sleep_50deg_20s 47 63 16354 43 0 -14 16338 0
sleep_50deg_20s 48 -104 16287 23 0 -16 16331 0
sleep_50deg_20s 49 15 16374 -69 0 -6 16336 0
sleep_50deg_20s 50 -39 16408 -118 0 9 16345 0
sleep_50deg_20s 51 75 16379 -10 0 9 16349 0
sleep_50deg_20s 52 -6 16314 50 0 1 16344 0
sleep_50deg_20s 53 -30 16358 -2 0 1 16345 0
sleep_50deg_20s 54 -31 16392 1 0 0 16350 0
sleep_50deg_20s 55 44 16351 -4 0 0 16350 0
sleep_50deg_20s 56 -84 16433 -233 0 29 16360 0
sleep_50deg_20s 57 -96 16356 -12 0 26 16359 0
sleep_50deg_20s 58 -46 16333 -9 0 23 16355 0
sleep_50deg_20s 59 -64 16371 -68 0 28 16357 0
sleep_50deg_20s 60 3 16291 -110 0 38 16348 0
sleep_50deg_20s 61 -97 16384 11 0 31 16352 0
sleep_50deg_20s 62 -39 16349 25 0 24 16351 0
sleep_50deg_20s 63 7 16401 -36 0 25 16357 0
sleep_50deg_20s 64 50 16374 75 0 12 16359 0
sleep_50deg_20s 65 33 16244 12 0 9 16344 0
sleep_50deg_20s 66 -2 16337 -70 0 16 16343 0
sleep_50deg_20s 67 -4 16509 4 0 13 16363 0
sleep_50deg_20s 68 -175 16378 39 0 6 16364 0
sleep_50deg_20s 69 69 16444 -23 0 8 16374 0
sleep_50deg_20s 70 -54 16319 60 0 -1 16367 0
sleep_50deg_20s 71 61 16356 70 0 -10 16365 0
sleep_50deg_20s 72 -46 16345 -65 0 -1 16362 0
sleep_50deg_20s 73 72 16350 1 0 -1 16360 0
sleep_50deg_20s 74 44 16378 51 0 -8 16362 0
sleep_50deg_20s 75 36 16419 -21 0 -5 16369 0
sleep_50deg_20s 76 0 16327 54 0 -12 16363 0
sleep_50deg_20s 77 6 16394 24 0 -14 16366 0
sleep_50deg_20s 78 68 16404 -35 0 -8 16370 0
sleep_50deg_20s 79 -4 16284 -1 0 -7 16359 0
sleep_50deg_20s 80 -61 16330 -77 0 3 16355 0
sleep_50deg_20s 81 -34 16463 153 0 -17 16368 0
sleep_50deg_20s 82 26 16351 -106 0 -2 16365 0
sleep_50deg_20s 83 -38 16304 -53 0 4 16357 0
sleep_50deg_20s 84 -35 16387 -39 0 8 16360 0
sleep_50deg_20s 85 33 16400 -43 0 12 16365 0
sleep_50deg_20s 86 40 16356 81 0 0 16363 0
sleep_50deg_20s 87 70 16382 -59 0 7 16365 0
sleep_50deg_20s 88 -23 16315 -2 0 6 16358 0
sleep_50deg_20s 89 62 16376 -41 0 10 16360 0
sleep_50deg_20s 90 -11 16434 60 0 1 16369 0
sleep_50deg_20s 91 6 16366 -1 0 1 16368 0
sleep_50deg_20s 92 25 16379 7 0 0 16369 0
sleep_50deg_20s 93 69 16399 -31 0 3 16372 0
sleep_50deg_20s 94 -59 16401 57 0 -5 16375 0
sleep_50deg_20s 95 -26 16427 17 0 -7 16381 0
sleep_50deg_20s 96 -41 16430 -34 0 -2 16387 0
sleep_50deg_20s 97 34 16379 0 0 -2 16386 0
sleep_50deg_20s 98 24 16297 -92 0 9 16374 0
sleep_50deg_20s 99 109 16405 53 0 1 16377 0
sleep_50deg_20s 100 27 16429 35 0 -4 16383 0
sleep_50deg_20s 101 17 16364 -469 0 55 16380 0
sleep_50deg_20s 102 -32 16374 -859 0 155 16379 0
sleep_50deg_20s 103 85 16372 -1428 0 314 16378 0
sleep_50deg_20s 104 21 16282 -1981 0 522 16366 0
sleep_50deg_20s 105 -10 16137 -2304 0 744 16337 0
sleep_50deg_20s 106 -27 16160 -2855 0 1007 16314 0
sleep_50deg_20s 107 -78 16046 -3364 0 1301 16280 0
sleep_50deg_20s 108 44 15915 -3777 0 1610 16234 0
sleep_50deg_20s 109 123 15855 -4221 0 1936 16186 0
sleep_50deg_20s 110 55 15625 -4670 0 2277 16115 0
sleep_50deg_20s 111 -119 15562 -5192 0 2641 16045 0
sleep_50deg_20s 112 7 15427 -5648 0 3016 15967 0
sleep_50deg_20s 113 -45 15188 -6037 0 3393 15869 0
sleep_50deg_20s 114 97 15023 -6434 0 3773 15763 0
sleep_50deg_20s 115 9 14881 -6839 0 4156 15652 0
sleep_50deg_20s 116 43 14660 -7429 0 4565 15528 0
sleep_50deg_20s 117 -19 14363 -7745 0 4962 15382 0
sleep_50deg_20s 118 -43 14103 -8221 0 5369 15222 0
sleep_50deg_20s 119 31 13939 -8642 0 5778 15061 0
sleep_50deg_20s 120 -98 13612 -9073 0 6189 14879 0
sleep_50deg_20s 121 -17 13370 -9409 0 6591 14690 0
sleep_50deg_20s 122 67 13124 -9852 0 6998 14494 0
sleep_50deg_20s 123 -14 12914 -10170 0 7394 14296 0
sleep_50deg_20s 124 -47 12564 -10450 0 7776 14079 0
sleep_50deg_20s 125 -94 12285 -10859 0 8161 13854 0
sleep_50deg_20s 126 20 11957 -11131 0 8532 13616 0
sleep_50deg_20s 127 -102 11563 -11634 0 8919 13359 0
sleep_50deg_20s 128 14 11231 -11963 0 9299 13093 0
sleep_50deg_20s 129 33 10925 -12185 0 9659 12822 1
sleep_50deg_20s 130 3 10469 -12531 0 10018 12527 2
sleep_50deg_20s 131 20 10478 -12664 0 10348 12270 3
sleep_50deg_20s 132 -88 10466 -12570 0 10625 12044 4
sleep_50deg_20s 133 -51 10566 -12499 0 10859 11859 5
sleep_50deg_20s 134 -9 10501 -12601 0 11076 11689 6
sleep_50deg_20s 135 -10 10480 -12565 0 11262 11537 7
sleep_50deg_20s 136 23 10601 -12470 0 11413 11420 8
sleep_50deg_20s 137 -38 10611 -12541 0 11554 11318 9
sleep_50deg_20s 138 43 10563 -12557 0 11679 11223 10
sleep_50deg_20s 139 49 10565 -12530 0 11785 11140 11
sleep_50deg_20s 140 2 10592 -12574 0 11883 11071 12
sleep_50deg_20s 141 -108 10525 -12579 0 11970 11002 13
sleep_50deg_20s 142 8 10655 -12531 0 12040 10958 14
sleep_50deg_20s 143 -6 10457 -12545 0 12103 10895 15
sleep_50deg_20s 144 -15 10480 -12614 0 12166 10843 16
sleep_50deg_20s 145 -42 10545 -12517 0 12209 10805 17
sleep_50deg_20s 146 -33 10555 -12618 0 12260 10773 18
sleep_50deg_20s 147 -49 10534 -12578 0 12299 10743 19
sleep_50deg_20s 148 35 10567 -12516 0 12326 10721 20
sleep_50deg_20s 149 -5 10593 -12617 0 12362 10705 21
sleep_50deg_20s 150 12 10639 -12549 0 12385 10696 22
sleep_50deg_20s 151 13 10570 -12554 0 12406 10680 23
sleep_50deg_20s 152 -26 10566 -12552 0 12424 10665 24
sleep_50deg_20s 153 -43 10591 -12498 0 12433 10655 25
sleep_50deg_20s 154 70 10526 -12569 0 12450 10638 26
sleep_50deg_20s 155 3 10492 -12493 0 12455 10619 27
sleep_50deg_20s 156 -11 10553 -12560 0 12468 10610 28
sleep_50deg_20s 157 13 10530 -12470 0 12468 10600 29
sleep_50deg_20s 158 -58 10516 -12538 0 12476 10589 30
sleep_50deg_20s 159 71 10539 -12552 0 12485 10582 31
sleep_50deg_20s 160 -54 10536 -12561 0 12494 10576 32
sleep_50deg_20s 161 37 10457 -12588 0 12505 10561 33
sleep_50deg_20s 162 106 10449 -12530 0 12508 10547 34
sleep_50deg_20s 163 7 10562 -12514 0 12508 10548 35
sleep_50deg_20s 164 -64 10572 -12546 0 12512 10551 36
sleep_50deg_20s 165 4 10509 -12457 0 12505 10545 37
sleep_50deg_20s 166 86 10502 -12530 0 12508 10539 38
sleep_50deg_20s 167 -15 10570 -12541 0 12512 10542 39
sleep_50deg_20s 168 51 10417 -12505 0 12511 10526 40
sleep_50deg_20s 169 -19 10461 -12605 0 12522 10517 41
sleep_50deg_20s 170 2 10594 -12598 0 12531 10526 42
sleep_50deg_20s 171 102 10556 -12574 0 12536 10529 43
sleep_50deg_20s 172 -66 10548 -12639 0 12548 10531 44
sleep_50deg_20s 173 -37 10576 -12511 0 12543 10536 45
sleep_50deg_20s 174 29 10626 -12587 0 12548 10547 46
sleep_50deg_20s 175 -85 10427 -12585 0 12552 10532 47
sleep_50deg_20s 176 32 10454 -12526 0 12548 10522 48
sleep_50deg_20s 177 -36 10546 -12597 0 12554 10525 49
sleep_50deg_20s 178 44 10546 -12595 1 12559 10527 50
sleep_50deg_20s 179 89 10517 -12523 0 12554 10525 51
sleep_50deg_20s 180 76 10514 -12557 0 12554 10523 52
sleep_50deg_20s 181 -16 10578 -12518 0 12549 10529 53
sleep_50deg_20s 182 9 10571 -12511 0 12544 10534 54
sleep_50deg_20s 183 -30 10533 -12512 0 12540 10533 55
sleep_50deg_20s 184 -58 10472 -12568 0 12543 10525 56
sleep_50deg_20s 185 15 10517 -12470 0 12533 10524 57
sleep_50deg_20s 186 23 10540 -12629 0 12545 10526 58
sleep_50deg_20s 187 45 10475 -12572 0 12548 10519 59
sleep_50deg_20s 188 -40 10497 -12528 0 12545 10516 60
sleep_50deg_20s 189 -56 10577 -12491 0 12538 10523 61
sleep_50deg_20s 190 9 10555 -12493 0 12532 10527 62
sleep_50deg_20s 191 17 10516 -12551 0 12534 10525 63
sleep_50deg_20s 192 9 10558 -12534 0 12534 10529 64
sleep_50deg_20s 193 6 10524 -12510 0 12531 10528 65
sleep_50deg_20s 194 28 10530 -12550 0 12533 10528 66
sleep_50deg_20s 195 -11 10624 -12466 0 12524 10540 67
sleep_50deg_20s 196 -16 10465 -12643 0 12538 10530 68
sleep_50deg_20s 197 82 10547 -12610 0 12547 10532 69
sleep_50deg_20s 198 -5 10499 -12532 0 12545 10527 70
sleep_50deg_20s 199 -47 10507 -12480 0 12536 10524 71
sleep_50deg_20s 200 35 10635 -12482 0 12529 10537 72
sleep_50deg_20s 201 -30 10549 -12663 0 12545 10538 73
sleep_50deg_20s 202 15 10508 -12521 0 12542 10534 74
sleep_50deg_20s 203 -96 10457 -12505 0 12537 10524 75
sleep_50deg_20s 204 -15 10571 -12570 0 12541 10529 76
sleep_50deg_20s 205 -12 10533 -12588 0 12546 10529 77
sleep_50deg_20s 206 50 10495 -12581 0 12550 10524 78
sleep_50deg_20s 207 -45 10538 -12495 0 12543 10525 79
sleep_50deg_20s 208 26 10497 -12541 0 12542 10521 80
sleep_50deg_20s 209 22 10441 -12610 0 12550 10511 81
sleep_50deg_20s 210 -20 10571 -12535 0 12548 10518 82
sleep_50deg_20s 211 11 10515 -12461 0 12537 10517 83
sleep_50deg_20s 212 56 10525 -12600 0 12544 10518 84
sleep_50deg_20s 213 12 10478 -12628 0 12554 10513 85
sleep_50deg_20s 214 -31 10560 -12554 0 12554 10518 86
sleep_50deg_20s 215 86 10598 -12517 0 12549 10528 87
sleep_50deg_20s 216 58 10539 -12554 0 12549 10529 88
sleep_50deg_20s 217 39 10519 -12551 0 12549 10527 89
sleep_50deg_20s 218 -12 10479 -12559 0 12550 10521 90
sleep_50deg_20s 219 25 10527 -12604 0 12556 10521 91
sleep_50deg_20s 220 -74 10495 -12561 0 12556 10517 92
sleep_50deg_20s 221 -31 10527 -12514 0 12550 10518 93
sleep_50deg_20s 222 -9 10482 -12537 0 12548 10513 94
sleep_50deg_20s 223 23 10476 -12523 0 12544 10508 95
sleep_50deg_20s 224 18 10582 -12609 0 12552 10517 96
sleep_50deg_20s 225 54 10487 -12650 0 12564 10513 97
sleep_50deg_20s 226 -51 10531 -12632 0 12572 10515 98
sleep_50deg_20s 227 7 10435 -12609 0 12576 10505 99
sleep_50deg_20s 228 31 10568 -12599 0 12578 10512 100
sleep_50deg_20s 229 69 10563 -12558 0 12575 10518 101
sleep_50deg_20s 230 -89 10467 -12697 0 12590 10511 102
sleep_50deg_20s 231 -52 10585 -12555 0 12585 10520 103
sleep_50deg_20s 232 -34 10629 -12504 0 12574 10533 104
sleep_50deg_20s 233 -59 10546 -12573 0 12573 10534 105
sleep_50deg_20s 234 -15 10471 -12514 0 12565 10526 106
sleep_50deg_20s 235 10 10625 -12543 0 12562 10538 107
sleep_50deg_20s 236 -23 10532 -12605 0 12567 10537 108
sleep_50deg_20s 237 51 10448 -12507 0 12559 10525 109
sleep_50deg_20s 238 51 10661 -12537 0 12556 10542 110
sleep_50deg_20s 239 25 10523 -12527 0 12552 10539 111
sleep_50deg_20s 240 26 10513 -12461 0 12540 10535 112
sleep_50deg_20s 241 21 10465 -12610 0 12548 10526 113
sleep_50deg_20s 242 44 10587 -12444 0 12535 10533 114
sleep_50deg_20s 243 40 10563 -12598 0 12542 10536 115
sleep_50deg_20s 244 -38 10475 -12414 0 12526 10528 116
sleep_50deg_20s 245 -98 10608 -12606 0 12536 10538 117
sleep_50deg_20s 246 -23 10515 -12641 0 12549 10535 118
sleep_50deg_20s 247 -42 10498 -12511 0 12544 10530 119
sleep_50deg_20s 248 -27 10516 -12519 0 12540 10528 120
sleep_50deg_20s 249 18 10547 -12576 0 12544 10530 121
sleep_50deg_20s 250 62 10590 -12541 0 12543 10537 122
sleep_50deg_20s 251 -42 10518 -12616 0 12552 10534 123
sleep_50deg_20s 252 0 10467 -12581 0 12555 10525 124
sleep_50deg_20s 253 40 10465 -12514 0 12549 10517 125
sleep_50deg_20s 254 19 10542 -12547 0 12548 10520 126
sleep_50deg_20s 255 -58 10570 -12600 0 12554 10526 127
sleep_50deg_20s 256 31 10480 -12534 0 12551 10520 128
sleep_50deg_20s 257 41 10488 -12552 0 12551 10516 129
sleep_50deg_20s 258 -43 10504 -12512 0 12546 10514 130
sleep_50deg_20s 259 -28 10495 -12629 0 12556 10511 131
sleep_50deg_20s 260 83 10564 -12515 0 12550 10517 132
sleep_50deg_20s 261 -59 10462 -12585 0 12554 10510 133
sleep_50deg_20s 262 19 10509 -12565 0 12555 10509 134
sleep_50deg_20s 263 7 10389 -12507 0 12549 10494 135
sleep_50deg_20s 264 -25 10370 -12593 0 12554 10478 136
sleep_50deg_20s 265 -3 10566 -12624 0 12562 10489 137
sleep_50deg_20s 266 -20 10486 -12552 0 12560 10488 138
sleep_50deg_20s 267 55 10587 -12503 0 12552 10500 139
sleep_50deg_20s 268 -9 10461 -12581 0 12555 10495 140
sleep_50deg_20s 269 -23 10569 -12494 0 12547 10504 141
sleep_50deg_20s 270 50 10593 -12597 0 12553 10515 142
sleep_50deg_20s 271 -29 10555 -12532 0 12550 10520 143
sleep_50deg_20s 272 -7 10584 -12544 0 12549 10528 144
sleep_50deg_20s 273 -46 10487 -12567 0 12551 10522 145
sleep_50deg_20s 274 -16 10557 -12499 0 12544 10526 146
sleep_50deg_20s 275 36 10468 -12555 0 12545 10518 147
sleep_50deg_20s 276 -12 10493 -12573 0 12548 10514 148
sleep_50deg_20s 277 74 10467 -12570 0 12550 10508 149
sleep_50deg_20s 278 -22 10568 -12565 0 12551 10515 150
sleep_50deg_20s 279 -16 10566 -12576 0 12554 10521 151
sleep_50deg_20s 280 -8 10602 -12530 0 12551 10531 152
sleep_50deg_20s 281 64 10561 -12533 0 12548 10534 153
sleep_50deg_20s 282 -81 10513 -12572 0 12551 10531 154
sleep_50deg_20s 283 129 10478 -12564 0 12552 10524 155
sleep_50deg_20s 284 20 10506 -12539 0 12550 10521 156
sleep_50deg_20s 285 -31 10496 -12602 0 12556 10517 157
sleep_50deg_20s 286 12 10543 -12552 0 12555 10520 158
sleep_50deg_20s 287 87 10650 -12453 0 12542 10536 159
sleep_50deg_20s 288 25 10523 -12549 0 12542 10534 160
sleep_50deg_20s 289 59 10560 -12464 0 12532 10537 161
sleep_50deg_20s 290 -7 10548 -12484 0 12526 10538 162
sleep_50deg_20s 291 52 10518 -12560 0 12530 10535 163
sleep_50deg_20s 292 -45 10498 -12587 0 12537 10530 164
sleep_50deg_20s 293 51 10561 -12557 0 12539 10533 165
sleep_50deg_20s 294 -70 10483 -12574 0 12543 10526 166
sleep_50deg_20s 295 -26 10480 -12444 0 12530 10520 167
sleep_50deg_20s 296 -107 10442 -12437 0 12518 10510 168
sleep_50deg_20s 297 28 10560 -12601 0 12528 10516 169
sleep_50deg_20s 298 -89 10544 -12574 0 12533 10519 170
sleep_50deg_20s 299 -8 10537 -12543 0 12534 10521 171
sleep_50deg_20s 300 7 10651 -12653 0 12548 10537 172
sleep_50deg_20s 301 79 10525 -12588 0 12553 10535 173
sleep_50deg_20s 302 -17 10558 -12525 0 12549 10537 174
sleep_50deg_20s 303 -103 10496 -12531 0 12546 10531 175
sleep_50deg_20s 304 -9 10543 -12538 0 12545 10532 176
sleep_50deg_20s 305 83 10544 -12447 0 12532 10533 177
sleep_50deg_20s 306 27 10579 -12532 0 12532 10538 178
sleep_50deg_20s 307 -69 10568 -12552 0 12534 10541 179
sleep_50deg_20s 308 -44 10575 -12567 0 12538 10545 180
sleep_50deg_20s 309 30 10600 -12489 0 12531 10551 181
sleep_50deg_20s 310 26 10591 -12478 0 12524 10556 182
sleep_50deg_20s 311 -32 10579 -12559 0 12528 10558 183
sleep_50deg_20s 312 -100 10590 -12602 0 12537 10562 184
sleep_50deg_20s 313 52 10522 -12513 0 12534 10557 185
sleep_50deg_20s 314 -59 10522 -12556 0 12536 10552 186
sleep_50deg_20s 315 49 10503 -12622 0 12546 10545 187
sleep_50deg_20s 316 48 10516 -12510 0 12541 10541 188
sleep_50deg_20s 317 -63 10531 -12581 0 12546 10539 189
sleep_50deg_20s 318 9 10573 -12590 0 12551 10543 190
sleep_50deg_20s 319 46 10539 -12628 0 12560 10542 191
sleep_50deg_20s 320 33 10599 -12543 0 12557 10549 192
sleep_50deg_20s 321 -44 10513 -12582 0 12560 10544 193
sleep_50deg_20s 322 -47 10554 -12466 0 12548 10545 194
sleep_50deg_20s 323 15 10594 -12537 0 12546 10551 195
sleep_50deg_20s 324 73 10602 -12561 0 12547 10557 196
sleep_50deg_20s 325 57 10533 -12468 0 12537 10554 197
sleep_50deg_20s 326 3 10568 -12524 0 12535 10555 198
sleep_50deg_20s 327 -38 10482 -12544 0 12536 10545 199
sleep_50deg_20s 328 -16 10480 -12581 0 12541 10536 200
sleep_50deg_20s 329 29 10474 -12589 0 12547 10528 201
sleep_50deg_20s 330 -105 10592 -12563 0 12549 10536 202
sleep_50deg_20s 331 3 10485 -12565 0 12551 10529 203
sleep_50deg_20s 332 -32 10465 -12632 0 12561 10521 204
sleep_50deg_20s 333 61 10488 -12704 0 12578 10516 205
sleep_50deg_20s 334 -29 10517 -12566 0 12576 10516 206
sleep_50deg_20s 335 -1 10511 -12534 0 12570 10515 207
sleep_50deg_20s 336 -60 10441 -12617 0 12575 10505 208
sleep_50deg_20s 337 30 10559 -12545 0 12571 10511 209
sleep_50deg_20s 338 46 10444 -12524 0 12565 10502 210
sleep_50deg_20s 339 18 10472 -12543 0 12562 10498 211
sleep_50deg_20s 340 -18 10522 -12632 0 12570 10501 212
sleep_50deg_20s 341 22 10492 -12546 0 12567 10499 213
sleep_50deg_20s 342 43 10468 -12588 0 12569 10495 214
sleep_50deg_20s 343 -89 10563 -12477 0 12557 10503 215
sleep_50deg_20s 344 -17 10518 -12526 0 12553 10504 216
sleep_50deg_20s 345 -11 10538 -12579 0 12556 10508 217
sleep_50deg_20s 346 -7 10576 -12583 0 12559 10516 218
sleep_50deg_20s 347 18 10510 -12559 0 12559 10515 219
sleep_50deg_20s 348 -16 10568 -12594 0 12563 10521 220
sleep_50deg_20s 349 3 10472 -12568 0 12563 10514 221
sleep_50deg_20s 350 -27 10492 -12554 0 12561 10511 222
sleep_50deg_20s 351 -50 10561 -12552 0 12559 10517 223
sleep_50deg_20s 352 12 10590 -12540 0 12556 10526 224
sleep_50deg_20s 353 47 10480 -12503 0 12549 10520 225
sleep_50deg_20s 354 102 10483 -12613 0 12557 10515 226
sleep_50deg_20s 355 33 10637 -12582 0 12560 10530 227
sleep_50deg_20s 356 22 10561 -12584 0 12563 10533 228
sleep_50deg_20s 357 28 10515 -12592 0 12566 10530 229
sleep_50deg_20s 358 -38 10552 -12564 0 12565 10532 230
sleep_50deg_20s 359 61 10576 -12594 0 12568 10537 231
sleep_50deg_20s 360 -43 10563 -12596 0 12571 10540 232
sleep_50deg_20s 361 29 10553 -12622 0 12577 10541 233
sleep_50deg_20s 362 -30 10632 -12465 0 12563 10552 234
sleep_50deg_20s 363 -27 10547 -12539 0 12560 10551 235
sleep_50deg_20s 364 -39 10509 -12542 0 12557 10545 236
sleep_50deg_20s 365 -22 10600 -12522 0 12552 10551 237
sleep_50deg_20s 366 20 10532 -12610 0 12559 10548 238
sleep_50deg_20s 367 -12 10499 -12566 0 12559 10541 239
sleep_50deg_20s 368 -47 10530 -12500 0 12551 10539 240
sleep_50deg_20s 369 70 10690 -12533 0 12548 10557 241
sleep_50deg_20s 370 49 10491 -12522 0 12544 10548 242
sleep_50deg_20s 371 -38 10512 -12553 0 12545 10543 243
sleep_50deg_20s 372 21 10529 -12581 0 12549 10541 244
sleep_50deg_20s 373 -77 10660 -12640 0 12560 10555 245
sleep_50deg_20s 374 69 10579 -12486 0 12550 10558 246
sleep_50deg_20s 375 100 10613 -12511 0 12545 10564 247
sleep_50deg_20s 376 -57 10560 -12638 0 12556 10563 248
sleep_50deg_20s 377 48 10605 -12614 0 12563 10568 249
sleep_50deg_20s 378 -44 10603 -12519 0 12557 10572 250
sleep_50deg_20s 379 34 10531 -12600 0 12562 10566 251
sleep_50deg_20s 380 -16 10674 -12526 0 12557 10579 252
sleep_50deg_20s 381 31 10634 -12605 0 12563 10585 253
sleep_50deg_20s 382 -1 10566 -12554 0 12561 10582 254
sleep_50deg_20s 383 54 10490 -12633 0 12570 10570 255
sleep_50deg_20s 384 -27 10621 -12510 0 12562 10576 256
sleep_50deg_20s 385 -37 10581 -12539 0 12559 10576 257
sleep_50deg_20s 386 -33 10552 -12578 0 12561 10573 258
sleep_50deg_20s 387 13 10526 -12515 0 12555 10567 259
sleep_50deg_20s 388 -8 10489 -12472 0 12544 10557 260
sleep_50deg_20s 389 -1 10512 -12567 0 12546 10551 261
sleep_50deg_20s 390 -25 10597 -12587 0 12551 10556 262
sleep_50deg_20s 391 31 10524 -12551 0 12551 10552 263
sleep_50deg_20s 392 -7 10516 -12583 0 12555 10547 264
sleep_50deg_20s 393 -17 10563 -12510 0 12549 10549 265
sleep_50deg_20s 394 -97 10477 -12587 0 12553 10540 266
sleep_50deg_20s 395 16 10539 -12571 0 12555 10539 267
sleep_50deg_20s 396 -5 10433 -12468 0 12544 10525 268
sleep_50deg_20s 397 -32 10481 -12578 0 12548 10519 269
sleep_50deg_20s 398 -35 10537 -12534 0 12546 10521 270
sleep_50deg_20s 399 3 10561 -12509 0 12541 10526 271
sleep_50deg_20s 400 93 10424 -12484 0 12533 10513 272
sleep_50deg_20s 401 -41 10503 -12548 0 12534 10511 273
sleep_50deg_20s 402 -83 10583 -12657 0 12549 10520 274
sleep_50deg_20s 403 -12 10534 -12533 0 12547 10521 275
sleep_50deg_20s 404 -68 10566 -12594 0 12552 10526 276
sleep_50deg_20s 405 -24 10583 -12561 0 12553 10533 277
sleep_50deg_20s 406 -65 10556 -12559 0 12553 10535 278
sleep_50deg_20s 407 33 10478 -12611 0 12560 10527 279
sleep_50deg_20s 408 -47 10541 -12559 0 12559 10528 280
sleep_50deg_20s 409 -53 10513 -12509 0 12552 10526 281
sleep_50deg_20s 410 -34 10518 -12610 0 12559 10525 282
sleep_50deg_20s 411 -24 10550 -12536 0 12556 10528 283
sleep_50deg_20s 412 -9 10641 -12563 0 12556 10542 284
sleep_50deg_20s 413 -20 10442 -12542 0 12554 10529 285
sleep_50deg_20s 414 -72 10576 -12586 0 12558 10534 286
sleep_50deg_20s 415 -117 10537 -12581 0 12560 10534 287
sleep_50deg_20s 416 57 10543 -12537 0 12557 10535 288
sleep_50deg_20s 417 -18 10520 -12604 0 12562 10533 289
sleep_50deg_20s 418 -45 10485 -12601 0 12566 10527 290
sleep_50deg_20s 419 44 10531 -12620 0 12572 10527 291
sleep_50deg_20s 420 43 10491 -12556 0 12570 10522 292
sleep_50deg_20s 421 42 10553 -12525 0 12564 10525 293
sleep_50deg_20s 422 11 10455 -12535 0 12560 10516 294
sleep_50deg_20s 423 -27 10511 -12607 0 12565 10515 295
sleep_50deg_20s 424 3 10523 -12555 0 12563 10516 296
sleep_50deg_20s 425 -39 10520 -12669 0 12576 10516 297
sleep_50deg_20s 426 -15 10516 -12497 0 12566 10516 298
sleep_50deg_20s 427 -11 10476 -12489 0 12556 10511 299
sleep_50deg_20s 428 -53 10548 -12585 0 12559 10515 300
sleep_50deg_20s 429 -56 10560 -12571 0 12560 10520 301
sleep_50deg_20s 430 -69 10633 -12563 0 12560 10534 302
sleep_50deg_20s 431 -4 10493 -12535 0 12556 10528 303
sleep_50deg_20s 432 -55 10561 -12569 0 12557 10532 304
sleep_50deg_20s 433 -27 10477 -12579 0 12559 10525 305
sleep_50deg_20s 434 -27 10546 -12596 0 12563 10527 306
sleep_50deg_20s 435 -33 10532 -12521 0 12557 10527 307
sleep_50deg_20s 436 46 10489 -12650 0 12568 10522 308
sleep_50deg_20s 437 7 10460 -12486 0 12557 10514 309
sleep_50deg_20s 438 -26 10509 -12468 0 12545 10513 310
sleep_50deg_20s 439 -73 10596 -12570 0 12548 10523 311
sleep_50deg_20s 440 -26 10624 -12560 0 12549 10535 312
sleep_50deg_20s 441 -35 10520 -12498 0 12542 10533 313
sleep_50deg_20s 442 39 10578 -12518 0 12539 10538 314
sleep_50deg_20s 443 14 10455 -12618 0 12548 10527 315
sleep_50deg_20s 444 -13 10424 -12453 0 12536 10514 316
sleep_50deg_20s 445 8 10471 -12558 0 12538 10508 317
sleep_50deg_20s 446 35 10570 -12569 0 12541 10515 318
sleep_50deg_20s 447 52 10592 -12517 0 12538 10524 319
sleep_50deg_20s 448 163 10480 -12528 0 12536 10518 320
sleep_50deg_20s 449 44 10479 -12561 0 12539 10513 321
sleep_50deg_20s 450 2 10536 -12633 0 12550 10515 322
sleep_50deg_20s 451 34 10512 -12486 0 12542 10514 323
sleep_50deg_20s 452 -29 10494 -12531 0 12540 10511 324
sleep_50deg_20s 453 -22 10600 -12574 0 12544 10522 325
sleep_50deg_20s 454 17 10489 -12553 0 12545 10517 326
sleep_50deg_20s 455 58 10463 -12515 0 12541 10510 327
sleep_50deg_20s 456 2 10553 -12598 0 12548 10515 328
sleep_50deg_20s 457 -10 10446 -12517 0 12544 10506 329
sleep_50deg_20s 458 -73 10494 -12558 0 12545 10504 330
sleep_50deg_20s 459 -37 10547 -12555 0 12546 10509 331
sleep_50deg_20s 460 -4 10494 -12543 0 12545 10507 332
sleep_50deg_20s 461 -10 10452 -12455 0 12533 10500 333
sleep_50deg_20s 462 13 10476 -12531 0 12532 10497 334
sleep_50deg_20s 463 -1 10499 -12617 0 12542 10497 335
sleep_50deg_20s 464 96 10552 -12538 0 12541 10503 336
sleep_50deg_20s 465 -7 10506 -12624 0 12551 10503 337
sleep_50deg_20s 466 52 10611 -12457 0 12539 10516 338
sleep_50deg_20s 467 14 10564 -12562 0 12541 10522 339
sleep_50deg_20s 468 -30 10585 -12563 0 12543 10529 340
sleep_50deg_20s 469 38 10592 -12534 0 12541 10536 341
sleep_50deg_20s 470 30 10513 -12598 0 12548 10533 342
sleep_50deg_20s 471 -29 10615 -12485 0 12540 10543 343
sleep_50deg_20s 472 24 10512 -12543 0 12540 10539 344
sleep_50deg_20s 473 33 10576 -12634 0 12551 10543 345
sleep_50deg_20s 474 35 10531 -12596 0 12556 10541 346
sleep_50deg_20s 475 -77 10513 -12506 0 12549 10537 347
sleep_50deg_20s 476 133 10592 -12494 0 12542 10543 348
sleep_50deg_20s 477 -36 10519 -12510 0 12538 10540 349
sleep_50deg_20s 478 8 10495 -12469 0 12529 10534 350
sleep_50deg_20s 479 26 10586 -12590 0 12536 10540 351
sleep_50deg_20s 480 8 10606 -12510 0 12532 10548 352
sleep_50deg_20s 481 -65 10536 -12511 0 12529 10546 353
sleep_50deg_20s 482 -26 10457 -12576 0 12534 10534 354
sleep_50deg_20s 483 -16 10537 -12559 0 12537 10534 355
sleep_50deg_20s 484 -8 10571 -12633 0 12549 10538 356
sleep_50deg_20s 485 -47 10592 -12474 0 12539 10544 357
sleep_50deg_20s 486 -87 10582 -12524 0 12537 10548 358
sleep_50deg_20s 487 -6 10455 -12615 0 12546 10536 359
sleep_50deg_20s 488 34 10577 -12611 0 12554 10541 360
sleep_50deg_20s 489 -21 10614 -12510 0 12548 10550 361
sleep_50deg_20s 490 -23 10577 -12529 0 12545 10553 362
sleep_50deg_20s 491 -17 10535 -12596 0 12551 10550 363
sleep_50deg_20s 492 -109 10452 -12568 0 12553 10537 364
sleep_50deg_20s 493 -3 10674 -12593 0 12558 10554 365
sleep_50deg_20s 494 -23 10512 -12490 0 12549 10548 366
sleep_50deg_20s 495 111 10516 -12481 0 12540 10544 367
sleep_50deg_20s 496 -34 10560 -12593 0 12546 10546 368
sleep_50deg_20s 497 42 10604 -12640 0 12557 10553 369
sleep_50deg_20s 498 -3 10590 -12518 0 12552 10557 370
sleep_50deg_20s 499 -66 10426 -12509 0 12546 10540 371
sleep_50deg_20s 500 14 10510 -12617 0 12554 10536 372
sleep_50deg_20s 501 -31 10448 -12611 0 12561 10525 373
sleep_50deg_20s 502 -2 10455 -12602 0 12566 10516 374
sleep_50deg_20s 503 -46 10545 -12532 0 12561 10519 375
sleep_50deg_20s 504 14 10544 -12619 0 12568 10522 376
sleep_50deg_20s 505 -8 10570 -12573 0 12568 10528 377
sleep_50deg_20s 506 36 10526 -12501 0 12559 10527 378
sleep_50deg_20s 507 122 10483 -12600 0 12564 10521 379
sleep_50deg_20s 508 6 10563 -12557 0 12563 10526 380
sleep_50deg_20s 509 -31 10557 -12477 0 12552 10529 381
sleep_50deg_20s 510 6 10536 -12429 0 12536 10529 382
sleep_50deg_20s 511 63 10508 -12549 0 12537 10526 383
sleep_50deg_20s 512 63 10562 -12586 0 12543 10530 384
sleep_50deg_20s 513 -34 10547 -12531 0 12541 10532 385
sleep_50deg_20s 514 -48 10605 -12474 0 12532 10541 386
sleep_50deg_20s 515 8 10581 -12576 0 12537 10546 387
sleep_50deg_20s 516 5 10558 -12569 0 12541 10547 388
sleep_50deg_20s 517 0 10579 -12552 0 12542 10551 389
sleep_50deg_20s 518 -1 10608 -12511 0 12538 10558 390
sleep_50deg_20s 519 -98 10598 -12634 0 12550 10563 391
sleep_50deg_20s 520 -88 10478 -12571 0 12552 10552 392
sleep_50deg_20s 521 -34 10508 -12628 0 12561 10546 393
sleep_50deg_20s 522 -32 10505 -12566 0 12561 10540 394
sleep_50deg_20s 523 16 10445 -12644 0 12571 10528 395
sleep_50deg_20s 524 -59 10596 -12647 0 12580 10536 396
sleep_50deg_20s 525 100 10573 -12575 0 12579 10540 397
sleep_50deg_20s 526 -26 10575 -12525 0 12572 10544 398
sleep_50deg_20s 527 -44 10512 -12424 0 12553 10540 399
sleep_50deg_20s 528 -70 10584 -12555 0 12553 10545 400
sleep_50deg_20s 529 27 10538 -12461 0 12541 10544 401
sleep_50deg_20s 530 -40 10574 -12635 0 12552 10547 402
sleep_50deg_20s 531 2 10588 -12594 0 12557 10552 403
sleep_50deg_20s 532 37 10469 -12522 0 12552 10541 404
sleep_50deg_20s 533 118 10640 -12531 0 12549 10553 405
sleep_50deg_20s 534 -35 10516 -12513 0 12544 10548 406
sleep_50deg_20s 535 -30 10555 -12490 0 12537 10548 407
sleep_50deg_20s 536 24 10484 -12533 0 12536 10540 408
sleep_50deg_20s 537 21 10433 -12544 0 12537 10526 409
sleep_50deg_20s 538 94 10534 -12589 0 12543 10527 410
sleep_50deg_20s 539 23 10576 -12521 0 12540 10533 411
sleep_50deg_20s 540 -28 10583 -12453 0 12529 10539 412
sleep_50deg_20s 541 -57 10521 -12533 0 12529 10536 413
sleep_50deg_20s 542 -22 10562 -12514 0 12527 10539 414
sleep_50deg_20s 543 -14 10583 -12620 0 12538 10544 415
sleep_50deg_20s 544 -6 10520 -12559 0 12540 10541 416
sleep_50deg_20s 545 7 10609 -12544 0 12540 10549 417
sleep_50deg_20s 546 11 10476 -12562 0 12542 10539 418
sleep_50deg_20s 547 69 10486 -12542 0 12542 10532 419
sleep_50deg_20s 548 57 10480 -12525 0 12539 10525 420
sleep_50deg_20s 549 -1 10538 -12583 0 12544 10526 421
sleep_50deg_20s 550 134 10517 -12512 0 12540 10524 422
sleep_50deg_20s 551 -36 10431 -12544 0 12540 10512 423
sleep_50deg_20s 552 -24 10553 -12551 0 12541 10517 424
sleep_50deg_20s 553 53 10590 -12530 0 12539 10526 425
sleep_50deg_20s 554 98 10545 -12570 0 12542 10528 426
sleep_50deg_20s 555 -33 10526 -12496 0 12536 10527 427
sleep_50deg_20s 556 36 10476 -12592 0 12543 10520 428
sleep_50deg_20s 557 -55 10526 -12565 0 12545 10520 429
sleep_50deg_20s 558 98 10591 -12512 0 12540 10528 430
sleep_50deg_20s 559 -52 10598 -12615 0 12549 10536 431
sleep_50deg_20s 560 -7 10586 -12535 0 12547 10542 432
sleep_50deg_20s 561 -20 10602 -12662 0 12561 10549 433
sleep_50deg_20s 562 -4 10559 -12532 0 12557 10550 434
sleep_50deg_20s 563 -4 10560 -12441 0 12542 10551 435
sleep_50deg_20s 564 10 10499 -12580 0 12546 10544 436
sleep_50deg_20s 565 49 10568 -12571 0 12549 10547 437
sleep_50deg_20s 566 154 10462 -12541 0 12548 10536 438
sleep_50deg_20s 567 60 10543 -12632 0 12558 10536 439
sleep_50deg_20s 568 -81 10611 -12583 0 12561 10545 440
sleep_50deg_20s 569 -120 10568 -12518 0 12555 10547 441
sleep_50deg_20s 570 -7 10552 -12477 0 12545 10547 442
sleep_50deg_20s 571 -26 10543 -12569 0 12548 10546 443
sleep_50deg_20s 572 25 10473 -12468 0 12538 10536 444
sleep_50deg_20s 573 0 10570 -12566 0 12541 10540 445
sleep_50deg_20s 574 125 10426 -12546 0 12541 10525 446
sleep_50deg_20s 575 -84 10560 -12557 0 12543 10529 447
sleep_50deg_20s 576 26 10523 -12537 0 12542 10528 448
sleep_50deg_20s 577 -67 10569 -12535 0 12541 10533 449
sleep_50deg_20s 578 -27 10515 -12551 0 12542 10530 450
sleep_50deg_20s 579 52 10627 -12587 0 12547 10542 451
sleep_50deg_20s 580 -94 10515 -12512 0 12542 10538 452
sleep_50deg_20s 581 20 10549 -12520 0 12539 10539 453
sleep_50deg_20s 582 -3 10505 -12481 0 12531 10534 454
sleep_50deg_20s 583 -36 10526 -12465 0 12522 10533 455
sleep_50deg_20s 584 -70 10522 -12520 0 12521 10531 456
sleep_50deg_20s 585 68 10623 -12566 0 12526 10542 457
sleep_50deg_20s 586 57 10596 -12534 0 12527 10548 458
sleep_50deg_20s 587 80 10582 -12628 0 12539 10552 459
sleep_50deg_20s 588 -79 10487 -12499 0 12534 10543 460
sleep_50deg_20s 589 7 10471 -12615 0 12544 10534 461
sleep_50deg_20s 590 -39 10517 -12571 0 12547 10531 462
sleep_50deg_20s 591 -38 10587 -12510 0 12542 10538 463
sleep_50deg_20s 592 -43 10499 -12611 0 12550 10533 464
sleep_50deg_20s 593 -2 10519 -12608 0 12557 10531 465
sleep_50deg_20s 594 59 10507 -12526 0 12553 10528 466
sleep_50deg_20s 595 31 10573 -12619 0 12561 10533 467
sleep_50deg_20s 596 -19 10508 -12568 0 12561 10529 468
sleep_50deg_20s 597 -34 10512 -12603 0 12566 10526 469
sleep_50deg_20s 598 -45 10509 -12521 0 12560 10523 470
sleep_50deg_20s 599 1 10555 -12477 0 12549 10527 471
sleep_50deg_20s 600 -40 10594 -12521 0 12545 10535 472
sleep_50deg_20s 601 41 10522 -12615 0 12553 10533 473
sleep_50deg_20s 602 -15 10454 -12540 0 12551 10523 474
sleep_50deg_20s 603 -23 10491 -12583 0 12555 10519 475
sleep_50deg_20s 604 -29 10515 -12675 0 12570 10518 476
sleep_50deg_20s 605 -57 10459 -12595 0 12573 10510 477
sleep_50deg_20s 606 4 10575 -12500 0 12563 10518 478
sleep_50deg_20s 607 -69 10510 -12552 0 12561 10517 479
sleep_50deg_20s 608 -57 10514 -12562 0 12561 10516 480
sleep_50deg_20s 609 18 10540 -12525 0 12556 10519 481
sleep_50deg_20s 610 -104 10514 -12552 0 12555 10518 482
sleep_50deg_20s 611 -24 10509 -12564 0 12556 10516 483
sleep_50deg_20s 612 75 10466 -12509 0 12550 10509 484
sleep_50deg_20s 613 -25 10498 -12531 0 12547 10507 485
sleep_50deg_20s 614 13 10579 -12682 0 12563 10516 486
sleep_50deg_20s 615 114 10520 -12472 0 12551 10516 487
sleep_50deg_20s 616 10 10468 -12483 0 12542 10510 488
sleep_50deg_20s 617 -17 10503 -12510 0 12538 10509 489
sleep_50deg_20s 618 -9 10478 -12536 0 12537 10505 490
sleep_50deg_20s 619 -33 10555 -12503 0 12532 10511 491
sleep_50deg_20s 620 26 10539 -12590 0 12539 10514 492
sleep_50deg_20s 621 -18 10539 -12570 0 12542 10517 493
sleep_50deg_20s 622 76 10543 -12571 0 12545 10520 494
sleep_50deg_20s 623 -48 10523 -12516 0 12541 10520 495
sleep_50deg_20s 624 -39 10459 -12551 0 12542 10512 496
sleep_50deg_20s 625 -43 10566 -12580 0 12546 10518 497
sleep_50deg_20s 626 6 10441 -12591 0 12551 10508 498
sleep_50deg_20s 627 19 10550 -12519 0 12547 10513 499
sleep_50deg_20s 628 50 10544 -12478 0 12538 10516 500
sleep_50deg_20s 629 -15 10546 -12519 0 12535 10519 501
sleep_50deg_20s 630 -70 10478 -12545 0 12536 10513 502
sleep_50deg_20s 631 -56 10522 -12538 0 12536 10514 503
sleep_50deg_20s 632 -33 10659 -12579 0 12541 10532 504
sleep_50deg_20s 633 -50 10579 -12580 0 12545 10537 505
sleep_50deg_20s 634 -44 10534 -12499 0 12539 10536 506
sleep_50deg_20s 635 4 10494 -12550 0 12540 10530 507
sleep_50deg_20s 636 25 10575 -12572 0 12544 10535 508
sleep_50deg_20s 637 -26 10444 -12553 0 12545 10523 509
sleep_50deg_20s 638 -65 10528 -12548 0 12545 10523 510
sleep_50deg_20s 639 11 10586 -12560 0 12546 10530 511
sleep_50deg_20s 640 38 10509 -12539 0 12545 10527 512
sleep_50deg_20s 641 -42 10527 -12614 0 12553 10527 513
sleep_50deg_20s 642 53 10560 -12562 0 12554 10531 514
sleep_50deg_20s 643 37 10570 -12600 0 12559 10535 515
sleep_50deg_20s 644 36 10485 -12457 0 12546 10528 516
sleep_50deg_20s 645 59 10607 -12518 0 12542 10537 517
sleep_50deg_20s 646 14 10511 -12531 0 12540 10533 518
sleep_50deg_20s 647 17 10581 -12579 0 12544 10539 519
sleep_50deg_20s 648 24 10537 -12530 0 12542 10538 520
sleep_50deg_20s 649 60 10512 -12529 0 12540 10534 521
sleep_50deg_20s 650 58 10594 -12517 0 12537 10541 522
sleep_50deg_20s 651 15 10576 -12576 0 12541 10545 523
sleep_50deg_20s 652 -30 10456 -12508 0 12536 10533 524
sleep_50deg_20s 653 17 10564 -12544 0 12537 10536 525
sleep_50deg_20s 654 19 10640 -12535 0 12536 10549 526
sleep_50deg_20s 655 35 10550 -12595 0 12543 10549 527
sleep_50deg_20s 656 39 10603 -12545 0 12543 10555 528
sleep_50deg_20s 657 11 10584 -12655 0 12557 10558 529
sleep_50deg_20s 658 2 10561 -12487 0 12548 10558 530
sleep_50deg_20s 659 -13 10555 -12538 0 12546 10557 531
sleep_50deg_20s 660 -59 10545 -12666 0 12561 10555 532
sleep_50deg_20s 661 -111 10570 -12503 0 12553 10556 533
sleep_50deg_20s 662 49 10479 -12554 0 12553 10546 534
sleep_50deg_20s 663 71 10517 -12624 0 12561 10542 535
sleep_50deg_20s 664 -21 10621 -12552 0 12559 10551 536
sleep_50deg_20s 665 27 10552 -12597 0 12563 10551 537
sleep_50deg_20s 666 19 10505 -12489 0 12553 10545 538
sleep_50deg_20s 667 49 10575 -12629 0 12562 10548 539
sleep_50deg_20s 668 -48 10544 -12439 0 12546 10547 540
sleep_50deg_20s 669 10 10543 -12642 0 12558 10546 541
sleep_50deg_20s 670 13 10497 -12633 0 12567 10539 542
sleep_50deg_20s 671 56 10521 -12489 0 12557 10536 543
sleep_50deg_20s 672 -46 10408 -12559 0 12557 10520 544
sleep_50deg_20s 673 -86 10494 -12490 0 12548 10516 545
sleep_50deg_20s 674 -70 10552 -12648 0 12560 10520 546
sleep_50deg_20s 675 53 10526 -12579 0 12562 10520 547
sleep_50deg_20s 676 -5 10528 -12517 0 12556 10521 548
sleep_50deg_20s 677 -19 10486 -12513 0 12550 10516 549
sleep_50deg_20s 678 -7 10607 -12526 1 12547 10527 50
sleep_50deg_20s 679 89 10455 -12537 0 12545 10518 51
sleep_50deg_20s 680 -24 10517 -12509 0 12540 10517 52
sleep_50deg_20s 681 90 10525 -12633 0 12551 10518 53
sleep_50deg_20s 682 -7 10517 -12523 0 12547 10517 54
sleep_50deg_20s 683 -46 10457 -12551 0 12547 10509 55
sleep_50deg_20s 684 -68 10481 -12519 0 12543 10505 56
sleep_50deg_20s 685 37 10532 -12573 0 12546 10508 57
sleep_50deg_20s 686 17 10472 -12564 0 12548 10503 58
sleep_50deg_20s 687 104 10598 -12546 0 12547 10514 59
sleep_50deg_20s 688 -5 10424 -12577 0 12550 10502 60
sleep_50deg_20s 689 117 10486 -12564 0 12551 10500 61
sleep_50deg_20s 690 94 10525 -12568 0 12553 10503 62
sleep_50deg_20s 691 -6 10567 -12593 0 12558 10511 63
sleep_50deg_20s 692 -51 10504 -12604 0 12563 10510 64
sleep_50deg_20s 693 19 10540 -12581 0 12565 10513 65
sleep_50deg_20s 694 19 10503 -12449 0 12550 10511 66
sleep_50deg_20s 695 40 10582 -12558 0 12551 10519 67
sleep_50deg_20s 696 -4 10534 -12585 0 12555 10520 68
sleep_50deg_20s 697 15 10515 -12570 0 12556 10519 69
sleep_50deg_20s 698 10 10522 -12547 0 12554 10519 70
sleep_50deg_20s 699 82 10564 -12533 0 12551 10524 71
sleep_50deg_20s 700 31 10467 -12564 0 12552 10516 72
sleep_50deg_20s 701 40 10526 -12442 0 12538 10517 73
sleep_50deg_20s 702 36 10535 -12610 0 12547 10519 74
sleep_50deg_20s 703 62 10451 -12639 0 12558 10510 75
sleep_50deg_20s 704 -1 10483 -12527 0 12554 10506 76
sleep_50deg_20s 705 -14 10584 -12529 0 12550 10515 77
sleep_50deg_20s 706 -49 10555 -12528 0 12547 10520 78
sleep_50deg_20s 707 12 10488 -12559 0 12548 10516 79
sleep_50deg_20s 708 60 10607 -12486 0 12540 10527 80
sleep_50deg_20s 709 23 10558 -12539 0 12539 10530 81
sleep_50deg_20s 710 -83 10512 -12512 0 12535 10527 82
sleep_50deg_20s 711 -170 10535 -12485 0 12528 10528 83
sleep_50deg_20s 712 -16 10538 -12589 0 12535 10529 84
sleep_50deg_20s 713 -70 10539 -12527 0 12534 10530 85
sleep_50deg_20s 714 0 10576 -12572 0 12538 10535 86
sleep_50deg_20s 715 57 10501 -12526 0 12536 10530 87
sleep_50deg_20s 716 -9 10675 -12666 0 12552 10548 88
sleep_50deg_20s 717 -28 10512 -12565 0 12553 10543 89
sleep_50deg_20s 718 29 10636 -12477 0 12543 10554 90
sleep_50deg_20s 719 -29 10581 -12614 0 12551 10557 91
sleep_50deg_20s 720 -15 10561 -12491 0 12543 10557 92
sleep_50deg_20s 721 6 10498 -12526 0 12540 10549 93
sleep_50deg_20s 722 13 10498 -12594 0 12546 10542 94
sleep_50deg_20s 723 6 10564 -12608 0 12553 10544 95
sleep_50deg_20s 724 62 10498 -12527 0 12549 10538 96
sleep_50deg_20s 725 -68 10498 -12557 0 12550 10533 97
sleep_50deg_20s 726 -17 10488 -12599 0 12556 10527 98
sleep_50deg_20s 727 1 10489 -12554 0 12555 10522 99
sleep_50deg_20s 728 -2 10489 -12572 0 12557 10517 100
sleep_50deg_20s 729 -24 10564 -12566 0 12558 10522 101
sleep_50deg_20s 730 -17 10568 -12536 0 12555 10527 102
sleep_50deg_20s 731 -10 10482 -12570 0 12556 10521 103
sleep_50deg_20s 732 -39 10547 -12506 0 12549 10524 104
sleep_50deg_20s 733 -10 10440 -12503 0 12543 10513 105
sleep_50deg_20s 734 46 10566 -12584 0 12548 10519 106
sleep_50deg_20s 735 30 10483 -12509 0 12543 10514 107
sleep_50deg_20s 736 -79 10528 -12455 0 12532 10515 108
sleep_50deg_20s 737 3 10595 -12523 0 12530 10525 109
sleep_50deg_20s 738 4 10517 -12460 0 12521 10524 110
sleep_50deg_20s 739 69 10531 -12644 0 12536 10524 111
sleep_50deg_20s 740 31 10512 -12578 0 12541 10522 112
sleep_50deg_20s 741 -21 10554 -12528 0 12539 10526 113
sleep_50deg_20s 742 30 10520 -12576 0 12543 10525 114
sleep_50deg_20s 743 -12 10538 -12602 0 12550 10526 115
sleep_50deg_20s 744 19 10508 -12553 0 12550 10523 116
sleep_50deg_20s 745 30 10542 -12530 0 12547 10525 117
sleep_50deg_20s 746 8 10579 -12513 0 12542 10531 118
sleep_50deg_20s 747 -2 10440 -12560 0 12544 10519 119
sleep_50deg_20s 748 -54 10464 -12523 0 12541 10512 120
sleep_50deg_20s 749 39 10452 -12545 0 12541 10504 121
sleep_50deg_20s 750 30 10537 -12568 0 12544 10508 122
sleep_50deg_20s 751 -31 10582 -12493 0 12537 10517 123
sleep_50deg_20s 752 -43 10558 -12571 0 12541 10522 124
sleep_50deg_20s 753 60 10565 -12523 0 12538 10527 125
sleep_50deg_20s 754 -67 10489 -12523 0 12536 10522 126
sleep_50deg_20s 755 -46 10588 -12613 0 12545 10530 127
sleep_50deg_20s 756 -41 10551 -12539 0 12544 10532 128
sleep_50deg_20s 757 -116 10514 -12567 0 12546 10529 129
sleep_50deg_20s 758 24 10518 -12565 0 12548 10527 130
sleep_50deg_20s 759 4 10471 -12530 0 12545 10520 131
sleep_50deg_20s 760 -63 10458 -12436 0 12531 10512 132
sleep_50deg_20s 761 0 10599 -12548 0 12533 10522 133
sleep_50deg_20s 762 -43 10593 -12581 0 12539 10530 134
sleep_50deg_20s 763 -19 10557 -12556 0 12541 10533 135
sleep_50deg_20s 764 48 10534 -12495 0 12535 10533 136
sleep_50deg_20s 765 -70 10577 -12569 0 12539 10538 137
sleep_50deg_20s 766 -37 10529 -12570 0 12542 10536 138
sleep_50deg_20s 767 -72 10485 -12487 0 12535 10529 139
sleep_50deg_20s 768 -18 10451 -12521 0 12533 10519 140
sleep_50deg_20s 769 -81 10438 -12527 0 12532 10508 141
sleep_50deg_20s 770 -23 10494 -12605 0 12541 10506 142
sleep_50deg_20s 771 40 10562 -12611 0 12549 10513 143
sleep_50deg_20s 772 -110 10479 -12486 0 12541 10508 144
sleep_50deg_20s 773 22 10406 -12478 0 12533 10495 145
sleep_50deg_20s 774 15 10511 -12525 0 12532 10497 146
sleep_50deg_20s 775 17 10534 -12549 0 12534 10501 147
sleep_50deg_20s 776 1 10529 -12524 0 12532 10504 148
sleep_50deg_20s 777 -25 10546 -12529 0 12531 10509 149
sleep_50deg_20s 778 56 10574 -12493 0 12526 10517 150
sleep_50deg_20s 779 -37 10507 -12475 0 12519 10515 151
sleep_50deg_20s 780 46 10469 -12578 0 12526 10509 152
sleep_50deg_20s 781 -46 10549 -12497 0 12522 10514 153
sleep_50deg_20s 782 -32 10608 -12509 0 12520 10525 154
sleep_50deg_20s 783 -59 10565 -12608 0 12531 10530 155
sleep_50deg_20s 784 -53 10425 -12635 0 12544 10516 156
sleep_50deg_20s 785 30 10541 -12589 0 12549 10519 157
sleep_50deg_20s 786 88 10590 -12537 0 12547 10527 158
sleep_50deg_20s 787 -15 10576 -12556 0 12548 10533 159
sleep_50deg_20s 788 -47 10559 -12602 0 12554 10536 160
sleep_50deg_20s 789 57 10545 -12574 0 12556 10537 161
sleep_50deg_20s 790 -36 10482 -12478 0 12546 10530 162
sleep_50deg_20s 791 77 10594 -12583 0 12550 10538 163
sleep_50deg_20s 792 -101 10592 -12600 0 12556 10544 164
sleep_50deg_20s 793 -30 10487 -12475 0 12545 10536 165
sleep_50deg_20s 794 -49 10508 -12575 0 12548 10532 166
sleep_50deg_20s 795 -40 10486 -12443 0 12534 10526 167
sleep_50deg_20s 796 -53 10581 -12488 0 12528 10532 168
sleep_50deg_20s 797 9 10507 -12588 0 12535 10528 169
sleep_50deg_20s 798 18 10569 -12538 0 12535 10533 170
sleep_50deg_20s 799 15 10582 -12520 0 12533 10539 171
sleep_50deg_20s 800 70 10498 -12623 0 12544 10533 172
sleep_50deg_20s 801 26 10586 -12550 0 12544 10539 173
sleep_50deg_20s 802 -60 10484 -12524 0 12541 10532 174
sleep_50deg_20s 803 -10 10565 -12480 0 12533 10536 175
sleep_50deg_20s 804 -20 10548 -12508 0 12529 10537 176
sleep_50deg_20s 805 27 10573 -12504 0 12525 10541 177
sleep_50deg_20s 806 -52 10576 -12578 0 12531 10545 178
sleep_50deg_20s 807 35 10592 -12425 0 12517 10550 179
sleep_50deg_20s 808 9 10409 -12568 0 12523 10532 180
sleep_50deg_20s 809 55 10493 -12543 0 12525 10527 181
sleep_50deg_20s 810 -25 10598 -12624 0 12537 10535 182
sleep_50deg_20s 811 59 10542 -12567 0 12540 10535 183
sleep_50deg_20s 812 2 10423 -12548 0 12541 10521 184
sleep_50deg_20s 813 -21 10539 -12542 0 12541 10523 185
sleep_50deg_20s 814 -128 10508 -12575 0 12545 10521 186
sleep_50deg_20s 815 30 10498 -12606 0 12552 10518 187
sleep_50deg_20s 816 -43 10610 -12400 0 12533 10529 188
sleep_50deg_20s 817 27 10530 -12577 0 12538 10529 189
sleep_50deg_20s 818 -76 10555 -12450 0 12527 10532 190
sleep_50deg_20s 819 -7 10548 -12587 0 12534 10534 191
sleep_50deg_20s 820 -8 10537 -12573 0 12538 10534 192
sleep_50deg_20s 821 -13 10545 -12565 0 12541 10535 193
sleep_50deg_20s 822 -8 10501 -12473 0 12532 10530 194
sleep_50deg_20s 823 4 10528 -12569 0 12536 10529 195
sleep_50deg_20s 824 -39 10499 -12487 0 12529 10525 196
sleep_50deg_20s 825 -91 10546 -12539 0 12530 10527 197
sleep_50deg_20s 826 22 10618 -12526 0 12529 10538 198
sleep_50deg_20s 827 58 10593 -12614 0 12539 10544 199
sleep_50deg_20s 828 -60 10660 -12567 0 12542 10558 200
sleep_50deg_20s 829 -58 10513 -12556 0 12543 10552 201
sleep_50deg_20s 830 -61 10560 -12530 0 12541 10553 202
sleep_50deg_20s 831 11 10530 -12488 0 12534 10550 203
sleep_50deg_20s 832 68 10547 -12550 0 12536 10549 204
sleep_50deg_20s 833 -11 10516 -12634 0 12548 10544 205
sleep_50deg_20s 834 25 10614 -12465 0 12537 10552 206
sleep_50deg_20s 835 -39 10557 -12487 0 12530 10552 207
sleep_50deg_20s 836 5 10508 -12613 0 12540 10546 208
sleep_50deg_20s 837 53 10611 -12461 0 12530 10554 209
sleep_50deg_20s 838 -54 10530 -12526 0 12529 10551 210
sleep_50deg_20s 839 45 10563 -12532 0 12529 10552 211
sleep_50deg_20s 840 -148 10464 -12508 0 12526 10541 212
sleep_50deg_20s 841 -30 10492 -12416 0 12512 10534 213
sleep_50deg_20s 842 -7 10516 -12665 0 12531 10531 214
sleep_50deg_20s 843 26 10475 -12516 0 12529 10524 215
sleep_50deg_20s 844 57 10500 -12567 0 12533 10521 216
sleep_50deg_20s 845 -79 10533 -12582 0 12539 10522 217
sleep_50deg_20s 846 -14 10540 -12520 0 12536 10524 218
sleep_50deg_20s 847 53 10562 -12525 0 12534 10528 219
sleep_50deg_20s 848 -36 10427 -12455 0 12524 10515 220
sleep_50deg_20s 849 -5 10429 -12587 0 12531 10504 221
sleep_50deg_20s 850 -25 10504 -12576 0 12536 10504 222
sleep_50deg_20s 851 -13 10534 -12577 0 12541 10507 223
sleep_50deg_20s 852 4 10511 -12515 0 12537 10507 224
sleep_50deg_20s 853 -5 10553 -12468 0 12528 10512 225
sleep_50deg_20s 854 7 10554 -12588 0 12535 10517 226
sleep_50deg_20s 855 -52 10521 -12611 0 12544 10517 227
sleep_50deg_20s 856 47 10676 -12540 0 12543 10536 228
sleep_50deg_20s 857 -3 10516 -12542 0 12542 10533 229
sleep_50deg_20s 858 13 10424 -12591 0 12548 10519 230
sleep_50deg_20s 859 -93 10543 -12550 0 12548 10522 231
sleep_50deg_20s 860 71 10515 -12585 0 12552 10521 232
sleep_50deg_20s 861 8 10551 -12559 0 12552 10524 233
sleep_50deg_20s 862 -67 10529 -12522 0 12548 10524 234
sleep_50deg_20s 863 -24 10510 -12597 0 12554 10522 235
sleep_50deg_20s 864 75 10525 -12574 0 12556 10522 236
sleep_50deg_20s 865 36 10519 -12527 0 12552 10521 237
sleep_50deg_20s 866 -64 10669 -12627 0 12561 10539 238
sleep_50deg_20s 867 61 10535 -12596 0 12565 10538 239
sleep_50deg_20s 868 -65 10577 -12558 0 12564 10542 240
sleep_50deg_20s 869 -27 10551 -12493 0 12555 10543 241
sleep_50deg_20s 870 68 10549 -12638 0 12565 10543 242
sleep_50deg_20s 871 -117 10467 -12515 0 12558 10533 243
sleep_50deg_20s 872 7 10531 -12507 0 12551 10532 244
sleep_50deg_20s 873 -16 10559 -12619 0 12559 10535 245
sleep_50deg_20s 874 -32 10573 -12599 0 12564 10539 246
sleep_50deg_20s 875 26 10558 -12554 0 12562 10541 247
sleep_50deg_20s 876 -32 10526 -12525 0 12557 10539 248
sleep_50deg_20s 877 41 10516 -12497 0 12549 10536 249
sleep_50deg_20s 878 -123 10525 -12520 0 12545 10534 250
sleep_50deg_20s 879 0 10533 -12501 0 12539 10533 251
sleep_50deg_20s 880 -47 10506 -12541 0 12539 10529 252
sleep_50deg_20s 881 -77 10478 -12546 0 12539 10522 253
sleep_50deg_20s 882 -133 10507 -12537 0 12538 10520 254
sleep_50deg_20s 883 -51 10648 -12501 0 12533 10536 255
sleep_50deg_20s 884 -3 10557 -12563 0 12536 10538 256
sleep_50deg_20s 885 25 10490 -12525 0 12534 10532 257
sleep_50deg_20s 886 -57 10501 -12455 0 12524 10528 258
sleep_50deg_20s 887 -102 10539 -12611 0 12534 10529 259
sleep_50deg_20s 888 -9 10484 -12532 0 12533 10523 260
sleep_50deg_20s 889 55 10514 -12497 0 12528 10521 261
sleep_50deg_20s 890 -30 10595 -12563 0 12532 10530 262
sleep_50deg_20s 891 -102 10611 -12532 0 12532 10540 263
sleep_50deg_20s 892 -74 10487 -12523 0 12530 10533 264
sleep_50deg_20s 893 -14 10596 -12538 0 12531 10540 265
sleep_50deg_20s 894 62 10574 -12545 0 12532 10544 266
sleep_50deg_20s 895 -33 10458 -12486 0 12526 10533 267
sleep_50deg_20s 896 -62 10566 -12605 0 12535 10537 268
sleep_50deg_20s 897 21 10573 -12509 0 12531 10541 269
sleep_50deg_20s 898 -85 10540 -12513 0 12528 10540 270
sleep_50deg_20s 899 25 10485 -12510 0 12525 10533 271
sleep_50deg_20s 900 15 10511 -12605 0 12535 10530 272
sleep_50deg_20s 901 -9 10518 -12663 0 12551 10528 273
sleep_50deg_20s 902 80 10551 -12491 0 12543 10530 274
sleep_50deg_20s 903 5 10420 -12576 0 12547 10516 275
sleep_50deg_20s 904 -11 10550 -12601 0 12553 10520 276
sleep_50deg_20s 905 28 10526 -12538 0 12551 10520 277
sleep_50deg_20s 906 -69 10641 -12610 0 12558 10535 278
sleep_50deg_20s 907 -13 10504 -12538 0 12555 10531 279
sleep_50deg_20s 908 28 10474 -12447 0 12541 10523 280
sleep_50deg_20s 909 -10 10469 -12576 0 12545 10516 281
sleep_50deg_20s 910 -43 10446 -12514 0 12541 10507 282
sleep_50deg_20s 911 26 10570 -12602 0 12548 10514 283
sleep_50deg_20s 912 -18 10537 -12539 0 12546 10516 284
sleep_50deg_20s 913 59 10552 -12547 0 12546 10520 285
sleep_50deg_20s 914 120 10455 -12491 0 12539 10511 286
sleep_50deg_20s 915 83 10453 -12553 0 12540 10503 287
sleep_50deg_20s 916 36 10603 -12551 0 12541 10515 288
sleep_50deg_20s 917 52 10573 -12572 0 12544 10522 289
sleep_50deg_20s 918 18 10570 -12491 0 12537 10528 290
sleep_50deg_20s 919 -24 10555 -12495 0 12531 10531 291
sleep_50deg_20s 920 -48 10565 -12546 0 12532 10535 292
sleep_50deg_20s 921 -122 10631 -12459 0 12522 10547 293
sleep_50deg_20s 922 -39 10447 -12555 0 12526 10534 294
sleep_50deg_20s 923 17 10558 -12438 0 12515 10537 295
sleep_50deg_20s 924 -28 10564 -12452 0 12507 10540 296
sleep_50deg_20s 925 -75 10563 -12559 0 12513 10542 297
sleep_50deg_20s 926 -2 10470 -12557 0 12518 10533 298
sleep_50deg_20s 927 -22 10623 -12522 0 12518 10544 299
sleep_50deg_20s 928 110 10526 -12506 0 12516 10541 300
sleep_50deg_20s 929 54 10582 -12572 0 12523 10546 301
sleep_50deg_20s 930 -5 10577 -12543 0 12525 10549 302
sleep_50deg_20s 931 39 10531 -12672 0 12543 10546 303
sleep_50deg_20s 932 -39 10516 -12443 0 12530 10542 304
sleep_50deg_20s 933 6 10598 -12610 0 12540 10549 305
sleep_50deg_20s 934 -15 10554 -12575 0 12544 10549 306
sleep_50deg_20s 935 67 10516 -12574 0 12547 10544 307
sleep_50deg_20s 936 -44 10525 -12561 0 12548 10541 308
sleep_50deg_20s 937 -19 10582 -12526 0 12545 10546 309
sleep_50deg_20s 938 138 10571 -12556 0 12546 10549 310
sleep_50deg_20s 939 43 10440 -12419 0 12530 10535 311
sleep_50deg_20s 940 29 10540 -12571 0 12535 10535 312
sleep_50deg_20s 941 39 10579 -12541 0 12535 10540 313
sleep_50deg_20s 942 -37 10639 -12515 0 12532 10552 314
sleep_50deg_20s 943 41 10504 -12555 0 12534 10546 315
sleep_50deg_20s 944 39 10524 -12530 0 12533 10543 316
sleep_50deg_20s 945 -101 10544 -12533 0 12533 10543 317
sleep_50deg_20s 946 23 10521 -12572 0 12537 10540 318
sleep_50deg_20s 947 32 10535 -12421 0 12522 10539 319
sleep_50deg_20s 948 1 10526 -12514 0 12521 10537 320
sleep_50deg_20s 949 -116 10535 -12549 0 12524 10536 321
sleep_50deg_20s 950 -11 10492 -12582 0 12531 10530 322
sleep_50deg_20s 951 21 10504 -12578 0 12536 10526 323
sleep_50deg_20s 952 18 10572 -12541 0 12536 10531 324
sleep_50deg_20s 953 -41 10511 -12647 0 12549 10528 325
sleep_50deg_20s 954 -24 10570 -12536 0 12547 10533 326
sleep_50deg_20s 955 39 10578 -12519 0 12543 10538 327
sleep_50deg_20s 956 63 10564 -12530 0 12541 10541 328
sleep_50deg_20s 957 -29 10507 -12580 0 12545 10536 329
sleep_50deg_20s 958 -15 10504 -12584 0 12549 10532 330
sleep_50deg_20s 959 39 10547 -12483 0 12540 10533 331
sleep_50deg_20s 960 -49 10451 -12615 0 12549 10522 332
sleep_50deg_20s 961 93 10534 -12584 0 12553 10523 333
sleep_50deg_20s 962 12 10597 -12529 0 12550 10532 334
sleep_50deg_20s 963 12 10535 -12558 0 12551 10532 335
sleep_50deg_20s 964 43 10413 -12579 0 12554 10517 336
sleep_50deg_20s 965 67 10535 -12514 0 12549 10519 337
sleep_50deg_20s 966 -26 10545 -12599 0 12555 10522 338
sleep_50deg_20s 967 -92 10626 -12606 0 12561 10535 339
sleep_50deg_20s 968 41 10530 -12639 0 12570 10534 340
sleep_50deg_20s 969 14 10480 -12642 0 12579 10527 341
sleep_50deg_20s 970 -13 10553 -12577 0 12578 10530 342
sleep_50deg_20s 971 14 10640 -12591 0 12579 10543 343
sleep_50deg_20s 972 -19 10509 -12566 0 12577 10538 344
sleep_50deg_20s 973 -29 10578 -12565 0 12575 10543 345
sleep_50deg_20s 974 -15 10581 -12619 0 12580 10547 346
sleep_50deg_20s 975 -51 10576 -12533 0 12574 10550 347
sleep_50deg_20s 976 35 10474 -12583 0 12575 10540 348
sleep_50deg_20s 977 -46 10581 -12495 0 12565 10545 349
sleep_50deg_20s 978 85 10554 -12631 0 12573 10546 350
sleep_50deg_20s 979 -28 10573 -12500 0 12563 10549 351
sleep_50deg_20s 980 19 10629 -12548 0 12561 10559 352
sleep_50deg_20s 981 4 10575 -12634 0 12570 10561 353
sleep_50deg_20s 982 27 10634 -12584 0 12571 10570 354
sleep_50deg_20s 983 52 10521 -12556 0 12569 10563 355
sleep_50deg_20s 984 -19 10621 -12587 0 12571 10570 356
sleep_50deg_20s 985 -97 10486 -12632 0 12578 10559 357
sleep_50deg_20s 986 10 10609 -12489 0 12566 10565 358
sleep_50deg_20s 987 8 10573 -12573 0 12566 10566 359
sleep_50deg_20s 988 19 10455 -12541 0 12562 10552 360
sleep_50deg_20s 989 63 10486 -12591 0 12565 10543 361
sleep_50deg_20s 990 4 10499 -12576 0 12566 10537 362
sleep_50deg_20s 991 -46 10545 -12545 0 12563 10538 363
sleep_50deg_20s 992 36 10510 -12581 0 12565 10534 364
sleep_50deg_20s 993 75 10576 -12616 0 12571 10539 365
sleep_50deg_20s 994 -30 10501 -12537 0 12566 10534 366
sleep_50deg_20s 995 -32 10525 -12522 0 12560 10532 367
sleep_50deg_20s 996 -31 10453 -12529 0 12556 10522 368
sleep_50deg_20s 997 -36 10529 -12654 0 12568 10522 369
sleep_50deg_20s 998 34 10571 -12506 0 12560 10528 370
sleep_50deg_20s 999 -111 10486 -12485 0 12550 10522 371
sleep_50deg_20s 1000 25 10530 -12522 0 12546 10523 372
sleep_50deg_20s 1001 11 10548 -12489 0 12538 10526 373
sleep_50deg_20s 1002 102 10523 -12528 0 12536 10525 374
sleep_50deg_20s 1003 14 10537 -12592 0 12543 10526 375
sleep_50deg_20s 1004 -28 10570 -12452 0 12531 10531 376
sleep_50deg_20s 1005 -127 10533 -12525 0 12530 10531 377
sleep_50deg_20s 1006 -65 10534 -12552 0 12532 10531 378
sleep_50deg_20s 1007 26 10436 -12470 0 12524 10519 379
sleep_50deg_20s 1008 57 10495 -12536 0 12525 10516 380
sleep_50deg_20s 1009 -51 10569 -12595 0 12533 10522 381
sleep_50deg_20s 1010 -93 10594 -12540 0 12533 10531 382
sleep_50deg_20s 1011 29 10452 -12500 0 12528 10521 383
sleep_50deg_20s 1012 54 10556 -12531 0 12528 10525 384
sleep_50deg_20s 1013 89 10524 -12561 0 12532 10524 385
sleep_50deg_20s 1014 -12 10518 -12598 0 12540 10523 386
sleep_50deg_20s 1015 36 10551 -12441 0 12527 10526 387
sleep_50deg_20s 1016 -13 10544 -12515 0 12525 10528 388
sleep_50deg_20s 1017 -2 10478 -12470 0 12518 10521 389
sleep_50deg_20s 1018 35 10586 -12528 0 12519 10529 390
sleep_50deg_20s 1019 29 10531 -12541 0 12521 10529 391
sleep_50deg_20s 1020 23 10469 -12575 0 12527 10521 392
sleep_50deg_20s 1021 16 10559 -12496 0 12523 10525 393
sleep_50deg_20s 1022 -25 10506 -12496 0 12519 10522 394
sleep_50deg_20s 1023 -19 10610 -12639 0 12534 10533 395
sleep_50deg_20s 1024 -72 10486 -12556 0 12536 10527 396
sleep_50deg_20s 1025 -3 10573 -12546 0 12537 10532 397
sleep_50deg_20s 1026 -34 10568 -12530 0 12536 10536 398
sleep_50deg_20s 1027 121 10511 -12518 0 12533 10532 399
sleep_50deg_20s 1028 -8 10540 -12610 0 12542 10533 400
sleep_50deg_20s 1029 29 10557 -12564 0 12544 10536 401
sleep_50deg_20s 1030 -18 10536 -12621 0 12553 10536 402
sleep_50deg_20s 1031 -5 10556 -12525 0 12549 10538 403
sleep_50deg_20s 1032 -25 10562 -12583 0 12553 10541 404
sleep_50deg_20s 1033 47 10496 -12611 0 12560 10535 405
sleep_50deg_20s 1034 89 10553 -12557 0 12559 10537 406
sleep_50deg_20s 1035 120 10568 -12504 0 12552 10540 407
sleep_50deg_20s 1036 7 10564 -12508 0 12546 10543 408
sleep_50deg_20s 1037 23 10523 -12576 0 12549 10540 409
sleep_50deg_20s 1038 19 10488 -12492 0 12541 10533 410
sleep_50deg_20s 1039 -70 10485 -12609 0 12549 10527 411
sleep_50deg_20s 1040 -19 10527 -12625 0 12558 10527 412
sleep_50deg_20s 1041 84 10426 -12555 0 12557 10514 413
sleep_50deg_20s 1042 11 10598 -12584 0 12560 10524 414
sleep_50deg_20s 1043 48 10555 -12570 0 12561 10527 415
sleep_50deg_20s 1044 46 10545 -12569 0 12562 10529 416
sleep_50deg_20s 1045 -12 10527 -12548 0 12560 10528 417
sleep_50deg_20s 1046 -86 10518 -12554 0 12559 10526 418
sleep_50deg_20s 1047 10 10502 -12486 0 12549 10523 419
sleep_50deg_20s 1048 6 10530 -12529 0 12546 10523 420
sleep_50deg_20s 1049 65 10507 -12561 0 12547 10521 421
sleep_50deg_20s 1050 -12 10515 -12570 0 12549 10520 422
sleep_50deg_20s 1051 85 10577 -12576 0 12552 10527 423
sleep_50deg_20s 1052 -40 10603 -12508 0 12546 10536 424
sleep_50deg_20s 1053 31 10522 -12556 0 12547 10534 425
sleep_50deg_20s 1054 42 10516 -12542 0 12546 10531 426
sleep_50deg_20s 1055 6 10589 -12530 0 12544 10538 427
sleep_50deg_20s 1056 -58 10492 -12655 0 12557 10532 428
sleep_50deg_20s 1057 -17 10496 -12525 0 12553 10527 429
sleep_50deg_20s 1058 52 10513 -12545 0 12552 10525 430
sleep_50deg_20s 1059 12 10583 -12582 0 12555 10532 431
sleep_50deg_20s 1060 2 10554 -12488 0 12546 10534 432
sleep_50deg_20s 1061 -32 10501 -12518 0 12542 10529 433
sleep_50deg_20s 1062 77 10474 -12672 0 12558 10522 434
sleep_50deg_20s 1063 43 10489 -12587 0 12561 10517 435
sleep_50deg_20s 1064 -25 10605 -12538 0 12558 10528 436
sleep_50deg_20s 1065 -14 10490 -12550 0 12557 10523 437
sleep_50deg_20s 1066 82 10515 -12503 0 12550 10522 438
sleep_50deg_20s 1067 34 10573 -12590 0 12555 10528 439
sleep_50deg_20s 1068 125 10567 -12543 0 12553 10532 440
sleep_50deg_20s 1069 76 10550 -12480 0 12543 10534 441
sleep_50deg_20s 1070 -74 10576 -12615 0 12552 10539 442
sleep_50deg_20s 1071 114 10593 -12522 0 12548 10545 443
sleep_50deg_20s 1072 -33 10545 -12528 0 12545 10545 444
sleep_50deg_20s 1073 -40 10489 -12582 0 12549 10538 445
sleep_50deg_20s 1074 -17 10605 -12589 0 12554 10546 446
sleep_50deg_20s 1075 13 10515 -12504 0 12547 10542 447
sleep_50deg_20s 1076 39 10619 -12506 0 12541 10551 448
sleep_50deg_20s 1077 -7 10515 -12573 0 12545 10546 449
sleep_50deg_20s 1078 111 10558 -12581 0 12549 10547 450
sleep_50deg_20s 1079 20 10507 -12624 0 12558 10542 451
sleep_50deg_20s 1080 -26 10538 -12524 0 12553 10541 452
sleep_50deg_20s 1081 -38 10541 -12586 0 12557 10541 453
sleep_50deg_20s 1082 -30 10523 -12572 0 12558 10538 454
sleep_50deg_20s 1083 38 10467 -12481 0 12548 10529 455
sleep_50deg_20s 1084 -51 10552 -12565 0 12550 10531 456
sleep_50deg_20s 1085 36 10599 -12564 0 12551 10539 457
sleep_50deg_20s 1086 -29 10515 -12618 0 12559 10536 458
sleep_50deg_20s 1087 -47 10609 -12543 0 12557 10545 459
sleep_50deg_20s 1088 87 10546 -12546 0 12555 10545 460
sleep_50deg_20s 1089 5 10566 -12513 0 12549 10547 461
sleep_50deg_20s 1090 -20 10506 -12497 0 12542 10541 462
sleep_50deg_20s 1091 -42 10547 -12612 0 12550 10541 463
sleep_50deg_20s 1092 -2 10560 -12589 0 12554 10543 464
sleep_50deg_20s 1093 -45 10541 -12595 0 12559 10542 465
sleep_50deg_20s 1094 19 10524 -12534 0 12555 10539 466
sleep_50deg_20s 1095 -17 10564 -12562 0 12555 10542 467
sleep_50deg_20s 1096 -108 10417 -12502 0 12548 10526 468
sleep_50deg_20s 1097 -44 10488 -12542 0 12547 10521 469
sleep_50deg_20s 1098 26 10630 -12548 0 12547 10534 470
sleep_50deg_20s 1099 -33 10434 -12512 0 12542 10521 471
sleep_50deg_20s 1100 -55 10545 -12521 0 12539 10524 472
sleep_50deg_20s 1101 -31 10482 -12537 0 12538 10518 473
sleep_50deg_20s 1102 -68 10441 -12580 0 12543 10508 474
sleep_50deg_20s 1103 34 10546 -12602 0 12550 10512 475
sleep_50deg_20s 1104 -30 10597 -12529 0 12547 10522 476
sleep_50deg_20s 1105 56 10573 -12548 0 12547 10528 477
sleep_50deg_20s 1106 -35 10534 -12571 0 12550 10528 478
sleep_50deg_20s 1107 -100 10555 -12621 0 12558 10531 479
sleep_50deg_20s 1108 -57 10485 -12563 0 12558 10525 480
sleep_50deg_20s 1109 -15 10542 -12513 0 12552 10527 481
sleep_50deg_20s 1110 68 10537 -12615 0 12559 10528 482
sleep_50deg_20s 1111 39 10558 -12605 0 12564 10531 483
sleep_50deg_20s 1112 -27 10583 -12577 0 12565 10537 484
sleep_50deg_20s 1113 0 10506 -12487 0 12555 10533 485
sleep_50deg_20s 1114 88 10582 -12580 0 12558 10539 486
sleep_50deg_20s 1115 -22 10518 -12491 0 12549 10536 487
sleep_50deg_20s 1116 -1 10565 -12625 0 12558 10539 488
sleep_50deg_20s 1117 28 10630 -12554 0 12557 10550 489
sleep_50deg_20s 1118 -72 10533 -12512 0 12551 10547 490
sleep_50deg_20s 1119 56 10437 -12551 0 12551 10533 491
sleep_50deg_20s 1120 -9 10533 -12480 0 12542 10533 492
sleep_50deg_20s 1121 -2 10503 -12656 0 12556 10529 493
sleep_50deg_20s 1122 -56 10540 -12389 0 12535 10530 494
sleep_50deg_20s 1123 103 10537 -12529 0 12534 10530 495
sleep_50deg_20s 1124 -45 10549 -12533 0 12533 10532 496
sleep_50deg_20s 1125 14 10540 -12566 0 12537 10533 497
sleep_50deg_20s 1126 15 10497 -12501 0 12532 10528 498
sleep_50deg_20s 1127 26 10462 -12491 0 12526 10519 499
sleep_50deg_20s 1128 -50 10520 -12624 0 12538 10519 500
sleep_50deg_20s 1129 -58 10553 -12590 0 12544 10523 501
sleep_50deg_20s 1130 30 10559 -12594 0 12550 10527 502
sleep_50deg_20s 1131 -41 10523 -12475 0 12540 10526 503
sleep_50deg_20s 1132 -10 10519 -12515 0 12536 10525 504
sleep_50deg_20s 1133 -3 10515 -12551 0 12537 10523 505
sleep_50deg_20s 1134 5 10551 -12528 0 12535 10526 506
sleep_50deg_20s 1135 -9 10574 -12544 0 12536 10532 507
sleep_50deg_20s 1136 23 10462 -12463 0 12526 10523 508
sleep_50deg_20s 1137 -7 10567 -12491 0 12521 10528 509
sleep_50deg_20s 1138 3 10508 -12614 0 12532 10525 510
sleep_50deg_20s 1139 -46 10586 -12450 0 12521 10532 511
sleep_50deg_20s 1140 57 10489 -12517 0 12520 10526 512
sleep_50deg_20s 1141 28 10531 -12562 0 12525 10526 513
sleep_50deg_20s 1142 -81 10485 -12512 0 12523 10520 514
sleep_50deg_20s 1143 -112 10584 -12519 0 12522 10528 515
sleep_50deg_20s 1144 20 10550 -12522 0 12522 10530 516
sleep_50deg_20s 1145 45 10667 -12513 0 12520 10547 517
sleep_50deg_20s 1146 -11 10416 -12524 0 12520 10530 518
sleep_50deg_20s 1147 -46 10550 -12480 0 12515 10532 519
sleep_50deg_20s 1148 16 10507 -12493 0 12512 10528 520
sleep_50deg_20s 1149 30 10553 -12608 0 12524 10531 521
sleep_50deg_20s 1150 -70 10493 -12579 0 12530 10526 522
sleep_50deg_20s 1151 42 10514 -12532 0 12530 10524 523
sleep_50deg_20s 1152 45 10614 -12557 0 12533 10535 524
sleep_50deg_20s 1153 56 10484 -12529 0 12532 10528 525
sleep_50deg_20s 1154 3 10582 -12471 0 12524 10534 526
sleep_50deg_20s 1155 25 10593 -12447 0 12514 10541 527
sleep_50deg_20s 1156 56 10536 -12502 0 12512 10540 528
sleep_50deg_20s 1157 4 10521 -12526 0 12513 10537 529
sleep_50deg_20s 1158 -55 10587 -12532 0 12515 10543 530
sleep_50deg_20s 1159 -17 10600 -12594 0 12524 10550 531
sleep_50deg_20s 1160 -45 10582 -12501 0 12521 10554 532
sleep_50deg_20s 1161 -34 10517 -12542 0 12523 10549 533
sleep_50deg_20s 1162 70 10477 -12594 0 12531 10540 534
sleep_50deg_20s 1163 -57 10490 -12513 0 12528 10533 535
sleep_50deg_20s 1164 -11 10534 -12623 0 12539 10533 536
sleep_50deg_20s 1165 8 10517 -12558 0 12541 10531 537
sleep_50deg_20s 1166 95 10506 -12487 0 12534 10527 538
sleep_50deg_20s 1167 30 10559 -12546 0 12535 10531 539
sleep_50deg_20s 1168 -55 10565 -12609 0 12544 10535 540
sleep_50deg_20s 1169 -56 10558 -12518 0 12540 10537 541
sleep_50deg_20s 1170 -119 10541 -12566 0 12543 10537 542
sleep_50deg_20s 1171 86 10593 -12524 0 12540 10544 543
sleep_50deg_20s 1172 52 10540 -12582 0 12545 10543 544
sleep_50deg_20s 1173 -16 10484 -12591 0 12550 10535 545
sleep_50deg_20s 1174 -12 10492 -12641 0 12561 10529 546
sleep_50deg_20s 1175 -14 10467 -12572 0 12562 10521 547
sleep_50deg_20s 1176 14 10604 -12487 0 12552 10531 548
sleep_50deg_20s 1177 82 10527 -12633 0 12562 10530 549
sleep_50deg_20s 1178 -89 10512 -12536 1 12558 10527 50
sleep_50deg_20s 1179 -6 10470 -12442 0 12543 10519 51
sleep_50deg_20s 1180 -2 10517 -12520 0 12540 10518 52
sleep_50deg_20s 1181 -53 10464 -12551 0 12541 10511 53
sleep_50deg_20s 1182 -104 10549 -12529 0 12539 10515 54
sleep_50deg_20s 1183 -21 10533 -12573 0 12543 10517 55
sleep_50deg_20s 1184 -11 10553 -12568 0 12546 10521 56
sleep_50deg_20s 1185 -38 10645 -12545 0 12545 10536 57
sleep_50deg_20s 1186 -77 10481 -12510 0 12540 10529 58
sleep_50deg_20s 1187 -45 10547 -12533 0 12539 10531 59
sleep_50deg_20s 1188 -54 10548 -12481 0 12531 10533 60
sleep_50deg_20s 1189 11 10551 -12590 0 12538 10535 61
sleep_50deg_20s 1190 47 10477 -12542 0 12538 10527 62
sleep_50deg_20s 1191 -1 10587 -12515 0 12535 10534 63
sleep_50deg_20s 1192 -117 10519 -12560 0 12538 10532 64
sleep_50deg_20s 1193 37 10491 -12543 0 12538 10526 65
sleep_50deg_20s 1194 -18 10520 -12671 0 12554 10525 66
sleep_50deg_20s 1195 74 10553 -12476 0 12544 10528 67
sleep_50deg_20s 1196 -18 10530 -12557 0 12545 10528 68
sleep_50deg_20s 1197 6 10511 -12562 0 12547 10525 69
sleep_50deg_20s 1198 -25 10518 -12586 0 12551 10524 70
sleep_50deg_20s 1199 29 10457 -12518 0 12546 10515 71
sleep_50deg_20s 1200 29 10612 -12518 0 12542 10527 72
sleep_50deg_20s 1201 23 10537 -12555 0 12543 10528 73
sleep_50deg_20s 1202 -41 10504 -12593 0 12549 10525 74
sleep_50deg_20s 1203 -28 10541 -12596 0 12554 10527 75
sleep_50deg_20s 1204 20 10579 -12528 0 12550 10533 76
sleep_50deg_20s 1205 72 10603 -12465 0 12539 10541 77
sleep_50deg_20s 1206 -19 10537 -12449 0 12527 10540 78
sleep_50deg_20s 1207 2 10468 -12547 0 12529 10531 79
sleep_50deg_20s 1208 -74 10559 -12639 0 12542 10534 80
sleep_50deg_20s 1209 14 10541 -12596 0 12548 10534 81
sleep_50deg_20s 1210 15 10547 -12637 0 12559 10535 82
sleep_50deg_20s 1211 16 10474 -12599 0 12564 10527 83
sleep_50deg_20s 1212 -104 10461 -12595 0 12567 10518 84
sleep_50deg_20s 1213 44 10508 -12662 0 12578 10516 85
sleep_50deg_20s 1214 -64 10560 -12543 0 12573 10521 86
sleep_50deg_20s 1215 5 10489 -12547 0 12569 10517 87
sleep_50deg_20s 1216 -35 10559 -12524 0 12563 10522 88
sleep_50deg_20s 1217 50 10442 -12552 0 12561 10512 89
sleep_50deg_20s 1218 64 10519 -12594 0 12565 10512 90
sleep_50deg_20s 1219 -1 10503 -12522 0 12559 10510 91
sleep_50deg_20s 1220 -73 10486 -12526 0 12554 10507 92
sleep_50deg_20s 1221 21 10531 -12486 0 12545 10510 93
sleep_50deg_20s 1222 10 10505 -12618 0 12554 10509 94
sleep_50deg_20s 1223 -43 10565 -12461 0 12542 10516 95
sleep_50deg_20s 1224 48 10610 -12587 0 12547 10527 96
sleep_50deg_20s 1225 -33 10549 -12516 0 12543 10529 97
sleep_50deg_20s 1226 117 10569 -12573 0 12546 10534 98
sleep_50deg_20s 1227 41 10528 -12532 0 12544 10533 99
sleep_50deg_20s 1228 20 10584 -12571 0 12547 10539 100
sleep_50deg_20s 1229 57 10480 -12638 0 12558 10531 101
sleep_50deg_20s 1230 -53 10529 -12535 0 12555 10530 102
sleep_50deg_20s 1231 36 10604 -12458 0 12542 10539 103
sleep_50deg_20s 1232 78 10543 -12555 0 12543 10539 104
sleep_50deg_20s 1233 83 10577 -12501 0 12537 10543 105
sleep_50deg_20s 1234 -19 10553 -12509 0 12533 10544 106
sleep_50deg_20s 1235 62 10538 -12571 0 12537 10543 107
sleep_50deg_20s 1236 97 10543 -12587 0 12543 10543 108
sleep_50deg_20s 1237 -24 10525 -12505 0 12538 10540 109
sleep_50deg_20s 1238 -16 10531 -12566 0 12541 10538 110
sleep_50deg_20s 1239 -67 10450 -12538 0 12540 10527 111
sleep_50deg_20s 1240 -56 10520 -12534 0 12539 10526 112
sleep_50deg_20s 1241 37 10624 -12569 0 12542 10538 113
sleep_50deg_20s 1242 -35 10521 -12593 0 12548 10535 114
sleep_50deg_20s 1243 -4 10583 -12565 0 12550 10541 115
sleep_50deg_20s 1244 15 10594 -12414 0 12533 10547 116
sleep_50deg_20s 1245 -27 10595 -12488 0 12527 10553 117
sleep_50deg_20s 1246 4 10611 -12551 0 12530 10560 118
sleep_50deg_20s 1247 -3 10484 -12561 0 12533 10550 119
sleep_50deg_20s 1248 -47 10513 -12471 0 12525 10545 120
sleep_50deg_20s 1249 -53 10490 -12509 0 12523 10538 121
sleep_50deg_20s 1250 -54 10471 -12569 0 12528 10529 122
sleep_50deg_20s 1251 -54 10544 -12547 0 12530 10530 123
sleep_50deg_20s 1252 29 10521 -12531 0 12530 10528 124
sleep_50deg_20s 1253 -76 10493 -12577 0 12535 10523 125
sleep_50deg_20s 1254 -36 10601 -12515 0 12532 10532 126
sleep_50deg_20s 1255 -2 10535 -12493 0 12527 10532 127
sleep_50deg_20s 1256 -16 10572 -12674 0 12545 10537 128
sleep_50deg_20s 1257 -67 10572 -12554 0 12546 10541 129
sleep_50deg_20s 1258 -48 10562 -12548 0 12546 10543 130
sleep_50deg_20s 1259 55 10575 -12605 0 12553 10547 131
sleep_50deg_20s 1260 -1 10464 -12590 0 12557 10536 132
sleep_50deg_20s 1261 -15 10614 -12558 0 12557 10545 133
sleep_50deg_20s 1262 -83 10553 -12539 0 12554 10546 134
sleep_50deg_20s 1263 48 10579 -12584 0 12557 10550 135
sleep_50deg_20s 1264 57 10445 -12498 0 12549 10536 136
sleep_50deg_20s 1265 69 10565 -12520 0 12545 10539 137
sleep_50deg_20s 1266 34 10582 -12522 0 12542 10544 138
sleep_50deg_20s 1267 28 10543 -12498 0 12536 10543 139
sleep_50deg_20s 1268 -38 10512 -12478 0 12528 10539 140
sleep_50deg_20s 1269 -41 10552 -12655 0 12543 10540 141
sleep_50deg_20s 1270 46 10554 -12543 0 12543 10541 142
sleep_50deg_20s 1271 -42 10557 -12526 0 12540 10543 143
sleep_50deg_20s 1272 30 10412 -12575 0 12544 10526 144
sleep_50deg_20s 1273 -19 10586 -12514 0 12540 10533 145
sleep_50deg_20s 1274 23 10552 -12513 0 12536 10535 146
sleep_50deg_20s 1275 7 10527 -12627 0 12547 10534 147
sleep_50deg_20s 1276 62 10535 -12611 0 12555 10534 148
sleep_50deg_20s 1277 -10 10534 -12581 0 12558 10534 149
sleep_50deg_20s 1278 1 10604 -12637 0 12567 10542 150
sleep_50deg_20s 1279 128 10541 -12526 0 12561 10541 151
sleep_50deg_20s 1280 50 10535 -12564 0 12561 10540 152
sleep_50deg_20s 1281 148 10495 -12552 0 12559 10534 153
sleep_50deg_20s 1282 -31 10605 -12560 0 12559 10542 154
sleep_50deg_20s 1283 3 10469 -12532 0 12555 10532 155
sleep_50deg_20s 1284 -25 10513 -12531 0 12552 10529 156
sleep_50deg_20s 1285 -19 10467 -12503 0 12545 10521 157
sleep_50deg_20s 1286 45 10571 -12564 0 12547 10527 158
sleep_50deg_20s 1287 -33 10533 -12609 0 12554 10527 159
sleep_50deg_20s 1288 -57 10506 -12663 0 12567 10524 160
sleep_50deg_20s 1289 -114 10625 -12505 0 12559 10536 161
sleep_50deg_20s 1290 -6 10559 -12529 0 12555 10538 162
sleep_50deg_20s 1291 49 10538 -12534 0 12552 10538 163
sleep_50deg_20s 1292 -84 10561 -12518 0 12547 10540 164
sleep_50deg_20s 1293 -46 10506 -12541 0 12546 10535 165
sleep_50deg_20s 1294 7 10548 -12523 0 12543 10536 166
sleep_50deg_20s 1295 -85 10509 -12514 0 12539 10532 167
sleep_50deg_20s 1296 -20 10496 -12539 0 12539 10527 168
sleep_50deg_20s 1297 74 10470 -12620 0 12549 10519 169
sleep_50deg_20s 1298 24 10511 -12526 0 12546 10518 170
sleep_50deg_20s 1299 -59 10531 -12575 0 12549 10519 171
sleep_50deg_20s 1300 -158 10523 -12581 0 12553 10519 172
sleep_50deg_20s 1301 -43 10522 -12479 0 12543 10519 173
sleep_50deg_20s 1302 -72 10554 -12621 0 12552 10523 174
sleep_50deg_20s 1303 6 10630 -12553 0 12552 10536 175
sleep_50deg_20s 1304 -82 10533 -12559 0 12552 10535 176
sleep_50deg_20s 1305 -32 10533 -12509 0 12546 10534 177
sleep_50deg_20s 1306 3 10567 -12493 0 12539 10538 178
sleep_50deg_20s 1307 73 10558 -12568 0 12542 10540 179
sleep_50deg_20s 1308 -52 10574 -12491 0 12535 10544 180
sleep_50deg_20s 1309 46 10525 -12530 0 12534 10541 181
sleep_50deg_20s 1310 -4 10533 -12501 0 12529 10540 182
sleep_50deg_20s 1311 65 10574 -12490 0 12524 10544 183
sleep_50deg_20s 1312 -43 10508 -12604 0 12534 10539 184
sleep_50deg_20s 1313 41 10511 -12607 0 12543 10535 185
sleep_50deg_20s 1314 50 10557 -12619 0 12552 10537 186
sleep_50deg_20s 1315 32 10469 -12535 0 12549 10528 187
sleep_50deg_20s 1316 -20 10470 -12595 0 12554 10520 188
sleep_50deg_20s 1317 46 10562 -12515 0 12549 10525 189
sleep_50deg_20s 1318 -164 10512 -12546 0 12548 10523 190
sleep_50deg_20s 1319 8 10552 -12568 0 12550 10526 191
sleep_50deg_20s 1320 -103 10563 -12512 0 12545 10530 192
sleep_50deg_20s 1321 9 10603 -12439 0 12531 10539 193
sleep_50deg_20s 1322 9 10455 -12649 0 12545 10528 194
sleep_50deg_20s 1323 27 10565 -12521 0 12542 10532 195
sleep_50deg_20s 1324 -8 10520 -12618 0 12551 10530 196
sleep_50deg_20s 1325 11 10528 -12488 0 12543 10529 197
sleep_50deg_20s 1326 19 10506 -12583 0 12548 10526 198
sleep_50deg_20s 1327 -9 10596 -12524 0 12545 10534 199
sleep_50deg_20s 1328 -9 10550 -12579 0 12549 10536 200
sleep_50deg_20s 1329 -38 10538 -12512 0 12544 10536 201
sleep_50deg_20s 1330 -9 10477 -12529 0 12542 10528 202
sleep_50deg_20s 1331 -119 10509 -12542 0 12542 10525 203
sleep_50deg_20s 1332 57 10560 -12636 0 12553 10529 204
sleep_50deg_20s 1333 -41 10582 -12539 0 12551 10535 205
sleep_50deg_20s 1334 -51 10506 -12541 0 12549 10531 206
sleep_50deg_20s 1335 -58 10590 -12503 0 12543 10538 207
sleep_50deg_20s 1336 -48 10563 -12521 0 12540 10541 208
sleep_50deg_20s 1337 11 10511 -12565 0 12543 10537 209
sleep_50deg_20s 1338 47 10424 -12544 0 12543 10522 210
sleep_50deg_20s 1339 34 10492 -12475 0 12534 10518 211
sleep_50deg_20s 1340 -4 10629 -12532 0 12533 10531 212
sleep_50deg_20s 1341 -44 10602 -12651 0 12547 10539 213
sleep_50deg_20s 1342 57 10509 -12504 0 12541 10535 214
sleep_50deg_20s 1343 -12 10439 -12557 0 12543 10523 215
sleep_50deg_20s 1344 -28 10597 -12548 0 12543 10532 216
sleep_50deg_20s 1345 73 10508 -12603 0 12550 10529 217
sleep_50deg_20s 1346 -62 10551 -12605 0 12556 10531 218
sleep_50deg_20s 1347 57 10475 -12442 0 12541 10524 219
sleep_50deg_20s 1348 135 10561 -12544 0 12541 10528 220
sleep_50deg_20s 1349 -28 10495 -12582 0 12546 10523 221
sleep_50deg_20s 1350 88 10602 -12504 0 12540 10532 222
sleep_50deg_20s 1351 17 10404 -12546 0 12540 10516 223
sleep_50deg_20s 1352 -30 10499 -12479 0 12532 10513 224
sleep_50deg_20s 1353 -8 10554 -12525 0 12531 10518 225
sleep_50deg_20s 1354 51 10522 -12518 0 12529 10518 226
sleep_50deg_20s 1355 27 10546 -12548 0 12531 10521 227
sleep_50deg_20s 1356 0 10480 -12463 0 12522 10515 228
sleep_50deg_20s 1357 42 10605 -12493 0 12518 10526 229
sleep_50deg_20s 1358 22 10489 -12553 0 12522 10521 230
sleep_50deg_20s 1359 32 10530 -12534 0 12523 10522 231
sleep_50deg_20s 1360 -39 10485 -12597 0 12532 10517 232
sleep_50deg_20s 1361 39 10506 -12646 0 12546 10515 233
sleep_50deg_20s 1362 -26 10528 -12580 0 12550 10516 234
sleep_50deg_20s 1363 -9 10451 -12516 0 12545 10507 235
sleep_50deg_20s 1364 -80 10560 -12547 0 12545 10513 236
sleep_50deg_20s 1365 -6 10559 -12536 0 12543 10518 237
sleep_50deg_20s 1366 -7 10452 -12523 0 12540 10509 238
sleep_50deg_20s 1367 -9 10547 -12575 0 12544 10513 239
sleep_50deg_20s 1368 -18 10445 -12624 0 12554 10504 240
sleep_50deg_20s 1369 -64 10498 -12554 0 12554 10503 241
sleep_50deg_20s 1370 41 10507 -12563 0 12555 10503 242
sleep_50deg_20s 1371 -5 10492 -12535 0 12552 10501 243
sleep_50deg_20s 1372 49 10533 -12644 0 12563 10505 244
sleep_50deg_20s 1373 36 10559 -12476 0 12552 10511 245
sleep_50deg_20s 1374 -69 10550 -12546 0 12551 10515 246
sleep_50deg_20s 1375 -8 10640 -12577 0 12554 10530 247
sleep_50deg_20s 1376 -86 10573 -12514 0 12549 10535 248
sleep_50deg_20s 1377 77 10531 -12584 0 12553 10534 249
sleep_50deg_20s 1378 -14 10445 -12507 0 12547 10522 250
sleep_50deg_20s 1379 18 10585 -12583 0 12551 10529 251
sleep_50deg_20s 1380 9 10599 -12625 0 12560 10537 252
sleep_50deg_20s 1381 -57 10470 -12592 0 12564 10528 253
sleep_50deg_20s 1382 -5 10459 -12588 0 12567 10519 254
sleep_50deg_20s 1383 -42 10608 -12488 0 12557 10530 255
sleep_50deg_20s 1384 46 10569 -12573 0 12559 10534 256
sleep_50deg_20s 1385 -57 10556 -12541 0 12556 10536 257
sleep_50deg_20s 1386 61 10443 -12399 0 12536 10524 258
sleep_50deg_20s 1387 72 10633 -12579 0 12541 10537 259
sleep_50deg_20s 1388 -43 10545 -12601 0 12548 10538 260
sleep_50deg_20s 1389 35 10557 -12588 0 12553 10540 261
sleep_50deg_20s 1390 4 10465 -12564 0 12554 10530 262
sleep_50deg_20s 1391 -62 10507 -12504 0 12547 10527 263
sleep_50deg_20s 1392 27 10446 -12545 0 12546 10516 264
sleep_50deg_20s 1393 -21 10564 -12601 0 12552 10522 265
sleep_50deg_20s 1394 12 10578 -12468 0 12541 10529 266
sleep_50deg_20s 1395 4 10516 -12519 0 12538 10527 267
sleep_50deg_20s 1396 -75 10616 -12545 0 12538 10538 268
sleep_50deg_20s 1397 -2 10552 -12587 0 12544 10539 269
sleep_50deg_20s 1398 -29 10577 -12588 0 12549 10543 270
sleep_50deg_20s 1399 -32 10498 -12508 0 12543 10537 271
sleep_50deg_20s 1400 20 10523 -12489 0 12536 10535 272
sleep_50deg_20s 1401 -42 10547 -12524 0 12534 10536 273
sleep_50deg_20s 1402 -55 10546 -12493 0 12528 10537 274
sleep_50deg_20s 1403 58 10590 -12664 0 12545 10543 275
sleep_50deg_20s 1404 51 10501 -12615 0 12553 10537 276
sleep_50deg_20s 1405 62 10592 -12577 0 12556 10543 277
sleep_50deg_20s 1406 2 10440 -12623 0 12564 10530 278
sleep_50deg_20s 1407 20 10514 -12551 0 12562 10528 279
sleep_50deg_20s 1408 -20 10553 -12535 0 12558 10531 280
sleep_50deg_20s 1409 -28 10494 -12509 0 12551 10526 281
sleep_50deg_20s 1410 67 10583 -12542 0 12549 10533 282
sleep_50deg_20s 1411 -11 10491 -12598 0 12555 10527 283
sleep_50deg_20s 1412 17 10447 -12570 0 12556 10517 284
sleep_50deg_20s 1413 49 10540 -12500 0 12549 10519 285
sleep_50deg_20s 1414 -27 10476 -12489 0 12541 10513 286
sleep_50deg_20s 1415 -49 10609 -12568 0 12544 10525 287
sleep_50deg_20s 1416 6 10480 -12576 0 12548 10519 288
sleep_50deg_20s 1417 119 10537 -12623 0 12557 10521 289
sleep_50deg_20s 1418 -6 10514 -12540 0 12554 10520 290
sleep_50deg_20s 1419 -53 10513 -12494 0 12546 10519 291
sleep_50deg_20s 1420 12 10546 -12571 0 12549 10522 292
sleep_50deg_20s 1421 91 10526 -12504 0 12543 10522 293
sleep_50deg_20s 1422 -63 10594 -12529 0 12541 10531 294
sleep_50deg_20s 1423 -54 10478 -12606 0 12549 10524 295
sleep_50deg_20s 1424 -49 10590 -12466 0 12538 10532 296
sleep_50deg_20s 1425 -35 10505 -12580 0 12543 10528 297
sleep_50deg_20s 1426 -89 10586 -12611 0 12551 10535 298
sleep_50deg_20s 1427 21 10544 -12575 0 12554 10536 299
sleep_50deg_20s 1428 15 10510 -12585 0 12557 10532 300
sleep_50deg_20s 1429 -25 10563 -12648 0 12568 10535 301
sleep_50deg_20s 1430 44 10557 -12470 0 12555 10537 302
sleep_50deg_20s 1431 44 10547 -12534 0 12552 10538 303
sleep_50deg_20s 1432 22 10493 -12654 0 12564 10532 304
sleep_50deg_20s 1433 16 10447 -12566 0 12564 10521 305
sleep_50deg_20s 1434 50 10512 -12536 0 12560 10519 306
sleep_50deg_20s 1435 -85 10581 -12491 0 12551 10526 307
sleep_50deg_20s 1436 -79 10585 -12559 0 12552 10533 308
sleep_50deg_20s 1437 19 10523 -12513 0 12547 10531 309
sleep_50deg_20s 1438 41 10577 -12536 0 12545 10536 310
sleep_50deg_20s 1439 -25 10545 -12510 0 12540 10537 311
sleep_50deg_20s 1440 4 10447 -12616 0 12549 10525 312
sleep_50deg_20s 1441 25 10530 -12447 0 12536 10525 313
sleep_50deg_20s 1442 62 10538 -12515 0 12533 10526 314
sleep_50deg_20s 1443 -47 10527 -12442 0 12521 10526 315
sleep_50deg_20s 1444 -92 10540 -12619 0 12533 10527 316
sleep_50deg_20s 1445 13 10440 -12478 0 12526 10516 317
sleep_50deg_20s 1446 -41 10572 -12513 0 12524 10523 318
sleep_50deg_20s 1447 -19 10493 -12540 0 12526 10519 319
sleep_50deg_20s 1448 66 10541 -12509 0 12523 10521 320
sleep_50deg_20s 1449 -2 10501 -12569 0 12528 10518 321
sleep_50deg_20s 1450 -3 10552 -12594 0 12536 10522 322
sleep_50deg_20s 1451 -25 10597 -12553 0 12538 10531 323
sleep_50deg_20s 1452 34 10581 -12516 0 12535 10537 324
sleep_50deg_20s 1453 53 10535 -12567 0 12539 10536 325
sleep_50deg_20s 1454 1 10564 -12574 0 12543 10539 326
sleep_50deg_20s 1455 -142 10494 -12571 0 12546 10533 327
sleep_50deg_20s 1456 11 10499 -12459 0 12535 10528 328
sleep_50deg_20s 1457 22 10582 -12514 0 12532 10534 329
sleep_50deg_20s 1458 62 10516 -12500 0 12528 10531 330
sleep_50deg_20s 1459 56 10494 -12641 0 12542 10526 331
sleep_50deg_20s 1460 -74 10540 -12528 0 12540 10527 332
sleep_50deg_20s 1461 32 10543 -12561 0 12542 10529 333
sleep_50deg_20s 1462 -4 10510 -12539 0 12541 10526 334
sleep_50deg_20s 1463 -19 10539 -12574 0 12545 10527 335
sleep_50deg_20s 1464 33 10497 -12579 0 12549 10523 336
sleep_50deg_20s 1465 -9 10558 -12529 0 12546 10527 337
sleep_50deg_20s 1466 -46 10539 -12609 0 12553 10528 338
sleep_50deg_20s 1467 -81 10562 -12519 0 12548 10532 339
sleep_50deg_20s 1468 16 10503 -12545 0 12547 10528 340
sleep_50deg_20s 1469 -47 10588 -12618 0 12555 10535 341
sleep_50deg_20s 1470 93 10537 -12553 0 12554 10535 342
sleep_50deg_20s 1471 -73 10490 -12573 0 12556 10529 343
sleep_50deg_20s 1472 -12 10561 -12559 0 12556 10533 344
sleep_50deg_20s 1473 -55 10543 -12578 0 12558 10534 345
sleep_50deg_20s 1474 -49 10484 -12645 0 12568 10527 346
sleep_50deg_20s 1475 35 10480 -12611 0 12573 10521 347
sleep_50deg_20s 1476 -6 10617 -12546 0 12569 10533 348
sleep_50deg_20s 1477 46 10555 -12523 0 12563 10535 349
sleep_50deg_20s 1478 -67 10449 -12569 0 12563 10524 350
sleep_50deg_20s 1479 -15 10535 -12518 0 12557 10525 351
sleep_50deg_20s 1480 -43 10458 -12611 0 12563 10516 352
sleep_50deg_20s 1481 -7 10591 -12584 0 12565 10525 353
sleep_50deg_20s 1482 27 10558 -12627 0 12572 10529 354
sleep_50deg_20s 1483 -20 10482 -12516 0 12565 10523 355
sleep_50deg_20s 1484 -12 10530 -12551 0 12563 10523 356
sleep_50deg_20s 1485 44 10523 -12563 0 12563 10523 357
sleep_50deg_20s 1486 15 10580 -12561 0 12562 10530 358
sleep_50deg_20s 1487 98 10503 -12506 0 12555 10526 359
sleep_50deg_20s 1488 6 10518 -12590 0 12559 10525 360
sleep_50deg_20s 1489 36 10519 -12480 0 12549 10524 361
sleep_50deg_20s 1490 -41 10523 -12598 0 12555 10523 362
sleep_50deg_20s 1491 -6 10582 -12547 0 12554 10530 363
sleep_50deg_20s 1492 -15 10564 -12520 0 12549 10534 364
sleep_50deg_20s 1493 8 10561 -12591 0 12554 10537 365
sleep_50deg_20s 1494 -23 10512 -12460 0 12542 10533 366
sleep_50deg_20s 1495 11 10497 -12596 0 12548 10528 367
sleep_50deg_20s 1496 23 10461 -12547 0 12547 10519 368
sleep_50deg_20s 1497 -6 10552 -12579 0 12551 10523 369
sleep_50deg_20s 1498 2 10545 -12550 0 12550 10525 370
sleep_50deg_20s 1499 -22 10579 -12447 0 12537 10531 371
sleep_50deg_20s 1500 10 10530 -12590 0 12543 10530 372
sleep_50deg_20s 1501 -32 10516 -12618 0 12552 10528 373
sleep_50deg_20s 1502 36 10558 -12475 0 12542 10531 374
sleep_50deg_20s 1503 55 10572 -12650 0 12555 10536 375
sleep_50deg_20s 1504 14 10468 -12572 0 12557 10527 376
sleep_50deg_20s 1505 -28 10476 -12626 0 12565 10520 377
sleep_50deg_20s 1506 35 10544 -12621 0 12572 10523 378
sleep_50deg_20s 1507 -21 10476 -12509 0 12564 10517 379
sleep_50deg_20s 1508 101 10508 -12636 0 12573 10515 380
sleep_50deg_20s 1509 -35 10539 -12556 0 12570 10518 381
sleep_50deg_20s 1510 -43 10570 -12448 0 12554 10524 382
sleep_50deg_20s 1511 -59 10535 -12575 0 12556 10525 383
sleep_50deg_20s 1512 -75 10571 -12585 0 12559 10530 384
sleep_50deg_20s 1513 30 10531 -12539 0 12556 10530 385
sleep_50deg_20s 1514 57 10486 -12537 0 12553 10524 386
sleep_50deg_20s 1515 -7 10540 -12525 0 12549 10526 387
sleep_50deg_20s 1516 11 10523 -12563 0 12550 10525 388
sleep_50deg_20s 1517 16 10549 -12528 0 12547 10528 389
sleep_50deg_20s 1518 -47 10469 -12564 0 12549 10520 390
sleep_50deg_20s 1519 8 10545 -12602 0 12555 10523 391
sleep_50deg_20s 1520 45 10510 -12608 0 12561 10521 392
sleep_50deg_20s 1521 38 10531 -12553 0 12560 10522 393
sleep_50deg_20s 1522 -7 10654 -12575 0 12561 10538 394
sleep_50deg_20s 1523 0 10510 -12539 0 12558 10534 395
sleep_50deg_20s 1524 -97 10486 -12426 0 12541 10528 396
sleep_50deg_20s 1525 -75 10542 -12565 0 12544 10529 397
sleep_50deg_20s 1526 -63 10518 -12519 0 12540 10527 398
sleep_50deg_20s 1527 52 10517 -12579 0 12544 10525 399
sleep_50deg_20s 1528 12 10524 -12499 0 12538 10524 400
sleep_50deg_20s 1529 74 10512 -12605 0 12546 10522 401
sleep_50deg_20s 1530 -3 10519 -12525 0 12543 10521 402
sleep_50deg_20s 1531 -16 10518 -12547 0 12543 10520 403
sleep_50deg_20s 1532 -48 10509 -12547 0 12543 10518 404
sleep_50deg_20s 1533 62 10601 -12581 0 12547 10528 405
sleep_50deg_20s 1534 12 10449 -12570 0 12549 10518 406
sleep_50deg_20s 1535 23 10512 -12612 0 12556 10517 407
sleep_50deg_20s 1536 -36 10495 -12640 0 12566 10514 408
sleep_50deg_20s 1537 -1 10561 -12568 0 12566 10519 409
sleep_50deg_20s 1538 -46 10490 -12552 0 12564 10515 410
sleep_50deg_20s 1539 -22 10563 -12583 0 12566 10521 411
sleep_50deg_20s 1540 -58 10565 -12568 0 12566 10526 412
sleep_50deg_20s 1541 -34 10442 -12520 0 12560 10515 413
sleep_50deg_20s 1542 21 10581 -12562 0 12560 10523 414
sleep_50deg_20s 1543 60 10696 -12578 0 12562 10544 415
sleep_50deg_20s 1544 51 10491 -12604 0 12567 10537 416
sleep_50deg_20s 1545 -76 10475 -12569 0 12567 10529 417
sleep_50deg_20s 1546 56 10367 -12548 0 12564 10508 418
sleep_50deg_20s 1547 -24 10536 -12581 0 12566 10511 419
sleep_50deg_20s 1548 -52 10559 -12496 0 12557 10517 420
sleep_50deg_20s 1549 37 10533 -12501 0 12550 10519 421
sleep_50deg_20s 1550 81 10468 -12557 0 12550 10512 422
sleep_50deg_20s 1551 74 10560 -12502 0 12544 10518 423
sleep_50deg_20s 1552 70 10514 -12484 0 12536 10517 424
sleep_50deg_20s 1553 15 10511 -12609 0 12545 10516 425
sleep_50deg_20s 1554 -20 10622 -12576 0 12548 10529 426
sleep_50deg_20s 1555 1 10495 -12585 0 12552 10524 427
sleep_50deg_20s 1556 14 10510 -12541 0 12550 10522 428
sleep_50deg_20s 1557 39 10533 -12546 0 12549 10523 429
sleep_50deg_20s 1558 2 10597 -12486 0 12541 10532 430
sleep_50deg_20s 1559 -33 10620 -12499 0 12535 10543 431
sleep_50deg_20s 1560 16 10587 -12592 0 12542 10548 432
sleep_50deg_20s 1561 -23 10503 -12626 0 12552 10542 433
sleep_50deg_20s 1562 -25 10567 -12655 0 12564 10545 434
sleep_50deg_20s 1563 -42 10584 -12567 0 12564 10549 435
sleep_50deg_20s 1564 18 10538 -12570 0 12564 10547 436
sleep_50deg_20s 1565 -16 10499 -12663 0 12576 10541 437
sleep_50deg_20s 1566 72 10494 -12547 0 12572 10535 438
sleep_50deg_20s 1567 -2 10500 -12494 0 12562 10530 439
sleep_50deg_20s 1568 -10 10585 -12537 0 12558 10536 440
sleep_50deg_20s 1569 7 10537 -12550 0 12557 10536 441
sleep_50deg_20s 1570 92 10652 -12613 0 12564 10550 442
sleep_50deg_20s 1571 -42 10489 -12436 0 12548 10542 443
sleep_50deg_20s 1572 -16 10526 -12517 0 12544 10540 444
sleep_50deg_20s 1573 -5 10459 -12470 0 12534 10529 445
sleep_50deg_20s 1574 -41 10439 -12555 0 12536 10517 446
sleep_50deg_20s 1575 43 10470 -12589 0 12542 10511 447
sleep_50deg_20s 1576 79 10501 -12598 0 12549 10509 448
sleep_50deg_20s 1577 -75 10575 -12515 0 12544 10517 449
sleep_50deg_20s 1578 15 10520 -12613 0 12552 10517 450
sleep_50deg_20s 1579 60 10520 -12555 0 12552 10517 451
sleep_50deg_20s 1580 -83 10481 -12478 0 12542 10512 452
sleep_50deg_20s 1581 0 10524 -12531 0 12540 10513 453
sleep_50deg_20s 1582 56 10527 -12594 0 12546 10514 454
sleep_50deg_20s 1583 -13 10554 -12539 0 12545 10519 455
sleep_50deg_20s 1584 53 10414 -12572 0 12548 10505 456
sleep_50deg_20s 1585 79 10610 -12582 0 12552 10518 457
sleep_50deg_20s 1586 -22 10533 -12529 0 12549 10519 458
sleep_50deg_20s 1587 74 10551 -12559 0 12550 10523 459
sleep_50deg_20s 1588 3 10525 -12554 0 12550 10523 460
sleep_50deg_20s 1589 -12 10482 -12509 0 12544 10517 461
sleep_50deg_20s 1590 -28 10504 -12505 0 12539 10515 462
sleep_50deg_20s 1591 -7 10501 -12500 0 12534 10513 463
sleep_50deg_20s 1592 3 10563 -12555 0 12536 10519 464
sleep_50deg_20s 1593 -50 10556 -12564 0 12539 10523 465
sleep_50deg_20s 1594 78 10502 -12406 0 12522 10520 466
sleep_50deg_20s 1595 -55 10522 -12496 0 12518 10520 467
sleep_50deg_20s 1596 4 10456 -12600 0 12528 10512 468
sleep_50deg_20s 1597 -32 10590 -12497 0 12524 10521 469
sleep_50deg_20s 1598 -24 10490 -12517 0 12523 10517 470
sleep_50deg_20s 1599 -47 10588 -12610 0 12533 10525 471
sleep_50deg_20s 1600 59 10584 -12590 0 12540 10532 472
sleep_50deg_20s 1601 1 10468 -12493 0 12534 10524 473
sleep_50deg_20s 1602 19 10581 -12479 0 12527 10531 474
sleep_50deg_20s 1603 14 10565 -12523 0 12526 10535 475
sleep_50deg_20s 1604 -6 10585 -12563 0 12530 10541 476
sleep_50deg_20s 1605 61 10516 -12619 0 12541 10537 477
sleep_50deg_20s 1606 -89 10479 -12561 0 12543 10529 478
sleep_50deg_20s 1607 47 10534 -12605 0 12550 10529 479
sleep_50deg_20s 1608 -21 10585 -12633 0 12560 10536 480
sleep_50deg_20s 1609 15 10536 -12535 0 12556 10536 481
sleep_50deg_20s 1610 48 10510 -12612 0 12563 10532 482
sleep_50deg_20s 1611 -66 10536 -12448 0 12548 10532 483
sleep_50deg_20s 1612 49 10534 -12552 0 12548 10532 484
sleep_50deg_20s 1613 -2 10590 -12526 0 12545 10539 485
sleep_50deg_20s 1614 -10 10530 -12562 0 12547 10537 486
sleep_50deg_20s 1615 127 10539 -12588 0 12552 10537 487
sleep_50deg_20s 1616 -20 10412 -12535 0 12549 10521 488
sleep_50deg_20s 1617 -16 10485 -12606 0 12556 10516 489
sleep_50deg_20s 1618 13 10517 -12615 0 12563 10516 490
sleep_50deg_20s 1619 -21 10480 -12497 0 12554 10511 491
sleep_50deg_20s 1620 85 10558 -12543 0 12552 10516 492
sleep_50deg_20s 1621 -160 10560 -12561 0 12553 10521 493
sleep_50deg_20s 1622 -52 10499 -12605 0 12559 10518 494
sleep_50deg_20s 1623 63 10544 -12483 0 12549 10521 495
sleep_50deg_20s 1624 -48 10580 -12583 0 12553 10528 496
sleep_50deg_20s 1625 14 10481 -12478 0 12543 10522 497
sleep_50deg_20s 1626 -19 10527 -12536 0 12542 10522 498
sleep_50deg_20s 1627 66 10460 -12525 0 12539 10514 499
sleep_50deg_20s 1628 -31 10456 -12655 0 12553 10506 500
sleep_50deg_20s 1629 -8 10547 -12511 0 12547 10511 501
sleep_50deg_20s 1630 88 10570 -12506 0 12541 10518 502
sleep_50deg_20s 1631 -38 10491 -12487 0 12534 10514 503
sleep_50deg_20s 1632 -56 10530 -12610 0 12543 10516 504
sleep_50deg_20s 1633 -59 10487 -12517 0 12539 10512 505
sleep_50deg_20s 1634 -49 10483 -12476 0 12531 10508 506
sleep_50deg_20s 1635 42 10565 -12585 0 12537 10515 507
sleep_50deg_20s 1636 -101 10675 -12508 0 12533 10535 508
sleep_50deg_20s 1637 -25 10515 -12498 0 12528 10532 509
sleep_50deg_20s 1638 60 10543 -12518 0 12526 10533 510
sleep_50deg_20s 1639 -40 10489 -12629 0 12538 10527 511
sleep_50deg_20s 1640 71 10521 -12594 0 12545 10526 512
sleep_50deg_20s 1641 -51 10514 -12565 0 12547 10524 513
sleep_50deg_20s 1642 -2 10512 -12491 0 12540 10522 514
sleep_50deg_20s 1643 19 10621 -12622 0 12550 10534 515
sleep_50deg_20s 1644 106 10573 -12552 0 12550 10538 516
sleep_50deg_20s 1645 -3 10445 -12583 0 12554 10526 517
sleep_50deg_20s 1646 -16 10502 -12517 0 12549 10523 518
sleep_50deg_20s 1647 39 10575 -12511 0 12544 10529 519
sleep_50deg_20s 1648 77 10461 -12501 0 12538 10520 520
sleep_50deg_20s 1649 -18 10556 -12482 0 12531 10524 521
sleep_50deg_20s 1650 -45 10504 -12625 0 12542 10521 522
sleep_50deg_20s 1651 -43 10506 -12463 0 12532 10519 523
sleep_50deg_20s 1652 17 10674 -12518 0 12530 10538 524
sleep_50deg_20s 1653 -61 10603 -12638 0 12543 10546 525
sleep_50deg_20s 1654 3 10514 -12572 0 12546 10542 526
sleep_50deg_20s 1655 73 10666 -12532 0 12544 10557 527
sleep_50deg_20s 1656 -46 10509 -12658 0 12558 10551 528
sleep_50deg_20s 1657 -5 10474 -12618 0 12565 10541 529
sleep_50deg_20s 1658 37 10464 -12580 0 12566 10531 530
sleep_50deg_20s 1659 -19 10492 -12511 0 12559 10526 531
sleep_50deg_20s 1660 -44 10472 -12571 0 12560 10519 532
sleep_50deg_20s 1661 21 10549 -12556 0 12559 10522 533
sleep_50deg_20s 1662 12 10534 -12568 0 12560 10523 534
sleep_50deg_20s 1663 -71 10562 -12455 0 12546 10527 535
sleep_50deg_20s 1664 63 10556 -12473 0 12536 10530 536
sleep_50deg_20s 1665 -52 10516 -12512 0 12533 10528 537
sleep_50deg_20s 1666 -23 10510 -12506 0 12529 10525 538
sleep_50deg_20s 1667 -29 10483 -12544 0 12530 10519 539
sleep_50deg_20s 1668 22 10551 -12545 0 12531 10523 540
sleep_50deg_20s 1669 6 10474 -12611 0 12541 10516 541
sleep_50deg_20s 1670 31 10505 -12446 0 12529 10514 542
sleep_50deg_20s 1671 16 10526 -12552 0 12531 10515 543
sleep_50deg_20s 1672 183 10496 -12569 0 12535 10512 544
sleep_50deg_20s 1673 35 10525 -12488 0 12529 10513 545
sleep_50deg_20s 1674 -22 10527 -12574 0 12534 10514 546
sleep_50deg_20s 1675 25 10475 -12554 0 12536 10509 547
sleep_50deg_20s 1676 -8 10513 -12511 0 12532 10509 548
sleep_50deg_20s 1677 46 10559 -12529 0 12531 10515 549
sleep_50deg_20s 1678 15 10496 -12555 1 12534 10512 50
sleep_50deg_20s 1679 -21 10534 -12568 0 12538 10514 51
sleep_50deg_20s 1680 50 10576 -12603 0 12546 10521 52
sleep_50deg_20s 1681 -85 10507 -12550 0 12546 10519 53
sleep_50deg_20s 1682 12 10506 -12619 0 12555 10517 54
sleep_50deg_20s 1683 28 10581 -12556 0 12555 10525 55
sleep_50deg_20s 1684 -55 10553 -12501 0 12548 10528 56
sleep_50deg_20s 1685 -11 10562 -12558 0 12549 10532 57
sleep_50deg_20s 1686 -13 10505 -12591 0 12554 10528 58
sleep_50deg_20s 1687 1 10563 -12519 0 12549 10532 59
sleep_50deg_20s 1688 -57 10525 -12524 0 12545 10531 60
sleep_50deg_20s 1689 -11 10554 -12580 0 12549 10533 61
sleep_50deg_20s 1690 -43 10520 -12444 0 12535 10531 62
sleep_50deg_20s 1691 -12 10448 -12509 0 12531 10520 63
sleep_50deg_20s 1692 -9 10632 -12472 0 12523 10534 64
sleep_50deg_20s 1693 33 10467 -12644 0 12538 10525 65
sleep_50deg_20s 1694 34 10501 -12568 0 12541 10522 66
sleep_50deg_20s 1695 -32 10521 -12551 0 12542 10521 67
sleep_50deg_20s 1696 66 10463 -12555 0 12543 10513 68
sleep_50deg_20s 1697 70 10536 -12474 0 12534 10515 69
sleep_50deg_20s 1698 -43 10504 -12637 0 12546 10513 70
sleep_50deg_20s 1699 3 10571 -12529 0 12543 10520 71
sleep_50deg_20s 1700 -68 10478 -12506 0 12538 10514 72
sleep_50deg_20s 1701 14 10464 -12583 0 12543 10507 73
sleep_50deg_20s 1702 41 10479 -12472 0 12534 10503 74
sleep_50deg_20s 1703 84 10554 -12611 0 12543 10509 75
sleep_50deg_20s 1704 -17 10503 -12520 0 12540 10508 76
sleep_50deg_20s 1705 72 10484 -12496 0 12534 10505 77
sleep_50deg_20s 1706 34 10569 -12572 0 12538 10513 78
sleep_50deg_20s 1707 -38 10521 -12535 0 12537 10514 79
sleep_50deg_20s 1708 2 10469 -12528 0 12535 10508 80
sleep_50deg_20s 1709 -42 10589 -12541 0 12535 10518 81
sleep_50deg_20s 1710 98 10527 -12492 0 12529 10519 82
sleep_50deg_20s 1711 6 10459 -12603 0 12538 10511 83
sleep_50deg_20s 1712 56 10438 -12615 0 12547 10501 84
sleep_50deg_20s 1713 39 10553 -12501 0 12541 10507 85
sleep_50deg_20s 1714 -5 10572 -12513 0 12537 10515 86
sleep_50deg_20s 1715 -34 10535 -12567 0 12540 10517 87
sleep_50deg_20s 1716 -11 10621 -12456 0 12529 10530 88
sleep_50deg_20s 1717 -16 10483 -12568 0 12533 10524 89
sleep_50deg_20s 1718 69 10496 -12502 0 12529 10520 90
sleep_50deg_20s 1719 84 10568 -12529 0 12529 10526 91
sleep_50deg_20s 1720 107 10536 -12456 0 12519 10527 92
sleep_50deg_20s 1721 -27 10569 -12516 0 12518 10532 93
sleep_50deg_20s 1722 25 10508 -12500 0 12515 10529 94
sleep_50deg_20s 1723 -109 10437 -12593 0 12524 10517 95
sleep_50deg_20s 1724 42 10512 -12519 0 12523 10516 96
sleep_50deg_20s 1725 -102 10503 -12573 0 12529 10514 97
sleep_50deg_20s 1726 -32 10540 -12595 0 12537 10517 98
sleep_50deg_20s 1727 -45 10511 -12504 0 12532 10516 99
sleep_50deg_20s 1728 -66 10436 -12599 0 12540 10506 100
sleep_50deg_20s 1729 30 10492 -12530 0 12538 10504 101
sleep_50deg_20s 1730 2 10528 -12571 0 12542 10507 102
sleep_50deg_20s 1731 26 10616 -12527 0 12540 10520 103
sleep_50deg_20s 1732 -48 10505 -12594 0 12546 10518 104
sleep_50deg_20s 1733 101 10461 -12463 0 12535 10510 105
sleep_50deg_20s 1734 21 10530 -12544 0 12536 10512 106
sleep_50deg_20s 1735 -28 10555 -12586 0 12542 10517 107
sleep_50deg_20s 1736 28 10416 -12506 0 12537 10504 108
sleep_50deg_20s 1737 30 10538 -12548 0 12538 10508 109
sleep_50deg_20s 1738 21 10508 -12609 0 12546 10508 110
sleep_50deg_20s 1739 16 10543 -12575 0 12549 10512 111
sleep_50deg_20s 1740 15 10613 -12511 0 12544 10524 112
sleep_50deg_20s 1741 33 10537 -12510 0 12539 10525 113
sleep_50deg_20s 1742 11 10523 -12481 0 12531 10524 114
sleep_50deg_20s 1743 35 10472 -12580 0 12537 10517 115
sleep_50deg_20s 1744 -24 10600 -12588 0 12543 10527 116
sleep_50deg_20s 1745 43 10490 -12491 0 12536 10522 117
sleep_50deg_20s 1746 22 10524 -12625 0 12547 10522 118
sleep_50deg_20s 1747 39 10535 -12514 0 12542 10523 119
sleep_50deg_20s 1748 -56 10546 -12535 0 12541 10525 120
sleep_50deg_20s 1749 -49 10537 -12591 0 12547 10526 121
sleep_50deg_20s 1750 -51 10577 -12537 0 12545 10532 122
sleep_50deg_20s 1751 39 10472 -12649 0 12558 10524 123
sleep_50deg_20s 1752 -2 10567 -12611 0 12564 10529 124
sleep_50deg_20s 1753 56 10533 -12605 0 12569 10529 125
sleep_50deg_20s 1754 -18 10523 -12617 0 12575 10528 126
sleep_50deg_20s 1755 28 10537 -12552 0 12572 10529 127
sleep_50deg_20s 1756 -19 10541 -12567 0 12571 10530 128
sleep_50deg_20s 1757 -8 10476 -12591 0 12573 10523 129
sleep_50deg_20s 1758 -15 10546 -12526 0 12567 10525 130
sleep_50deg_20s 1759 -26 10579 -12500 0 12558 10531 131
sleep_50deg_20s 1760 -23 10427 -12611 0 12564 10518 132
sleep_50deg_20s 1761 -39 10561 -12610 0 12569 10523 133
sleep_50deg_20s 1762 16 10510 -12598 0 12572 10521 134
sleep_50deg_20s 1763 -4 10495 -12550 0 12569 10517 135
sleep_50deg_20s 1764 23 10537 -12577 0 12570 10519 136
sleep_50deg_20s 1765 91 10530 -12543 0 12566 10520 137
sleep_50deg_20s 1766 -43 10555 -12564 0 12565 10524 138
sleep_50deg_20s 1767 -46 10582 -12545 0 12562 10531 139
sleep_50deg_20s 1768 -61 10492 -12482 0 12552 10526 140
sleep_50deg_20s 1769 62 10528 -12545 0 12551 10526 141
sleep_50deg_20s 1770 -30 10502 -12522 0 12547 10523 142
sleep_50deg_20s 1771 -22 10444 -12535 0 12545 10513 143
sleep_50deg_20s 1772 30 10642 -12570 0 12548 10529 144
sleep_50deg_20s 1773 -49 10576 -12562 0 12549 10534 145
sleep_50deg_20s 1774 73 10539 -12543 0 12548 10534 146
sleep_50deg_20s 1775 49 10614 -12582 0 12552 10544 147
sleep_50deg_20s 1776 49 10444 -12543 0 12550 10531 148
sleep_50deg_20s 1777 -93 10643 -12563 0 12551 10545 149
sleep_50deg_20s 1778 -131 10511 -12579 0 12554 10540 150
sleep_50deg_20s 1779 -17 10525 -12633 0 12563 10538 151
sleep_50deg_20s 1780 16 10434 -12519 0 12557 10525 152
sleep_50deg_20s 1781 -33 10475 -12544 0 12555 10518 153
sleep_50deg_20s 1782 -10 10532 -12602 0 12560 10519 154
sleep_50deg_20s 1783 40 10432 -12646 0 12570 10508 155
sleep_50deg_20s 1784 47 10514 -12581 0 12571 10508 156
sleep_50deg_20s 1785 3 10566 -12521 0 12564 10515 157
sleep_50deg_20s 1786 -13 10580 -12621 0 12571 10523 158
sleep_50deg_20s 1787 41 10549 -12436 0 12554 10526 159
sleep_50deg_20s 1788 84 10551 -12622 0 12562 10529 160
sleep_50deg_20s 1789 -15 10534 -12591 0 12565 10529 161
sleep_50deg_20s 1790 -66 10579 -12479 0 12554 10535 162
sleep_50deg_20s 1791 62 10460 -12521 0 12549 10525 163
sleep_50deg_20s 1792 80 10467 -12589 0 12554 10517 164
sleep_50deg_20s 1793 -98 10593 -12540 0 12552 10526 165
sleep_50deg_20s 1794 -37 10588 -12520 0 12548 10533 166
sleep_50deg_20s 1795 -41 10427 -12515 0 12543 10519 167
sleep_50deg_20s 1796 31 10428 -12675 0 12559 10507 168
sleep_50deg_20s 1797 -111 10500 -12507 0 12552 10506 169
sleep_50deg_20s 1798 18 10533 -12524 0 12548 10509 170
sleep_50deg_20s 1799 67 10499 -12537 0 12546 10507 171
sleep_50deg_20s 1800 -68 10552 -12554 0 12547 10512 172
sleep_50deg_20s 1801 22 10469 -12487 0 12539 10506 173
sleep_50deg_20s 1802 1 10485 -12469 0 12530 10503 174
sleep_50deg_20s 1803 -40 10603 -12507 0 12527 10515 175
sleep_50deg_20s 1804 50 10584 -12548 0 12529 10523 176
sleep_50deg_20s 1805 -9 10521 -12444 0 12518 10522 177
sleep_50deg_20s 1806 24 10602 -12540 0 12520 10532 178
sleep_50deg_20s 1807 -17 10484 -12529 0 12521 10526 179
sleep_50deg_20s 1808 17 10529 -12511 0 12519 10526 180
sleep_50deg_20s 1809 37 10581 -12555 0 12523 10532 181
sleep_50deg_20s 1810 -39 10540 -12668 0 12541 10533 182
sleep_50deg_20s 1811 -51 10510 -12569 0 12544 10530 183
sleep_50deg_20s 1812 -14 10522 -12520 0 12541 10529 184
sleep_50deg_20s 1813 53 10488 -12469 0 12532 10523 185
sleep_50deg_20s 1814 22 10505 -12529 0 12531 10520 186
sleep_50deg_20s 1815 2 10468 -12456 0 12521 10513 187
sleep_50deg_20s 1816 86 10559 -12612 0 12532 10518 188
sleep_50deg_20s 1817 61 10541 -12656 0 12547 10520 189
sleep_50deg_20s 1818 -68 10523 -12563 0 12549 10520 190
sleep_50deg_20s 1819 -19 10596 -12487 0 12541 10529 191
sleep_50deg_20s 1820 -72 10495 -12598 0 12548 10524 192
sleep_50deg_20s 1821 100 10542 -12495 0 12541 10526 193
sleep_50deg_20s 1822 46 10521 -12578 0 12545 10525 194
sleep_50deg_20s 1823 -94 10539 -12575 0 12548 10526 195
sleep_50deg_20s 1824 7 10585 -12562 0 12549 10533 196
sleep_50deg_20s 1825 30 10533 -12587 0 12553 10533 197
sleep_50deg_20s 1826 -48 10497 -12575 0 12555 10528 198
sleep_50deg_20s 1827 37 10530 -12624 0 12563 10528 199
sleep_50deg_20s 1828 -8 10574 -12514 0 12556 10533 200
sleep_50deg_20s 1829 -41 10431 -12584 0 12559 10520 201
sleep_50deg_20s 1830 -70 10506 -12557 0 12558 10518 202
sleep_50deg_20s 1831 -30 10525 -12562 0 12558 10518 203
sleep_50deg_20s 1832 -17 10548 -12536 0 12555 10521 204
sleep_50deg_20s 1833 4 10486 -12597 0 12560 10516 205
sleep_50deg_20s 1834 -21 10546 -12530 0 12556 10519 206
sleep_50deg_20s 1835 -11 10541 -12594 0 12560 10521 207
sleep_50deg_20s 1836 -30 10591 -12627 0 12568 10529 208
sleep_50deg_20s 1837 -20 10508 -12537 0 12564 10526 209
sleep_50deg_20s 1838 34 10449 -12612 0 12570 10516 210
sleep_50deg_20s 1839 4 10510 -12602 0 12574 10515 211
sleep_50deg_20s 1840 -17 10482 -12486 0 12563 10510 212
sleep_50deg_20s 1841 43 10545 -12593 0 12566 10514 213
sleep_50deg_20s 1842 88 10500 -12569 0 12566 10512 214
sleep_50deg_20s 1843 119 10559 -12570 0 12566 10517 215
sleep_50deg_20s 1844 -12 10468 -12584 0 12568 10510 216
sleep_50deg_20s 1845 17 10606 -12636 0 12576 10522 217
sleep_50deg_20s 1846 71 10441 -12541 0 12571 10511 218
sleep_50deg_20s 1847 -25 10584 -12561 0 12569 10520 219
sleep_50deg_20s 1848 145 10528 -12516 0 12562 10521 220
sleep_50deg_20s 1849 -105 10571 -12630 0 12570 10527 221
sleep_50deg_20s 1850 -50 10527 -12629 0 12577 10527 222
sleep_50deg_20s 1851 -49 10489 -12463 0 12562 10522 223
sleep_50deg_20s 1852 0 10477 -12554 0 12561 10516 224
sleep_50deg_20s 1853 -63 10547 -12564 0 12561 10519 225
sleep_50deg_20s 1854 114 10564 -12698 0 12578 10524 226
sleep_50deg_20s 1855 -14 10566 -12485 0 12566 10529 227
sleep_50deg_20s 1856 41 10608 -12575 0 12567 10538 228
sleep_50deg_20s 1857 -13 10443 -12563 0 12566 10526 229
sleep_50deg_20s 1858 42 10426 -12517 0 12559 10513 230
sleep_50deg_20s 1859 1 10513 -12529 0 12555 10513 231
sleep_50deg_20s 1860 67 10524 -12639 0 12565 10514 232
sleep_50deg_20s 1861 59 10433 -12564 0 12564 10503 233
sleep_50deg_20s 1862 9 10590 -12543 0 12561 10513 234
sleep_50deg_20s 1863 8 10530 -12501 0 12553 10515 235
sleep_50deg_20s 1864 -3 10574 -12504 0 12546 10522 236
sleep_50deg_20s 1865 -69 10435 -12587 0 12551 10511 237
sleep_50deg_20s 1866 -21 10532 -12639 0 12562 10513 238
sleep_50deg_20s 1867 26 10578 -12535 0 12558 10521 239
sleep_50deg_20s 1868 15 10511 -12435 0 12542 10519 240
sleep_50deg_20s 1869 54 10496 -12606 0 12550 10516 241
sleep_50deg_20s 1870 -31 10427 -12452 0 12537 10504 242
sleep_50deg_20s 1871 -43 10591 -12528 0 12535 10514 243
sleep_50deg_20s 1872 88 10526 -12532 0 12534 10515 244
sleep_50deg_20s 1873 74 10596 -12562 0 12537 10525 245
sleep_50deg_20s 1874 83 10390 -12504 0 12532 10508 246
sleep_50deg_20s 1875 -142 10556 -12545 0 12533 10514 247
sleep_50deg_20s 1876 -37 10521 -12499 0 12528 10514 248
sleep_50deg_20s 1877 16 10500 -12680 0 12547 10512 249
sleep_50deg_20s 1878 -55 10494 -12556 0 12548 10509 250
sleep_50deg_20s 1879 -31 10505 -12584 0 12552 10508 251
sleep_50deg_20s 1880 20 10532 -12509 0 12546 10511 252
sleep_50deg_20s 1881 -67 10503 -12507 0 12541 10510 253
sleep_50deg_20s 1882 18 10507 -12577 0 12545 10509 254
sleep_50deg_20s 1883 -48 10532 -12501 0 12539 10511 255
sleep_50deg_20s 1884 -108 10495 -12564 0 12542 10509 256
sleep_50deg_20s 1885 17 10520 -12566 0 12545 10510 257
sleep_50deg_20s 1886 -59 10554 -12486 0 12537 10515 258
sleep_50deg_20s 1887 58 10544 -12521 0 12535 10518 259
sleep_50deg_20s 1888 50 10552 -12629 0 12546 10522 260
sleep_50deg_20s 1889 51 10534 -12614 0 12554 10523 261
sleep_50deg_20s 1890 8 10519 -12514 0 12549 10522 262
sleep_50deg_20s 1891 11 10520 -12553 0 12549 10521 263
sleep_50deg_20s 1892 -56 10486 -12561 0 12550 10516 264
sleep_50deg_20s 1893 39 10546 -12509 0 12544 10519 265
sleep_50deg_20s 1894 -32 10484 -12654 0 12557 10514 266
sleep_50deg_20s 1895 38 10554 -12531 0 12553 10519 267
sleep_50deg_20s 1896 -10 10570 -12613 0 12560 10525 268
sleep_50deg_20s 1897 -46 10583 -12522 0 12555 10532 269
sleep_50deg_20s 1898 39 10664 -12543 0 12553 10548 270
sleep_50deg_20s 1899 21 10471 -12570 0 12555 10538 271
sleep_50deg_20s 1900 -73 10539 -12503 0 12548 10538 272
sleep_50deg_20s 1901 11 10556 -12532 0 12546 10540 273
sleep_50deg_20s 1902 -48 10529 -12622 0 12555 10538 274
sleep_50deg_20s 1903 -2 10503 -12489 0 12546 10533 275
sleep_50deg_20s 1904 -19 10505 -12571 0 12549 10529 276
sleep_50deg_20s 1905 95 10419 -12432 0 12534 10515 277
sleep_50deg_20s 1906 44 10524 -12480 0 12527 10516 278
sleep_50deg_20s 1907 -28 10553 -12567 0 12532 10520 279
sleep_50deg_20s 1908 -34 10551 -12486 0 12526 10523 280
sleep_50deg_20s 1909 15 10559 -12581 0 12532 10527 281
sleep_50deg_20s 1910 18 10512 -12475 0 12524 10525 282
sleep_50deg_20s 1911 54 10544 -12499 0 12520 10527 283
sleep_50deg_20s 1912 -38 10584 -12526 0 12520 10534 284
sleep_50deg_20s 1913 -39 10510 -12513 0 12519 10531 285
sleep_50deg_20s 1914 48 10521 -12538 0 12521 10529 286
sleep_50deg_20s 1915 115 10490 -12556 0 12525 10524 287
sleep_50deg_20s 1916 -51 10462 -12561 0 12529 10516 288
sleep_50deg_20s 1917 -15 10463 -12499 0 12525 10509 289
sleep_50deg_20s 1918 95 10600 -12605 0 12535 10520 290
sleep_50deg_20s 1919 -54 10501 -12605 0 12543 10517 291
sleep_50deg_20s 1920 56 10599 -12492 0 12536 10527 292
sleep_50deg_20s 1921 0 10601 -12567 0 12539 10536 293
sleep_50deg_20s 1922 -9 10550 -12563 0 12542 10537 294
sleep_50deg_20s 1923 -41 10521 -12559 0 12544 10535 295
sleep_50deg_20s 1924 48 10442 -12492 0 12537 10523 296
sleep_50deg_20s 1925 63 10459 -12495 0 12531 10515 297
sleep_50deg_20s 1926 -39 10486 -12583 0 12537 10511 298
sleep_50deg_20s 1927 91 10516 -12522 0 12535 10511 299
sleep_50deg_20s 1928 60 10523 -12575 0 12540 10512 300
sleep_50deg_20s 1929 -58 10510 -12563 0 12542 10511 301
sleep_50deg_20s 1930 7 10571 -12537 0 12541 10518 302
sleep_50deg_20s 1931 -18 10519 -12559 0 12543 10518 303
sleep_50deg_20s 1932 -106 10542 -12644 0 12555 10521 304
sleep_50deg_20s 1933 -117 10615 -12513 0 12549 10532 305
sleep_50deg_20s 1934 -49 10581 -12616 0 12557 10538 306
sleep_50deg_20s 1935 9 10548 -12545 0 12555 10539 307
sleep_50deg_20s 1936 -75 10482 -12591 0 12559 10531 308
sleep_50deg_20s 1937 22 10551 -12479 0 12549 10533 309
sleep_50deg_20s 1938 -107 10485 -12578 0 12552 10527 310
sleep_50deg_20s 1939 39 10529 -12623 0 12560 10527 311
sleep_50deg_20s 1940 -12 10564 -12590 0 12563 10531 312
sleep_50deg_20s 1941 -18 10571 -12541 0 12560 10536 313
sleep_50deg_20s 1942 41 10424 -12611 0 12566 10522 314
sleep_50deg_20s 1943 -1 10572 -12606 0 12571 10528 315
sleep_50deg_20s 1944 -44 10524 -12444 0 12555 10527 316
sleep_50deg_20s 1945 73 10499 -12524 0 12551 10523 317
sleep_50deg_20s 1946 -84 10492 -12581 0 12554 10519 318
sleep_50deg_20s 1947 -81 10602 -12569 0 12555 10529 319
sleep_50deg_20s 1948 -19 10548 -12604 0 12561 10531 320
sleep_50deg_20s 1949 63 10529 -12572 0 12562 10530 321
sleep_50deg_20s 1950 18 10523 -12538 0 12559 10529 322
sleep_50deg_20s 1951 -93 10454 -12554 0 12558 10519 323
sleep_50deg_20s 1952 45 10560 -12602 0 12563 10524 324
sleep_50deg_20s 1953 -13 10468 -12552 0 12561 10517 325
sleep_50deg_20s 1954 18 10510 -12575 0 12562 10516 326
sleep_50deg_20s 1955 -9 10642 -12489 0 12552 10531 327
sleep_50deg_20s 1956 15 10585 -12610 0 12559 10537 328
sleep_50deg_20s 1957 57 10481 -12454 0 12545 10530 329
sleep_50deg_20s 1958 12 10592 -12624 0 12554 10537 330
sleep_50deg_20s 1959 5 10590 -12580 0 12557 10543 331
sleep_50deg_20s 1960 12 10569 -12527 0 12553 10546 332
sleep_50deg_20s 1961 -15 10552 -12566 0 12554 10546 333
sleep_50deg_20s 1962 41 10457 -12536 0 12551 10534 334
sleep_50deg_20s 1963 -1 10565 -12548 0 12550 10537 335
sleep_50deg_20s 1964 45 10470 -12452 0 12537 10528 336
sleep_50deg_20s 1965 -132 10611 -12506 0 12533 10538 337
sleep_50deg_20s 1966 18 10592 -12537 0 12533 10544 338
sleep_50deg_20s 1967 63 10540 -12468 0 12524 10543 339
sleep_50deg_20s 1968 -19 10508 -12564 0 12529 10538 340
sleep_50deg_20s 1969 88 10467 -12574 0 12534 10529 341
sleep_50deg_20s 1970 28 10562 -12465 0 12525 10533 342
sleep_50deg_20s 1971 51 10565 -12538 0 12526 10537 343
sleep_50deg_20s 1972 23 10525 -12502 0 12523 10535 344
sleep_50deg_20s 1973 -17 10532 -12548 0 12526 10534 345
sleep_50deg_20s 1974 -45 10462 -12505 0 12523 10525 346
sleep_50deg_20s 1975 14 10500 -12651 0 12539 10521 347
sleep_50deg_20s 1976 -82 10485 -12556 0 12541 10516 348
sleep_50deg_20s 1977 12 10549 -12564 0 12543 10520 349
sleep_50deg_20s 1978 38 10585 -12561 0 12545 10528 350
sleep_50deg_20s 1979 -59 10557 -12508 0 12540 10531 351
sleep_50deg_20s 1980 -31 10575 -12615 0 12549 10536 352
sleep_50deg_20s 1981 -125 10494 -12486 0 12541 10530 353
sleep_50deg_20s 1982 84 10512 -12573 0 12545 10527 354
sleep_50deg_20s 1983 13 10489 -12505 0 12540 10522 355
sleep_50deg_20s 1984 -31 10523 -12611 0 12548 10522 356
sleep_50deg_20s 1985 -86 10538 -12575 0 12551 10524 357
sleep_50deg_20s 1986 49 10559 -12461 0 12539 10528 358
sleep_50deg_20s 1987 -69 10484 -12533 0 12538 10522 359
sleep_50deg_20s 1988 -20 10528 -12580 0 12543 10522 360
sleep_50deg_20s 1989 -85 10446 -12580 0 12547 10512 361
sleep_50deg_20s 1990 -36 10530 -12613 0 12555 10514 362
sleep_50deg_20s 1991 21 10513 -12503 0 12548 10513 363
sleep_50deg_20s 1992 -99 10558 -12565 0 12550 10518 364
sleep_50deg_20s 1993 37 10574 -12609 0 12557 10525 365
sleep_50deg_20s 1994 33 10600 -12509 0 12551 10534 366
sleep_50deg_20s 1995 -26 10531 -12648 0 12563 10533 367
sleep_50deg_20s 1996 -42 10594 -12474 0 12551 10540 368
sleep_50deg_20s 1997 61 10539 -12491 0 12543 10539 369
sleep_50deg_20s 1998 56 10488 -12607 0 12551 10532 370
sleep_50deg_20s 1999 -41 10574 -12614 0 12558 10537 371
sleep_50deg_20s 2000 49 10507 -12551 0 12557 10533 372
sleep_50deg_20s 2001 5 10527 -12614 0 12564 10532 373
sleep_50deg_20s 2002 48 10515 -12583 0 12566 10529 374
sleep_50deg_20s 2003 30 10546 -12534 0 12562 10531 375
sleep_50deg_20s 2004 -9 10600 -12576 0 12563 10539 376
sleep_50deg_20s 2005 -82 10502 -12539 0 12560 10534 377
sleep_50deg_20s 2006 4 10491 -12503 0 12552 10528 378
sleep_50deg_20s 2007 -44 10624 -12510 0 12546 10540 379
sleep_50deg_20s 2008 47 10508 -12490 0 12539 10536 380
sleep_50deg_20s 2009 -71 10514 -12570 0 12542 10533 381
sleep_50deg_20s 2010 -3 10473 -12546 0 12542 10525 382
sleep_50deg_20s 2011 21 10577 -12519 0 12539 10531 383
sleep_50deg_20s 2012 -99 10527 -12574 0 12543 10530 384
sleep_50deg_20s 2013 -3 10606 -12593 0 12549 10539 385
sleep_50deg_20s 2014 -2 10487 -12457 0 12537 10532 386
sleep_50deg_20s 2015 36 10641 -12580 0 12542 10545 387
sleep_50deg_20s 2016 -69 10552 -12549 0 12542 10545 388
sleep_50deg_20s 2017 118 10537 -12581 0 12546 10544 389
sleep_50deg_20s 2018 17 10469 -12528 0 12543 10534 390
sleep_50deg_20s 2019 21 10496 -12573 0 12546 10529 391
sleep_50deg_20s 2020 53 10561 -12535 0 12544 10533 392
sleep_50deg_20s 2021 -68 10545 -12551 0 12544 10534 393
sleep_50deg_20s 2022 104 10507 -12506 0 12539 10530 394
sleep_50deg_20s 2023 -27 10510 -12618 0 12548 10527 395
sleep_50deg_20s 2024 2 10602 -12551 0 12548 10536 396
sleep_50deg_20s 2025 -12 10579 -12517 0 12544 10541 397
sleep_50deg_20s 2026 49 10538 -12575 0 12547 10540 398
sleep_50deg_20s 2027 20 10473 -12628 0 12557 10531 399
sleep_50deg_20s 2028 45 10588 -12500 0 12549 10538 400
sleep_50deg_20s 2029 28 10540 -12523 0 12545 10538 401
sleep_50deg_20s 2030 -62 10561 -12571 0 12548 10540 402
sleep_50deg_20s 2031 73 10533 -12562 0 12549 10539 403
sleep_50deg_20s 2032 58 10502 -12556 0 12549 10534 404
sleep_50deg_20s 2033 122 10490 -12586 0 12553 10528 405
sleep_50deg_20s 2034 -59 10548 -12487 0 12544 10530 406
sleep_50deg_20s 2035 21 10587 -12606 0 12551 10537 407
sleep_50deg_20s 2036 11 10563 -12447 0 12538 10540 408
sleep_50deg_20s 2037 20 10574 -12528 0 12536 10544 409
sleep_50deg_20s 2038 -11 10529 -12602 0 12544 10542 410
sleep_50deg_20s 2039 -44 10438 -12517 0 12540 10529 411
sleep_50deg_20s 2040 -4 10619 -12502 0 12535 10540 412
sleep_50deg_20s 2041 -62 10528 -12549 0 12536 10538 413
sleep_50deg_20s 2042 -53 10528 -12512 0 12533 10536 414
sleep_50deg_20s 2043 -6 10487 -12519 0 12531 10529 415
sleep_50deg_20s 2044 39 10433 -12523 0 12530 10517 416
sleep_50deg_20s 2045 -27 10466 -12584 0 12536 10510 417
sleep_50deg_20s 2046 15 10585 -12659 0 12551 10519 418
sleep_50deg_20s 2047 22 10507 -12510 0 12545 10517 419
sleep_50deg_20s 2048 -25 10485 -12524 0 12542 10513 420
sleep_50deg_20s 2049 12 10523 -12581 0 12546 10514 421
sleep_50deg_20s 2050 -64 10527 -12528 0 12543 10515 422
sleep_50deg_20s 2051 -27 10482 -12448 0 12531 10510 423
sleep_50deg_20s 2052 56 10521 -12583 0 12537 10511 424
sleep_50deg_20s 2053 -18 10554 -12554 0 12539 10516 425
sleep_50deg_20s 2054 115 10565 -12479 0 12531 10522 426
sleep_50deg_20s 2055 36 10540 -12562 0 12534 10524 427
sleep_50deg_20s 2056 -44 10534 -12568 0 12538 10525 428
sleep_50deg_20s 2057 23 10535 -12600 0 12545 10526 429
sleep_50deg_20s 2058 -5 10504 -12565 0 12547 10523 430
sleep_50deg_20s 2059 53 10445 -12544 0 12546 10513 431
sleep_50deg_20s 2060 -68 10536 -12578 0 12550 10515 432
sleep_50deg_20s 2061 55 10436 -12560 0 12551 10505 433
sleep_50deg_20s 2062 23 10575 -12543 0 12550 10513 434
sleep_50deg_20s 2063 50 10527 -12543 0 12549 10514 435
sleep_50deg_20s 2064 -6 10542 -12530 0 12546 10517 436
sleep_50deg_20s 2065 63 10496 -12581 0 12550 10514 437
sleep_50deg_20s 2066 -6 10584 -12575 0 12553 10522 438
sleep_50deg_20s 2067 -46 10470 -12509 0 12547 10515 439
sleep_50deg_20s 2068 24 10429 -12497 0 12540 10504 440
sleep_50deg_20s 2069 27 10459 -12489 0 12533 10498 441
sleep_50deg_20s 2070 -7 10531 -12557 0 12536 10502 442
sleep_50deg_20s 2071 -49 10545 -12510 0 12532 10507 443
sleep_50deg_20s 2072 -51 10472 -12595 0 12539 10502 444
sleep_50deg_20s 2073 8 10536 -12578 0 12543 10506 445
sleep_50deg_20s 2074 24 10498 -12501 0 12537 10505 446
sleep_50deg_20s 2075 -21 10466 -12596 0 12544 10500 447
sleep_50deg_20s 2076 -30 10566 -12550 0 12544 10508 448
sleep_50deg_20s 2077 -17 10587 -12499 0 12538 10517 449
sleep_50deg_20s 2078 65 10525 -12487 0 12531 10518 450
sleep_50deg_20s 2079 -24 10554 -12555 0 12534 10522 451
sleep_50deg_20s 2080 -21 10594 -12566 0 12538 10531 452
sleep_50deg_20s 2081 -8 10549 -12522 0 12536 10533 453
sleep_50deg_20s 2082 -65 10535 -12519 0 12533 10533 454
sleep_50deg_20s 2083 6 10565 -12600 0 12541 10537 455
sleep_50deg_20s 2084 20 10542 -12560 0 12543 10537 456
sleep_50deg_20s 2085 25 10529 -12635 0 12554 10536 457
sleep_50deg_20s 2086 21 10525 -12585 0 12557 10534 458
sleep_50deg_20s 2087 -23 10559 -12574 0 12559 10537 459
sleep_50deg_20s 2088 52 10583 -12572 0 12560 10542 460
sleep_50deg_20s 2089 9 10598 -12476 0 12549 10549 461
sleep_50deg_20s 2090 -20 10610 -12565 0 12551 10556 462
sleep_50deg_20s 2091 34 10558 -12573 0 12553 10556 463
sleep_50deg_20s 2092 -40 10481 -12564 0 12554 10546 464
sleep_50deg_20s 2093 1 10553 -12595 0 12559 10546 465
sleep_50deg_20s 2094 -78 10512 -12503 0 12552 10541 466
sleep_50deg_20s 2095 40 10539 -12522 0 12548 10540 467
sleep_50deg_20s 2096 39 10525 -12579 0 12551 10538 468
sleep_50deg_20s 2097 91 10523 -12570 0 12553 10536 469
sleep_50deg_20s 2098 -83 10541 -12463 0 12541 10536 470
sleep_50deg_20s 2099 31 10437 -12582 0 12546 10523 471
sleep_50deg_20s 2100 3 10504 -12573 0 12549 10520 472
sleep_50deg_20s 2101 -32 10487 -12650 0 12561 10515 473
sleep_50deg_20s 2102 4 10541 -12532 0 12557 10518 474
sleep_50deg_20s 2103 -33 10525 -12591 0 12561 10518 475
sleep_50deg_20s 2104 90 10481 -12549 0 12559 10513 476
sleep_50deg_20s 2105 78 10583 -12513 0 12553 10521 477
sleep_50deg_20s 2106 36 10685 -12527 0 12549 10541 478
sleep_50deg_20s 2107 3 10497 -12558 0 12550 10535 479
sleep_50deg_20s 2108 -6 10545 -12488 0 12542 10536 480
sleep_50deg_20s 2109 89 10531 -12505 0 12537 10535 481
sleep_50deg_20s 2110 -138 10496 -12434 0 12524 10530 482
sleep_50deg_20s 2111 2 10554 -12619 0 12535 10533 483
sleep_50deg_20s 2112 19 10436 -12607 0 12544 10520 484
sleep_50deg_20s 2113 112 10454 -12576 0 12548 10511 485
sleep_50deg_20s 2114 -7 10466 -12502 0 12542 10505 486
sleep_50deg_20s 2115 -12 10542 -12580 0 12546 10509 487
sleep_50deg_20s 2116 9 10584 -12477 0 12537 10518 488
sleep_50deg_20s 2117 18 10591 -12568 0 12540 10527 489
sleep_50deg_20s 2118 -37 10517 -12557 0 12542 10525 490
sleep_50deg_20s 2119 -43 10539 -12520 0 12539 10526 491
sleep_50deg_20s 2120 5 10483 -12537 0 12538 10520 492
sleep_50deg_20s 2121 19 10578 -12511 0 12534 10527 493
sleep_50deg_20s 2122 -60 10513 -12562 0 12537 10525 494
sleep_50deg_20s 2123 57 10608 -12532 0 12536 10535 495
sleep_50deg_20s 2124 8 10562 -12629 0 12547 10538 496
sleep_50deg_20s 2125 13 10545 -12618 0 12555 10538 497
sleep_50deg_20s 2126 59 10556 -12519 0 12550 10540 498
sleep_50deg_20s 2127 -52 10572 -12513 0 12545 10544 499
sleep_50deg_20s 2128 39 10499 -12575 0 12548 10538 500
sleep_50deg_20s 2129 -120 10483 -12579 0 12551 10531 501
sleep_50deg_20s 2130 -87 10517 -12561 0 12552 10529 502
sleep_50deg_20s 2131 -27 10902 -12274 0 12517 10575 503
sleep_50deg_20s 2132 -88 11319 -11934 0 12444 10668 504
sleep_50deg_20s 2133 -27 11614 -11589 0 12337 10786 505
sleep_50deg_20s 2134 70 11930 -11193 0 12194 10929 506
sleep_50deg_20s 2135 109 12260 -10863 0 12027 11095 507
sleep_50deg_20s 2136 8 12569 -10628 0 11852 11279 508
sleep_50deg_20s 2137 -35 12833 -10153 0 11639 11473 509
sleep_50deg_20s 2138 -80 13129 -9761 0 11404 11680 510
sleep_50deg_20s 2139 -57 13444 -9406 0 11154 11900 511
sleep_50deg_20s 2140 40 13700 -9063 0 10892 12125 512
sleep_50deg_20s 2141 49 13953 -8649 0 10611 12353 513
sleep_50deg_20s 2142 32 14123 -8208 0 10310 12574 514
sleep_50deg_20s 2143 -51 14385 -7773 0 9992 12800 515
sleep_50deg_20s 2144 39 14729 -7349 0 9661 13041 516
sleep_50deg_20s 2145 -33 14847 -7010 0 9329 13266 0
sleep_50deg_20s 2146 10 15087 -6602 0 8988 13493 0
sleep_50deg_20s 2147 -4 15270 -5912 0 8603 13715 0
sleep_50deg_20s 2148 18 15396 -5587 0 8226 13925 0
sleep_50deg_20s 2149 73 15571 -5131 0 7839 14130 0
sleep_50deg_20s 2150 2 15646 -4738 0 7451 14319 0
sleep_50deg_20s 2151 57 15772 -4215 0 7046 14500 0
sleep_50deg_20s 2152 10 15903 -3815 0 6642 14675 0
sleep_50deg_20s 2153 17 16156 -3352 0 6230 14860 0
sleep_50deg_20s 2154 -58 16124 -2857 0 5808 15018 0
sleep_50deg_20s 2155 -41 16237 -2441 0 5387 15170 0
sleep_50deg_20s 2156 -76 16207 -1912 0 4952 15299 0
sleep_50deg_20s 2157 -66 16381 -1451 0 4514 15434 0
sleep_50deg_20s 2158 -24 16319 -937 0 4066 15544 0
sleep_50deg_20s 2159 19 16394 -458 0 3615 15650 0
sleep_50deg_20s 2160 17 16355 -5 0 3163 15738 0
sleep_50deg_20s 2161 -37 16338 69 0 2759 15813 0
sleep_50deg_20s 2162 -9 16377 -6 0 2414 15883 0
sleep_50deg_20s 2163 7 16444 -2 0 2112 15953 0
sleep_50deg_20s 2164 -4 16424 -49 0 1854 16011 0
sleep_50deg_20s 2165 13 16416 -13 0 1623 16061 0
sleep_50deg_20s 2166 74 16387 12 0 1418 16101 0
sleep_50deg_20s 2167 -32 16331 34 0 1236 16129 0
sleep_50deg_20s 2168 -1 16364 -3 0 1081 16158 0
sleep_50deg_20s 2169 57 16357 -27 0 949 16182 0
sleep_50deg_20s 2170 11 16427 0 0 830 16212 0
sleep_50deg_20s 2171 -28 16486 -69 0 734 16246 0
sleep_50deg_20s 2172 41 16376 13 0 640 16262 0
sleep_50deg_20s 2173 60 16379 41 0 554 16276 0
sleep_50deg_20s 2174 22 16366 79 0 474 16287 0
sleep_50deg_20s 2175 -8 16351 62 0 407 16295 0
sleep_50deg_20s 2176 32 16391 -73 0 365 16307 0
sleep_50deg_20s 2177 -17 16253 33 0 315 16300 0
sleep_50deg_20s 2178 -98 16371 -32 0 279 16308 0
sleep_50deg_20s 2179 -10 16388 -18 0 246 16318 0
sleep_50deg_20s 2180 61 16328 -47 0 221 16319 0
sleep_50deg_20s 2181 -76 16449 -8 0 194 16335 0
sleep_50deg_20s 2182 -32 16337 -38 0 174 16335 0
sleep_50deg_20s 2183 -19 16404 114 0 138 16343 0
sleep_50deg_20s 2184 -13 16323 -66 0 129 16340 0
sleep_50deg_20s 2185 -87 16422 23 0 110 16350 0
sleep_50deg_20s 2186 -59 16357 -100 0 108 16350 0
sleep_50deg_20s 2187 -18 16353 -55 0 101 16350 0
sleep_50deg_20s 2188 -5 16366 41 0 83 16352 0
sleep_50deg_20s 2189 -35 16266 20 0 70 16341 0
sleep_50deg_20s 2190 17 16397 4 0 60 16348 0
sleep_50deg_20s 2191 47 16473 -29 0 56 16363 0
sleep_50deg_20s 2192 8 16278 22 0 46 16352 0
sleep_50deg_20s 2193 62 16270 -47 0 46 16341 0
sleep_50deg_20s 2194 57 16454 -20 0 42 16355 0
sleep_50deg_20s 2195 23 16398 67 0 28 16360 0
sleep_50deg_20s 2196 -18 16394 -11 0 25 16364 0
sleep_50deg_20s 2197 74 16413 -66 0 30 16370 0
sleep_50deg_20s 2198 8 16351 36 0 21 16367 0
sleep_50deg_20s 2199 -15 16354 88 0 7 16365 0
sleep_50deg_20s 2200 38 16407 159 0 -14 16370 0
sleep_50deg_20s 2201 56 16275 -72 0 -4 16358 0
sleep_50deg_20s 2202 -5 16395 -24 0 -1 16362 0
sleep_50deg_20s 2203 -29 16424 -73 0 8 16369 0
sleep_50deg_20s 2204 -81 16389 -13 0 8 16371 0
sleep_50deg_20s 2205 -11 16426 -73 0 16 16377 0
sleep_50deg_20s 2206 -33 16362 30 0 10 16375 0
sleep_50deg_20s 2207 88 16361 15 0 6 16373 0
sleep_50deg_20s 2208 -31 16402 5 0 4 16376 0
sleep_50deg_20s 2209 0 16454 64 0 -5 16385 0
sleep_50deg_20s 2210 -13 16454 -27 0 -1 16393 0
sleep_50deg_20s 2211 19 16350 120 0 -16 16387 0
sleep_50deg_20s 2212 -54 16362 40 0 -19 16383 0
sleep_50deg_20s 2213 11 16317 8 0 -18 16374 0
sleep_50deg_20s 2214 -23 16375 -30 0 -12 16374 0
sleep_50deg_20s 2215 64 16335 -49 0 -5 16369 0
sleep_50deg_20s 2216 -35 16403 42 0 -10 16373 0
sleep_50deg_20s 2217 93 16343 15 0 -11 16369 0
sleep_50deg_20s 2218 -2 16379 32 0 -14 16370 0
sleep_50deg_20s 2219 52 16374 29 0 -16 16370 0
sleep_50deg_20s 2220 35 16332 90 0 -26 16365 0
sleep_50deg_20s 2221 -85 16369 -12 0 -22 16365 0
sleep_50deg_20s 2222 7 16375 10 0 -21 16366 0
sleep_50deg_20s 2223 14 16331 -10 0 -18 16361 0
sleep_50deg_20s 2224 63 16368 37 0 -21 16361 0
sleep_50deg_20s 2225 51 16375 61 0 -26 16362 0
sleep_50deg_20s 2226 -5 16292 -1 0 -23 16353 0
sleep_50deg_20s 2227 34 16323 -61 0 -13 16349 0
sleep_50deg_20s 2228 54 16440 -11 0 -10 16360 0
sleep_50deg_20s 2229 -25 16406 -5 0 -9 16365 0
sleep_50deg_20s 2230 41 16351 14 0 -10 16363 0
sleep_50deg_20s 2231 -46 16395 -79 0 1 16367 0
sleep_50deg_20s 2232 -39 16323 88 0 -11 16361 0
sleep_50deg_20s 2233 -17 16327 -7 0 -9 16356 0
sleep_50deg_20s 2234 -58 16269 85 0 -19 16345 0
sleep_50deg_20s 2235 -70 16427 10 0 -18 16355 0
sleep_50deg_20s 2236 -29 16329 -11 0 -15 16351 0
sleep_50deg_20s 2237 119 16482 -42 0 -8 16367 0
sleep_50deg_20s 2238 76 16358 51 0 -14 16365 0
sleep_50deg_20s 2239 -38 16333 -57 0 -6 16361 0
sleep_50deg_20s 2240 30 16392 -136 0 11 16364 0
sleep_50deg_20s 2241 11 16425 -35 0 14 16371 0
sleep_50deg_20s 2242 18 16395 -66 0 20 16374 0
sleep_50deg_20s 2243 -5 16446 -77 0 27 16383 0
sleep_50deg_20s 2244 -94 16437 83 0 13 16389 0
sleep_50deg_20s 2245 -84 16382 -15 0 13 16388 0
sleep_50deg_20s 2246 -3 16404 7 0 10 16390 0
sleep_50deg_20s 2247 151 16428 -3 0 9 16394 0
sleep_50deg_20s 2248 51 16369 -26 0 11 16390 0
sleep_50deg_20s 2249 -62 16373 -15 0 11 16387 0
sleep_50deg_20s 2250 -46 16342 140 0 -8 16381 0
sleep_50deg_20s 2251 34 16411 10 0 -9 16384 0
sleep_50deg_20s 2252 -21 16390 16 0 -10 16384 0
sleep_50deg_20s 2253 9 16516 -42 0 -4 16400 0
sleep_50deg_20s 2254 -46 16322 -8 0 -3 16390 0
sleep_50deg_20s 2255 7 16333 -31 0 1 16382 0
sleep_50deg_20s 2256 -9 16419 13 0 -1 16386 0
sleep_50deg_20s 2257 -10 16351 0 0 -1 16381 0
sleep_50deg_20s 2258 38 16392 -4 0 -1 16382 0
sleep_50deg_20s 2259 17 16337 -36 0 3 16376 0
sleep_45deg_vib 0 -203 16308 564 0 -71 2038 0
sleep_45deg_vib 1 1662 16941 290 0 -99 3900 0
sleep_45deg_vib 2 1693 17334 932 0 -204 5579 0
sleep_45deg_vib 3 1122 16619 1169 0 -325 6959 0
sleep_45deg_vib 4 -223 16483 168 0 -306 8149 0
sleep_45deg_vib 5 12 16860 -159 0 -248 9237 0
sleep_45deg_vib 6 -1814 15290 -1137 0 -75 9993 0
sleep_45deg_vib 7 -1211 16017 -905 0 47 10746 0
sleep_45deg_vib 8 242 15511 -420 0 93 11341 0
sleep_45deg_vib 9 -154 16783 638 0 1 12021 0
sleep_45deg_vib 10 673 16591 1138 0 -142 12592 0
sleep_45deg_vib 11 812 17316 1059 0 -257 13182 0
sleep_45deg_vib 12 359 16623 1070 0 -359 13612 0
sleep_45deg_vib 13 -835 15723 -723 0 -224 13875 0
sleep_45deg_vib 14 -2196 15550 244 0 -227 14084 0
sleep_45deg_vib 15 -1448 15495 -1474 0 -15 14260 0
sleep_45deg_vib 16 -1396 16438 -470 0 45 14532 0
sleep_45deg_vib 17 -11 17193 447 0 -17 14864 0
sleep_45deg_vib 18 2267 17433 1799 0 -240 15185 0
sleep_45deg_vib 19 1796 16620 871 0 -319 15364 0
sleep_45deg_vib 20 1323 16909 744 0 -373 15557 0
sleep_45deg_vib 21 -118 16449 93 0 -338 15668 0
sleep_45deg_vib 22 -1847 14471 -557 0 -227 15518 0
sleep_45deg_vib 23 -1161 14741 -974 0 -77 15420 0
sleep_45deg_vib 24 -1369 15324 -765 0 28 15408 0
sleep_45deg_vib 25 -130 16582 110 0 10 15554 0
sleep_45deg_vib 26 1001 16965 1169 0 -138 15730 0
sleep_45deg_vib 27 2279 17107 1359 0 -291 15902 0
sleep_45deg_vib 28 1135 17686 1497 0 -442 16125 0
sleep_45deg_vib 29 1102 16987 -21 0 -385 16232 0
sleep_45deg_vib 30 -928 15530 -1516 0 -148 16144 0
sleep_45deg_vib 31 -1884 14805 -986 0 -7 15976 0
sleep_45deg_vib 32 -1647 15669 -1408 0 169 15937 0
sleep_45deg_vib 33 275 16013 -236 0 177 15946 0
sleep_45deg_vib 34 626 16938 1215 0 3 16070 0
sleep_45deg_vib 35 1827 18130 1496 0 -185 16327 0
sleep_45deg_vib 36 2247 16856 1111 0 -301 16393 0
sleep_45deg_vib 37 118 17241 713 0 -353 16499 0
sleep_45deg_vib 38 355 16859 -585 0 -236 16544 0
sleep_45deg_vib 39 -1120 15385 -551 0 -138 16399 0
sleep_45deg_vib 40 -1837 15444 -1557 0 73 16279 0
sleep_45deg_vib 41 -273 15499 -405 0 114 16181 0
sleep_45deg_vib 42 369 16948 -121 0 114 16276 0
sleep_45deg_vib 43 1628 16989 1706 0 -114 16365 0
sleep_45deg_vib 44 2436 18073 1078 0 -235 16578 0
sleep_45deg_vib 45 594 16675 853 0 -313 16590 0
sleep_45deg_vib 46 -898 16153 346 0 -318 16535 0
sleep_45deg_vib 47 -1582 15635 19 0 -281 16422 0
sleep_45deg_vib 48 -1743 15549 -1107 0 -108 16312 0
sleep_45deg_vib 49 -1186 15366 -928 0 21 16193 0
sleep_45deg_vib 50 -416 16554 -380 0 65 16238 0
sleep_45deg_vib 51 1934 16879 931 0 -60 16318 0
sleep_45deg_vib 52 2554 17497 1492 0 -239 16465 0
sleep_45deg_vib 53 909 16670 79 0 -219 16490 0
sleep_45deg_vib 54 -176 16964 166 0 -213 16549 0
sleep_45deg_vib 55 -718 16918 -310 0 -148 16595 0
sleep_45deg_vib 56 -1012 15204 -1097 0 7 16421 0
sleep_45deg_vib 57 -2454 15519 -1381 0 178 16308 0
sleep_45deg_vib 58 -779 15741 23 0 152 16237 0
sleep_45deg_vib 59 1296 15636 -153 0 152 16161 0
sleep_45deg_vib 60 1074 17709 1395 0 -42 16354 0
sleep_45deg_vib 61 1107 17367 1234 0 -191 16480 0
sleep_45deg_vib 62 672 17284 -17 0 -165 16580 0
sleep_45deg_vib 63 -302 15327 -405 0 -94 16423 0
sleep_45deg_vib 64 -1090 15327 -1009 0 43 16286 0
sleep_45deg_vib 65 -2323 15418 -2117 0 302 16177 0
sleep_45deg_vib 66 -892 15911 -89 0 275 16143 0
sleep_45deg_vib 67 289 17653 284 0 205 16331 0
sleep_45deg_vib 68 872 17218 990 0 55 16441 0
sleep_45deg_vib 69 1604 17352 1226 0 -106 16554 0
sleep_45deg_vib 70 934 17038 463 0 -151 16614 0
sleep_45deg_vib 71 -246 16671 -150 0 -114 16621 0
sleep_45deg_vib 72 -1542 14466 -734 0 -8 16351 0
sleep_45deg_vib 73 -1270 16161 -1175 0 139 16327 0
sleep_45deg_vib 74 -1035 16146 -674 0 205 16304 0
sleep_45deg_vib 75 -754 15171 -129 0 195 16162 0
sleep_45deg_vib 76 1111 16905 1413 0 -6 16254 0
sleep_45deg_vib 77 530 17576 1603 0 -206 16419 0
sleep_45deg_vib 78 1191 17626 1800 0 -406 16569 0
sleep_45deg_vib 79 90 16333 1169 0 -502 16539 0
sleep_45deg_vib 80 -956 16100 -432 0 -386 16484 0
sleep_45deg_vib 81 -1804 14969 -982 0 -215 16294 0
sleep_45deg_vib 82 -1640 15765 -2129 0 78 16227 0
sleep_45deg_vib 83 -930 16337 -349 0 111 16240 0
sleep_45deg_vib 84 1252 16778 795 0 -3 16307 0
sleep_45deg_vib 85 2490 17527 1314 0 -167 16459 0
sleep_45deg_vib 86 1729 17391 528 0 -213 16575 0
sleep_45deg_vib 87 76 16696 441 0 -242 16590 0
sleep_45deg_vib 88 -859 15256 -881 0 -102 16423 0
sleep_45deg_vib 89 -1731 15255 -1554 0 105 16277 0
sleep_45deg_vib 90 -1589 15665 -935 0 208 16200 0
sleep_45deg_vib 91 -818 15983 -1436 0 361 16172 0
sleep_45deg_vib 92 211 16404 241 0 285 16201 0
sleep_45deg_vib 93 1100 17558 1063 0 116 16370 0
sleep_45deg_vib 94 2736 17996 2192 0 -173 16573 0
sleep_45deg_vib 95 1186 17358 246 0 -183 16671 0
sleep_45deg_vib 96 -782 15549 21 0 -163 16530 0
sleep_45deg_vib 97 -1573 15876 -1082 0 -8 16448 0
sleep_45deg_vib 98 -1906 15412 -1262 0 150 16318 0
sleep_45deg_vib 99 -785 16194 -1256 0 288 16302 0
sleep_45deg_vib 100 -748 15858 643 0 171 16246 0
sleep_45deg_vib 101 1077 16838 1218 0 -3 16320 0
sleep_45deg_vib 102 1555 17229 590 0 -77 16433 0
sleep_45deg_vib 103 1595 16773 -506 0 -5 16475 0
sleep_45deg_vib 104 -184 15486 -1311 0 159 16351 0
sleep_45deg_vib 105 -2 14776 -2601 0 464 16154 0
sleep_45deg_vib 106 -1890 14788 -3472 0 840 15983 0
sleep_45deg_vib 107 -939 16280 -4191 0 1258 16020 0
sleep_45deg_vib 108 -1264 16133 -4273 0 1634 16034 0
sleep_45deg_vib 109 1813 16631 -3517 0 1869 16108 0
sleep_45deg_vib 110 1184 16189 -2774 0 1982 16118 0
sleep_45deg_vib 111 1783 17186 -4722 0 2324 16251 0
sleep_45deg_vib 112 390 16444 -4607 0 2609 16275 0
sleep_45deg_vib 113 -590 14765 -6119 0 3047 16086 0
sleep_45deg_vib 114 -1440 15159 -7355 0 3585 15970 0
sleep_45deg_vib 115 -1257 15215 -7640 0 4091 15875 0
sleep_45deg_vib 116 -740 14314 -7404 0 4505 15679 0
sleep_45deg_vib 117 780 14841 -6258 0 4724 15574 0
sleep_45deg_vib 118 2136 15503 -6250 0 4914 15565 0
sleep_45deg_vib 119 775 15176 -5860 0 5032 15516 0
sleep_45deg_vib 120 567 15073 -7742 0 5370 15460 0
sleep_45deg_vib 121 -1056 13801 -8458 0 5756 15252 0
sleep_45deg_vib 122 -2240 12481 -10145 0 6304 14905 0
sleep_45deg_vib 123 -2003 11928 -11059 0 6898 14532 0
sleep_45deg_vib 124 -990 12836 -10512 0 7349 14320 0
sleep_45deg_vib 125 -28 13154 -10243 0 7710 14174 0
sleep_45deg_vib 126 1215 12625 -9282 0 7906 13980 0
sleep_45deg_vib 127 1380 14224 -9219 0 8070 14010 0
sleep_45deg_vib 128 1084 12891 -10167 0 8332 13870 0
sleep_45deg_vib 129 -415 12050 -11183 0 8688 13642 0
sleep_45deg_vib 130 -730 11416 -12252 0 9133 13363 0
sleep_45deg_vib 131 -1804 10623 -12157 0 9511 13020 1
sleep_45deg_vib 132 -1869 11364 -13615 0 10024 12813 2
sleep_45deg_vib 133 -324 11652 -12307 0 10309 12667 3
sleep_45deg_vib 134 1177 11739 -10555 0 10339 12551 4
sleep_45deg_vib 135 1533 11933 -9543 0 10239 12473 5
sleep_45deg_vib 136 1811 12852 -10170 0 10230 12520 6
sleep_45deg_vib 137 636 11453 -11660 0 10408 12386 7
sleep_45deg_vib 138 -1095 11690 -11496 0 10544 12299 8
sleep_45deg_vib 139 -1318 10568 -12767 0 10821 12082 9
sleep_45deg_vib 140 -1752 10576 -11774 0 10940 11893 10
sleep_45deg_vib 141 -1409 10805 -12107 0 11085 11757 11
sleep_45deg_vib 142 209 12490 -10953 0 11068 11848 12
sleep_45deg_vib 143 1693 12458 -10192 0 10958 11924 13
sleep_45deg_vib 144 853 12047 -10259 0 10870 11939 14
sleep_45deg_vib 145 1258 12264 -11426 0 10939 11979 15
sleep_45deg_vib 146 652 11637 -11397 0 10996 11936 16
sleep_45deg_vib 147 -1242 10584 -12602 0 11196 11767 17
sleep_45deg_vib 148 -1591 9603 -12789 0 11395 11496 18
sleep_45deg_vib 149 -984 10633 -11679 0 11430 11388 19
sleep_45deg_vib 150 481 11508 -11579 0 11448 11403 20
sleep_45deg_vib 151 1392 12916 -10391 0 11315 11592 21
sleep_45deg_vib 152 1924 13109 -10157 0 11170 11781 22
sleep_45deg_vib 153 1732 12473 -10495 0 11085 11867 23
sleep_45deg_vib 154 455 11791 -11287 0 11110 11857 24
sleep_45deg_vib 155 -1683 10848 -12387 0 11269 11730 25
sleep_45deg_vib 156 -1859 11092 -12336 0 11402 11650 26
sleep_45deg_vib 157 -2103 10807 -12744 0 11569 11544 27
sleep_45deg_vib 158 -521 10595 -11644 0 11578 11425 28
sleep_45deg_vib 159 805 11956 -11399 0 11555 11491 29
sleep_45deg_vib 160 1688 11644 -10083 0 11371 11510 30
sleep_45deg_vib 161 1552 13192 -10952 0 11318 11720 31
sleep_45deg_vib 162 1398 11706 -10967 0 11274 11718 32
sleep_45deg_vib 163 -1001 11720 -11534 0 11306 11718 33
sleep_45deg_vib 164 -1980 11321 -12958 0 11512 11668 34
sleep_45deg_vib 165 -1762 10736 -12402 0 11623 11551 35
sleep_45deg_vib 166 -298 11288 -12163 0 11690 11518 36
sleep_45deg_vib 167 666 12039 -10475 0 11538 11583 37
sleep_45deg_vib 168 1878 12105 -10705 0 11433 11648 38
sleep_45deg_vib 169 1420 12624 -10269 0 11287 11770 39
sleep_45deg_vib 170 821 12635 -10398 0 11175 11878 40
sleep_45deg_vib 171 -419 11064 -11509 0 11216 11776 41
sleep_45deg_vib 172 -1481 10859 -12721 0 11404 11661 42
sleep_45deg_vib 173 -2620 10465 -13669 0 11687 11511 43
sleep_45deg_vib 174 -1112 10323 -11599 0 11676 11362 44
sleep_45deg_vib 175 455 11814 -12235 0 11745 11418 45
sleep_45deg_vib 176 664 12388 -10593 0 11601 11539 46
sleep_45deg_vib 177 1591 12372 -11101 0 11538 11643 47
sleep_45deg_vib 178 1413 12905 -10309 0 11384 11800 48
sleep_45deg_vib 179 1393 11384 -10978 0 11333 11748 49
sleep_45deg_vib 180 -461 10467 -12820 1 11518 11587 50
sleep_45deg_vib 181 -1990 11330 -12509 0 11641 11554 51
sleep_45deg_vib 182 -2373 10785 -13491 0 11872 11457 52
sleep_45deg_vib 183 -168 11094 -11563 0 11833 11411 53
sleep_45deg_vib 184 933 11713 -10703 0 11691 11448 54
sleep_45deg_vib 185 1681 13210 -10032 0 11483 11668 55
sleep_45deg_vib 186 1363 12260 -9898 0 11284 11742 56
sleep_45deg_vib 187 799 11122 -11480 0 11308 11664 57
sleep_45deg_vib 188 -289 11239 -11655 0 11351 11610 58
sleep_45deg_vib 189 -2603 10667 -12586 0 11505 11492 59
sleep_45deg_vib 190 -2318 10287 -12923 0 11682 11341 60
sleep_45deg_vib 191 -1534 10767 -11943 0 11714 11269 61
sleep_45deg_vib 192 61 11740 -11503 0 11687 11327 62
sleep_45deg_vib 193 824 12824 -10556 0 11545 11514 63
sleep_45deg_vib 194 1362 13056 -10302 0 11389 11706 64
sleep_45deg_vib 195 1459 12224 -10545 0 11283 11770 65
sleep_45deg_vib 196 1 11790 -12038 0 11377 11772 66
sleep_45deg_vib 197 -735 10981 -12924 0 11570 11673 67
sleep_45deg_vib 198 -1759 11415 -13907 0 11862 11640 68
sleep_45deg_vib 199 -645 10429 -12699 0 11966 11488 69
sleep_45deg_vib 200 775 11745 -10670 0 11804 11520 70
sleep_45deg_vib 201 943 12852 -9919 0 11568 11686 71
sleep_45deg_vib 202 1421 12918 -9929 0 11363 11840 72
sleep_45deg_vib 203 1305 12674 -10626 0 11270 11944 73
sleep_45deg_vib 204 796 10868 -11098 0 11248 11809 74
sleep_45deg_vib 205 -705 12109 -11759 0 11311 11846 75
sleep_45deg_vib 206 -916 11091 -13129 0 11538 11751 76
sleep_45deg_vib 207 -1329 10748 -12840 0 11700 11625 77
sleep_45deg_vib 208 -660 10229 -10646 0 11568 11450 78
sleep_45deg_vib 209 307 12671 -11647 0 11577 11602 79
sleep_45deg_vib 210 2195 13464 -10102 0 11392 11834 80
sleep_45deg_vib 211 834 13048 -10403 0 11268 11985 81
sleep_45deg_vib 212 161 12302 -11025 0 11237 12024 82
sleep_45deg_vib 213 -136 11186 -12399 0 11382 11919 83
sleep_45deg_vib 214 -1509 10201 -12457 0 11516 11704 84
sleep_45deg_vib 215 -1510 10216 -12685 0 11662 11518 85
sleep_45deg_vib 216 -1267 10513 -11883 0 11689 11392 86
sleep_45deg_vib 217 831 12347 -11341 0 11645 11511 87
sleep_45deg_vib 218 1264 12221 -10559 0 11509 11599 88
sleep_45deg_vib 219 1453 12371 -10604 0 11395 11695 89
sleep_45deg_vib 220 544 12515 -9993 0 11219 11797 90
sleep_45deg_vib 221 -259 11621 -12084 0 11327 11775 91
sleep_45deg_vib 222 -1160 11050 -12657 0 11493 11684 92
sleep_45deg_vib 223 -1283 10324 -12981 0 11679 11514 93
sleep_45deg_vib 224 -1121 11213 -12702 0 11806 11476 94
sleep_45deg_vib 225 -445 11347 -12393 0 11879 11459 95
sleep_45deg_vib 226 801 12035 -10895 0 11756 11531 96
sleep_45deg_vib 227 880 12432 -10617 0 11613 11643 97
sleep_45deg_vib 228 1073 11982 -9838 0 11391 11685 98
sleep_45deg_vib 229 -60 12738 -11005 0 11342 11816 99
sleep_45deg_vib 230 -186 10548 -12323 0 11464 11657 100
sleep_45deg_vib 231 -1862 10772 -12999 0 11655 11546 101
sleep_45deg_vib 232 -1997 10407 -12096 0 11710 11403 102
sleep_45deg_vib 233 -621 10788 -11808 0 11722 11326 103
sleep_45deg_vib 234 1890 11897 -11370 0 11678 11397 104
sleep_45deg_vib 235 1051 13331 -9419 0 11395 11638 105
sleep_45deg_vib 236 1068 11805 -10962 0 11340 11658 106
sleep_45deg_vib 237 127 12262 -10880 0 11282 11733 107
sleep_45deg_vib 238 -1352 11895 -11309 0 11285 11753 108
sleep_45deg_vib 239 -1301 10921 -13039 0 11504 11649 109
sleep_45deg_vib 240 -2326 11275 -14003 0 11816 11602 110
sleep_45deg_vib 241 -1345 11199 -12851 0 11945 11551 111
sleep_45deg_vib 242 170 12614 -12090 0 11963 11683 112
sleep_45deg_vib 243 2125 13214 -10424 0 11770 11874 113
sleep_45deg_vib 244 986 11532 -10979 0 11671 11831 114
sleep_45deg_vib 245 676 12615 -11279 0 11622 11929 115
sleep_45deg_vib 246 -187 10578 -12059 0 11676 11760 116
sleep_45deg_vib 247 -710 10552 -12537 0 11783 11609 117
sleep_45deg_vib 248 -1598 9919 -12441 0 11865 11397 118
sleep_45deg_vib 249 -1426 9809 -12521 0 11947 11198 119
sleep_45deg_vib 250 436 10987 -10845 0 11809 11171 120
sleep_45deg_vib 251 1065 12248 -10704 0 11670 11305 121
sleep_45deg_vib 252 1631 13130 -10327 0 11502 11533 122
sleep_45deg_vib 253 1383 13229 -10965 0 11434 11745 123
sleep_45deg_vib 254 425 11661 -11139 0 11397 11734 124
sleep_45deg_vib 255 116 11524 -11579 0 11419 11707 125
sleep_45deg_vib 256 -1711 10124 -13031 0 11620 11509 126
sleep_45deg_vib 257 -1201 10276 -12476 0 11727 11354 127
sleep_45deg_vib 258 -1003 11227 -11903 0 11749 11338 128
sleep_45deg_vib 259 478 11746 -10716 0 11619 11389 129
sleep_45deg_vib 260 1462 12499 -10400 0 11466 11527 130
sleep_45deg_vib 261 1909 13367 -10514 0 11347 11757 131
sleep_45deg_vib 262 931 11765 -11016 0 11305 11758 132
sleep_45deg_vib 263 -408 11037 -11966 0 11387 11667 133
sleep_45deg_vib 264 -1596 11267 -13051 0 11595 11617 134
sleep_45deg_vib 265 -1409 9936 -13052 0 11777 11406 135
sleep_45deg_vib 266 -302 10361 -12231 0 11833 11275 136
sleep_45deg_vib 267 210 11905 -10994 0 11728 11353 137
sleep_45deg_vib 268 1367 12665 -10568 0 11583 11517 138
sleep_45deg_vib 269 1271 11770 -9850 0 11366 11548 139
sleep_45deg_vib 270 804 12009 -10957 0 11314 11605 140
sleep_45deg_vib 271 -184 10976 -11935 0 11391 11526 141
sleep_45deg_vib 272 -1662 9883 -12513 0 11531 11320 142
sleep_45deg_vib 273 -2343 10865 -12624 0 11667 11263 143
sleep_45deg_vib 274 -442 11839 -13107 0 11847 11335 144
sleep_45deg_vib 275 -276 11086 -10978 0 11738 11303 145
sleep_45deg_vib 276 910 12353 -10328 0 11561 11434 146
sleep_45deg_vib 277 2067 11873 -10493 0 11427 11488 147
sleep_45deg_vib 278 835 12340 -10271 0 11282 11594 148
sleep_45deg_vib 279 49 11954 -10600 0 11196 11639 149
sleep_45deg_vib 280 -651 10982 -12592 0 11370 11556 150
sleep_45deg_vib 281 -2334 11215 -12411 0 11500 11513 151
sleep_45deg_vib 282 -353 10035 -12821 0 11665 11328 152
sleep_45deg_vib 283 347 11523 -12017 0 11709 11352 153
sleep_45deg_vib 284 347 11734 -11375 0 11667 11399 154
sleep_45deg_vib 285 1488 12322 -10509 0 11522 11514 155
sleep_45deg_vib 286 1022 12411 -10535 0 11398 11626 156
sleep_45deg_vib 287 777 11379 -10730 0 11314 11595 157
sleep_45deg_vib 288 -1129 10259 -12249 0 11430 11428 158
sleep_45deg_vib 289 -1233 10438 -12335 0 11543 11304 159
sleep_45deg_vib 290 -1024 10743 -12539 0 11667 11233 160
sleep_45deg_vib 291 -818 10883 -12071 0 11717 11189 161
sleep_45deg_vib 292 1482 11891 -10951 0 11621 11276 162
sleep_45deg_vib 293 1267 13300 -10658 0 11500 11529 163
sleep_45deg_vib 294 1314 12570 -10505 0 11375 11659 164
sleep_45deg_vib 295 1123 12167 -10669 0 11286 11722 165
sleep_45deg_vib 296 27 11044 -11833 0 11354 11637 166
sleep_45deg_vib 297 -383 10996 -12830 0 11538 11556 167
sleep_45deg_vib 298 -1407 11480 -12747 0 11689 11546 168
sleep_45deg_vib 299 -607 11027 -11882 0 11713 11481 169
sleep_45deg_vib 300 376 11886 -11190 0 11647 11531 170
sleep_45deg_vib 301 1237 12776 -10762 0 11536 11686 171
sleep_45deg_vib 302 1144 12808 -10376 0 11391 11826 172
sleep_45deg_vib 303 1208 12621 -10711 0 11306 11925 173
sleep_45deg_vib 304 731 11211 -11918 0 11382 11835 174
sleep_45deg_vib 305 -1497 10802 -12152 0 11478 11705 175
sleep_45deg_vib 306 -1928 10159 -13621 0 11745 11511 176
sleep_45deg_vib 307 -1063 11560 -12954 0 11896 11517 177
sleep_45deg_vib 308 -321 10904 -11562 0 11854 11440 178
sleep_45deg_vib 309 664 12182 -11132 0 11763 11532 179
sleep_45deg_vib 310 2028 12173 -10040 0 11547 11612 180
sleep_45deg_vib 311 1864 13379 -11492 0 11540 11832 181
sleep_45deg_vib 312 545 12151 -12179 0 11619 11871 182
sleep_45deg_vib 313 36 11014 -11394 0 11590 11763 183
sleep_45deg_vib 314 -1076 11394 -12292 0 11677 11716 184
sleep_45deg_vib 315 -1057 9911 -12809 0 11818 11490 185
sleep_45deg_vib 316 -686 12074 -11938 0 11833 11563 186
sleep_45deg_vib 317 441 11212 -11098 0 11741 11519 187
sleep_45deg_vib 318 698 13239 -11285 0 11684 11734 188
sleep_45deg_vib 319 2351 12933 -9669 0 11432 11883 189
sleep_45deg_vib 320 741 11722 -9689 0 11214 11862 190
sleep_45deg_vib 321 -13 11934 -11751 0 11281 11871 191
sleep_45deg_vib 322 -1468 11134 -13185 0 11519 11778 192
sleep_45deg_vib 323 -1905 11172 -12364 0 11624 11702 193
sleep_45deg_vib 324 -341 10911 -12339 0 11713 11603 194
sleep_45deg_vib 325 -528 12231 -11466 0 11682 11681 195
sleep_45deg_vib 326 1459 11021 -10439 0 11526 11598 196
sleep_45deg_vib 327 1531 13757 -10361 0 11380 11867 197
sleep_45deg_vib 328 1526 12864 -10411 0 11258 11991 198
sleep_45deg_vib 329 462 12413 -11513 0 11289 12043 199
sleep_45deg_vib 330 -685 10351 -12002 0 11378 11831 200
sleep_45deg_vib 331 -2440 9930 -12284 0 11491 11593 201
sleep_45deg_vib 332 -872 10785 -12920 0 11669 11492 202
sleep_45deg_vib 333 -192 12119 -11647 0 11666 11570 203
sleep_45deg_vib 334 1191 12289 -11249 0 11613 11659 204
sleep_45deg_vib 335 2634 11908 -10287 0 11447 11690 205
sleep_45deg_vib 336 1165 12762 -9813 0 11242 11824 206
sleep_45deg_vib 337 522 11228 -10406 0 11137 11749 207
sleep_45deg_vib 338 -691 11461 -11885 0 11230 11713 208
sleep_45deg_vib 339 -2001 11243 -13391 0 11500 11654 209
sleep_45deg_vib 340 -1632 10163 -12712 0 11651 11467 210
sleep_45deg_vib 341 -1147 10141 -11780 0 11667 11301 211
sleep_45deg_vib 342 147 12123 -11560 0 11653 11403 212
sleep_45deg_vib 343 510 12214 -9933 0 11438 11504 213
sleep_45deg_vib 344 1362 12912 -10059 0 11265 11680 214
sleep_45deg_vib 345 1916 12795 -12036 0 11361 11819 215
sleep_45deg_vib 346 -1028 10895 -11871 0 11424 11703 216
sleep_45deg_vib 347 -1278 9867 -12529 0 11562 11473 217
sleep_45deg_vib 348 -1386 10208 -11925 0 11607 11314 218
sleep_45deg_vib 349 -1291 11886 -13087 0 11792 11385 219
sleep_45deg_vib 350 496 11271 -12679 0 11902 11370 220
sleep_45deg_vib 351 1157 12637 -10727 0 11755 11528 221
sleep_45deg_vib 352 985 12305 -9542 0 11478 11625 222
sleep_45deg_vib 353 1456 12954 -11316 0 11457 11791 223
sleep_45deg_vib 354 885 11265 -11145 0 11418 11725 224
sleep_45deg_vib 355 -995 10213 -12218 0 11518 11536 225
sleep_45deg_vib 356 -815 10915 -12871 0 11687 11458 226
sleep_45deg_vib 357 -1519 10565 -12906 0 11839 11346 227
sleep_45deg_vib 358 447 10234 -11924 0 11849 11207 228
sleep_45deg_vib 359 1500 11340 -11794 0 11842 11223 229
sleep_45deg_vib 360 1633 12812 -10556 0 11681 11421 230
sleep_45deg_vib 361 1407 11948 -10189 0 11494 11486 231
sleep_45deg_vib 362 962 11770 -10678 0 11392 11521 232
sleep_45deg_vib 363 -914 10887 -12538 0 11535 11441 233
sleep_45deg_vib 364 -1598 10787 -13399 0 11768 11359 234
sleep_45deg_vib 365 -1660 10525 -12538 0 11864 11254 235
sleep_45deg_vib 366 -122 10740 -12388 0 11929 11189 236
sleep_45deg_vib 367 1524 12510 -11644 0 11893 11354 237
sleep_45deg_vib 368 1084 12136 -10518 0 11721 11451 238
sleep_45deg_vib 369 1006 12460 -10977 0 11628 11577 239
sleep_45deg_vib 370 652 11968 -10526 0 11490 11625 240
sleep_45deg_vib 371 -1318 11450 -11249 0 11459 11603 241
sleep_45deg_vib 372 -2138 9577 -12269 0 11560 11349 242
sleep_45deg_vib 373 -1591 11738 -14118 0 11879 11397 243
sleep_45deg_vib 374 -1095 10649 -12257 0 11926 11303 244
sleep_45deg_vib 375 -931 11289 -11082 0 11820 11301 245
sleep_45deg_vib 376 631 12049 -11145 0 11735 11394 246
sleep_45deg_vib 377 2492 13086 -9803 0 11493 11605 247
sleep_45deg_vib 378 1128 12105 -10411 0 11357 11667 248
sleep_45deg_vib 379 -1322 11848 -12548 0 11505 11689 249
sleep_45deg_vib 380 -1225 10127 -12428 0 11620 11493 250
sleep_45deg_vib 381 -1158 10409 -13308 0 11831 11357 251
sleep_45deg_vib 382 -1096 10740 -13175 0 11999 11279 252
sleep_45deg_vib 383 -431 11774 -11409 0 11925 11340 253
sleep_45deg_vib 384 661 12519 -11332 0 11850 11487 254
sleep_45deg_vib 385 2136 13001 -10232 0 11647 11676 255
sleep_45deg_vib 386 1862 11840 -10526 0 11506 11696 256
sleep_45deg_vib 387 736 11572 -11457 0 11499 11680 257
sleep_45deg_vib 388 -584 11442 -11824 0 11539 11650 258
sleep_45deg_vib 389 -1509 10465 -13547 0 11790 11501 259
sleep_45deg_vib 390 -1858 10398 -12542 0 11884 11363 260
sleep_45deg_vib 391 -1891 11432 -12447 0 11954 11371 261
sleep_45deg_vib 392 77 12165 -11330 0 11876 11470 262
sleep_45deg_vib 393 1659 13021 -10724 0 11732 11663 263
sleep_45deg_vib 394 1525 12755 -10619 0 11592 11799 264
sleep_45deg_vib 395 799 12309 -10270 0 11426 11862 265
sleep_45deg_vib 396 138 11243 -11073 0 11381 11784 266
sleep_45deg_vib 397 -1856 10664 -12085 0 11469 11644 267
sleep_45deg_vib 398 -1422 10248 -12205 0 11561 11469 268
sleep_45deg_vib 399 -954 10884 -12887 0 11726 11395 269
sleep_45deg_vib 400 513 11859 -11698 0 11722 11453 270
sleep_45deg_vib 401 1493 12261 -9913 0 11495 11554 271
sleep_45deg_vib 402 1191 12029 -10457 0 11365 11613 272
sleep_45deg_vib 403 1047 12730 -10440 0 11249 11752 273
sleep_45deg_vib 404 -581 11620 -11241 0 11248 11735 274
sleep_45deg_vib 405 -846 11122 -12931 0 11458 11658 275
sleep_45deg_vib 406 -2010 10218 -12347 0 11569 11478 276
sleep_45deg_vib 407 -1536 11259 -12187 0 11646 11450 277
sleep_45deg_vib 408 -406 11506 -11075 0 11574 11457 278
sleep_45deg_vib 409 1120 11571 -10767 0 11473 11471 279
sleep_45deg_vib 410 2020 12346 -10286 0 11324 11580 280
sleep_45deg_vib 411 1770 12553 -11638 0 11363 11701 281
sleep_45deg_vib 412 587 12232 -10670 0 11276 11767 282
sleep_45deg_vib 413 -600 11495 -11622 0 11319 11733 283
sleep_45deg_vib 414 -1136 10801 -12344 0 11447 11616 284
sleep_45deg_vib 415 -1663 11099 -12494 0 11577 11551 285
sleep_45deg_vib 416 -455 11085 -12326 0 11670 11492 286
sleep_45deg_vib 417 -891 11826 -11356 0 11630 11533 287
sleep_45deg_vib 418 1509 13631 -9886 0 11412 11795 288
sleep_45deg_vib 419 1777 12489 -10768 0 11331 11881 289
sleep_45deg_vib 420 1510 11798 -10596 0 11239 11870 290
sleep_45deg_vib 421 -736 12426 -12142 0 11351 11939 291
sleep_45deg_vib 422 -903 10917 -12785 0 11530 11811 292
sleep_45deg_vib 423 -1879 10069 -13445 0 11769 11593 293
sleep_45deg_vib 424 -1147 11427 -13268 0 11956 11572 294
sleep_45deg_vib 425 1029 11246 -12251 0 11992 11531 295
sleep_45deg_vib 426 1376 13520 -10537 0 11810 11779 296
sleep_45deg_vib 427 2823 11740 -9914 0 11573 11774 297
sleep_45deg_vib 428 2475 11860 -10851 0 11482 11784 298
sleep_45deg_vib 429 612 11663 -11366 0 11467 11768 299
sleep_45deg_vib 430 -1363 10098 -11671 0 11492 11559 300
sleep_45deg_vib 431 -2054 11387 -12759 0 11650 11537 301
sleep_45deg_vib 432 -1974 11078 -12567 0 11764 11479 302
sleep_45deg_vib 433 -835 12134 -10207 0 11569 11560 303
sleep_45deg_vib 434 -490 12616 -9791 0 11346 11692 304
sleep_45deg_vib 435 1411 13802 -10033 0 11181 11955 305
sleep_45deg_vib 436 1506 14543 -9119 0 10923 12278 306
sleep_45deg_vib 437 781 14143 -8935 0 10674 12511 307
sleep_45deg_vib 438 -580 14048 -9004 0 10465 12703 308
sleep_45deg_vib 439 -1860 13276 -10111 0 10420 12774 309
sleep_45deg_vib 440 -1217 13050 -8451 0 10173 12808 310
sleep_45deg_vib 441 -871 14072 -8168 0 9922 12966 311
sleep_45deg_vib 442 1568 14863 -6791 0 9530 13203 312
sleep_45deg_vib 443 1479 16010 -6083 0 9099 13553 0
sleep_45deg_vib 444 2174 16125 -5307 0 8625 13874 0
sleep_45deg_vib 445 381 15872 -5453 0 8228 14123 0
sleep_45deg_vib 446 -116 14791 -5804 0 7925 14206 0
sleep_45deg_vib 447 -359 13857 -6728 0 7775 14162 0
sleep_45deg_vib 448 -2601 14503 -7468 0 7736 14204 0
sleep_45deg_vib 449 -777 15699 -5869 0 7502 14390 0
sleep_45deg_vib 450 665 15437 -4861 0 7171 14520 0
sleep_45deg_vib 451 1677 16790 -3073 0 6658 14803 0
sleep_45deg_vib 452 1011 17586 -2916 0 6190 15150 0
sleep_45deg_vib 453 277 16592 -1445 0 5596 15330 0
sleep_45deg_vib 454 1150 15082 -3653 0 5353 15299 0
sleep_45deg_vib 455 -1141 16201 -2426 0 4987 15411 0
sleep_45deg_vib 456 -1861 15586 -3076 0 4748 15432 0
sleep_45deg_vib 457 -1662 15852 -2039 0 4409 15484 0
sleep_45deg_vib 458 -813 15341 -1552 0 4051 15466 0
sleep_45deg_vib 459 253 15625 2 0 3544 15485 0
sleep_45deg_vib 460 1050 16657 1721 0 2885 15631 0
sleep_45deg_vib 461 1676 17891 957 0 2404 15913 0
sleep_45deg_vib 462 372 17245 560 0 2033 16079 0
sleep_45deg_vib 463 -1109 15837 -324 0 1819 16048 0
sleep_45deg_vib 464 -647 15357 -746 0 1684 15961 0
sleep_45deg_vib 465 -1595 15531 -1317 0 1638 15907 0
sleep_45deg_vib 466 -142 15300 -1024 0 1561 15831 0
sleep_45deg_vib 467 299 17517 71 0 1357 16041 0
sleep_45deg_vib 468 2025 17938 913 0 1073 16278 0
sleep_45deg_vib 469 1190 17426 532 0 872 16421 0
sleep_45deg_vib 470 958 16868 479 0 703 16476 0
sleep_45deg_vib 471 652 16850 707 0 526 16522 0
sleep_45deg_vib 472 -936 15177 -1712 0 674 16353 0
sleep_45deg_vib 473 -2736 15326 -1855 0 821 16224 0
sleep_45deg_vib 474 -877 15817 -1071 0 852 16173 0
sleep_45deg_vib 475 361 16809 -468 0 804 16252 0
sleep_45deg_vib 476 1086 17128 1007 0 577 16361 0
sleep_45deg_vib 477 1980 17295 268 0 471 16477 0
sleep_45deg_vib 478 644 16275 934 0 295 16451 0
sleep_45deg_vib 479 885 16137 396 0 208 16411 0
sleep_45deg_vib 480 -1392 16841 -936 0 299 16464 0
sleep_45deg_vib 481 -1870 14450 -1436 0 441 16212 0
sleep_45deg_vib 482 -1668 15451 -1070 0 519 16116 0
sleep_45deg_vib 483 -553 16039 -1478 0 638 16106 0
sleep_45deg_vib 484 968 16920 -86 0 569 16207 0
sleep_45deg_vib 485 2023 16980 1322 0 332 16303 0
sleep_45deg_vib 486 1330 16440 942 0 172 16320 0
sleep_45deg_vib 487 737 16777 416 0 98 16377 0
sleep_45deg_vib 488 -640 16046 -1211 0 237 16335 0
sleep_45deg_vib 489 -1091 16372 -1020 0 334 16339 0
sleep_45deg_vib 490 -1242 15317 -1159 0 437 16211 0
sleep_45deg_vib 491 -997 16369 -1042 0 512 16230 0
sleep_45deg_vib 492 743 16287 -247 0 478 16237 0
sleep_45deg_vib 493 1542 16902 935 0 301 16320 0
sleep_45deg_vib 494 1054 16784 984 0 140 16378 0
sleep_45deg_vib 495 1527 17613 565 0 51 16532 0
sleep_45deg_vib 496 581 16263 -942 0 162 16498 0
sleep_45deg_vib 497 -1955 15129 -1346 0 310 16326 0
sleep_45deg_vib 498 -1665 15151 -1320 0 436 16179 0
sleep_45deg_vib 499 -983 15793 -926 0 497 16130 0
sleep_45deg_vib 500 -836 17208 258 0 402 16264 0
sleep_45deg_vib 501 73 17839 1433 0 172 16460 0
sleep_45deg_vib 502 2639 17325 1490 0 -36 16568 0
sleep_45deg_vib 503 662 17245 600 0 -107 16652 0
sleep_45deg_vib 504 102 15469 946 0 -212 16504 0
sleep_45deg_vib 505 -1181 15518 -1326 0 -20 16380 0
sleep_45deg_vib 506 -1978 14800 -1392 0 156 16182 0
sleep_45deg_vib 507 -1070 16257 -1701 0 349 16191 0
sleep_45deg_vib 508 -229 14982 50 0 299 16039 0
sleep_45deg_vib 509 1227 17397 1966 0 15 16208 0
sleep_45deg_vib 510 1179 17513 113 0 -1 16371 0
sleep_45deg_vib 511 1542 18404 876 0 -111 16625 0
sleep_45deg_vib 512 -74 16685 250 0 -129 16632 0
sleep_45deg_vib 513 -1499 15924 296 0 -150 16543 0
sleep_45deg_vib 514 -1878 15290 -818 0 -29 16386 0
sleep_45deg_vib 515 -1458 15615 -1094 0 111 16289 0
sleep_45deg_vib 516 -519 15674 -988 0 220 16212 0
sleep_45deg_vib 517 947 16094 171 0 171 16197 0
sleep_45deg_vib 518 2127 16070 1534 0 -43 16181 0
sleep_45deg_vib 519 1726 17803 1270 0 -197 16383 0
sleep_45deg_vib 520 1881 16966 727 0 -264 16455 0
sleep_45deg_vib 521 -350 16623 -121 0 -216 16476 0
sleep_45deg_vib 522 -1468 15724 -778 0 -92 16382 0
sleep_45deg_vib 523 -1724 15735 -361 0 -36 16301 0
sleep_45deg_vib 524 -946 16713 -971 0 89 16352 0
sleep_45deg_vib 525 329 15985 -521 0 143 16306 0
sleep_45deg_vib 526 1902 17410 -141 0 142 16444 0
sleep_45deg_vib 527 834 16835 737 0 32 16492 0
sleep_45deg_vib 528 1256 16993 1516 0 -162 16554 0
sleep_45deg_vib 529 542 17088 636 0 -222 16620 0
sleep_45deg_vib 530 -603 15898 -982 0 -72 16529 0
sleep_45deg_vib 531 -1157 16047 -1439 0 116 16468 0
sleep_45deg_vib 532 -1888 16611 -399 0 151 16485 0
sleep_45deg_vib 533 -320 15425 -917 0 246 16352 0
sleep_45deg_vib 534 373 16588 786 0 117 16381 0
sleep_45deg_vib 535 1193 16854 1221 0 -51 16440 0
sleep_45deg_vib 536 1554 17690 1182 0 -193 16596 0
sleep_45deg_vib 537 -300 17383 -68 0 -161 16694 0
sleep_45deg_vib 538 -464 15817 -911 0 -27 16584 0
sleep_45deg_vib 539 -1311 14938 -1804 0 201 16378 0
sleep_45deg_vib 540 -1278 15656 -1387 0 349 16287 0
sleep_45deg_vib 541 -945 15751 243 0 275 16220 0
sleep_45deg_vib 542 466 16882 1145 0 97 16302 0
sleep_45deg_vib 543 936 17773 740 0 -8 16485 0
sleep_45deg_vib 544 1761 16908 1728 0 -223 16537 0
sleep_45deg_vib 545 657 16228 -209 0 -169 16498 0
sleep_45deg_vib 546 109 15428 -266 0 -115 16364 0
sleep_45deg_vib 547 -1518 16366 -609 0 -25 16364 0
sleep_45deg_vib 548 -1161 15442 -1987 0 226 16248 0
sleep_45deg_vib 549 -990 14900 -1214 0 349 16079 0
sleep_45deg_vib 550 -628 15795 24 0 302 16043 0
sleep_45deg_vib 551 361 17096 1721 0 49 16174 0
sleep_45deg_vib 552 2021 17026 1178 0 -105 16280 0
sleep_45deg_vib 553 980 16649 172 0 -114 16326 0
sleep_45deg_vib 554 61 16550 -217 0 -73 16354 0
sleep_45deg_vib 555 -2176 16271 -241 0 -34 16343 0
sleep_45deg_vib 556 -1558 15532 -1112 0 109 16241 0
sleep_45deg_vib 557 -1430 15338 -179 0 117 16128 0
sleep_45deg_vib 558 180 16270 -927 0 218 16145 0
sleep_45deg_vib 559 1357 16570 1481 0 5 16198 0
shake_lateral 0 18 16452 -58 0 7 2056 0
shake_lateral 1 511 16454 -27 0 9 3855 0
shake_lateral 2 994 16495 -75 0 17 5435 0
shake_lateral 3 1501 16314 -7 0 15 6794 0
shake_lateral 4 2114 16349 -8 0 14 7988 0
shake_lateral 5 2519 16317 -15 0 14 9029 0
shake_lateral 6 3072 16415 0 0 12 9952 0
shake_lateral 7 3477 16361 49 0 4 10753 0
shake_lateral 8 4016 16348 -83 0 13 11452 0
shake_lateral 9 4461 16392 -36 0 15 12069 0
shake_lateral 10 4819 16338 59 0 5 12602 0
shake_lateral 11 5205 16461 -85 0 15 13084 0
shake_lateral 12 5632 16341 27 0 9 13491 0
shake_lateral 13 5993 16409 32 0 3 13855 0
shake_lateral 14 6326 16354 47 0 -4 14167 0
shake_lateral 15 6617 16342 38 0 -9 14438 0
shake_lateral 16 6947 16371 -87 0 3 14679 0
shake_lateral 17 7171 16354 -8 0 3 14888 0
shake_lateral 18 7365 16376 -16 0 4 15074 0
shake_lateral 19 7623 16375 -63 0 11 15236 0
shake_lateral 20 7702 16370 -20 0 12 15377 0
shake_lateral 21 7899 16429 5 0 9 15508 0
shake_lateral 22 8071 16445 -20 0 10 15625 0
shake_lateral 23 8101 16362 -28 0 12 15717 0
shake_lateral 24 8214 16284 -50 0 16 15787 0
shake_lateral 25 8173 16388 -94 0 25 15862 0
shake_lateral 26 8150 16422 -47 0 27 15932 0
shake_lateral 27 8172 16384 -50 0 29 15988 0
shake_lateral 28 7997 16369 86 0 14 16035 0
shake_lateral 29 7965 16339 43 0 6 16073 0
shake_lateral 30 7862 16394 12 0 3 16113 0
shake_lateral 31 7593 16314 25 0 -1 16138 0
shake_lateral 32 7354 16371 41 0 -6 16167 0
shake_lateral 33 7196 16410 -104 0 7 16197 0
shake_lateral 34 6912 16461 61 0 -2 16230 0
shake_lateral 35 6624 16370 13 0 -4 16247 0
shake_lateral 36 6351 16435 -28 0 0 16270 0
shake_lateral 37 5988 16337 -48 0 6 16278 0
shake_lateral 38 5614 16366 38 0 0 16289 0
shake_lateral 39 5235 16345 38 0 -5 16296 0
shake_lateral 40 4764 16287 105 0 -18 16294 0
shake_lateral 41 4391 16420 31 0 -20 16309 0
shake_lateral 42 3941 16448 71 0 -27 16326 0
shake_lateral 43 3476 16338 -72 0 -15 16327 0
shake_lateral 44 2975 16475 35 0 -18 16345 0
shake_lateral 45 2465 16360 102 0 -29 16346 0
shake_lateral 46 1967 16330 12 0 -27 16344 0
shake_lateral 47 1500 16422 3 0 -24 16353 0
shake_lateral 48 1005 16376 -31 0 -18 16355 0
shake_lateral 49 513 16374 59 0 -24 16357 0
shake_lateral 50 -23 16418 39 0 -26 16364 0
shake_lateral 51 -477 16423 120 0 -38 16371 0
shake_lateral 52 -1013 16384 5 0 -34 16372 0
shake_lateral 53 -1580 16357 -68 0 -22 16370 0
shake_lateral 54 -2035 16422 49 0 -26 16376 0
shake_lateral 55 -2603 16409 16 0 -25 16380 0
shake_lateral 56 -2992 16405 -41 0 -17 16383 0
shake_lateral 57 -3501 16364 28 0 -19 16380 0
shake_lateral 58 -4060 16413 -59 0 -10 16384 0
shake_lateral 59 -4473 16371 -47 0 -3 16382 0
shake_lateral 60 -4673 16368 53 0 -10 16380 0
shake_lateral 61 -5236 16328 79 0 -19 16373 0
shake_lateral 62 -5557 16358 -49 0 -11 16371 0
shake_lateral 63 -5936 16496 43 0 -15 16386 0
shake_lateral 64 -6268 16362 -19 0 -11 16383 0
shake_lateral 65 -6643 16349 1 0 -10 16378 0
shake_lateral 66 -6923 16363 -63 0 -1 16376 0
shake_lateral 67 -7182 16348 45 0 -7 16372 0
shake_lateral 68 -7392 16357 -19 0 -4 16370 0
shake_lateral 69 -7649 16363 97 0 -16 16369 0
shake_lateral 70 -7827 16404 -20 0 -12 16373 0
shake_lateral 71 -7803 16525 22 0 -14 16392 0
shake_lateral 72 -8031 16371 52 0 -19 16389 0
shake_lateral 73 -8103 16352 44 0 -23 16384 0
shake_lateral 74 -8135 16422 -19 0 -18 16388 0
shake_lateral 75 -8193 16366 -53 0 -10 16385 0
shake_lateral 76 -8119 16450 21 0 -12 16393 0
shake_lateral 77 -8124 16446 23 0 -14 16399 0
shake_lateral 78 -8045 16385 13 0 -14 16397 0
shake_lateral 79 -7967 16443 9 0 -14 16402 0
shake_lateral 80 -7743 16397 -39 0 -8 16401 0
shake_lateral 81 -7536 16396 25 0 -11 16400 0
shake_lateral 82 -7261 16358 -103 0 3 16394 0
shake_lateral 83 -7158 16466 -13 0 4 16403 0
shake_lateral 84 -6949 16375 81 0 -7 16399 0
shake_lateral 85 -6628 16378 -38 0 -2 16396 0
shake_lateral 86 -6288 16436 -52 0 4 16401 0
shake_lateral 87 -5991 16400 -138 0 20 16400 0
shake_lateral 88 -5568 16423 -34 0 21 16402 0
shake_lateral 89 -5157 16350 -54 0 25 16395 0
shake_lateral 90 -4808 16398 108 0 8 16395 0
shake_lateral 91 -4469 16395 -41 0 12 16395 0
shake_lateral 92 -3887 16386 78 0 0 16393 0
shake_lateral 93 -3455 16392 19 0 -3 16392 0
shake_lateral 94 -3099 16434 -27 0 0 16397 0
shake_lateral 95 -2629 16302 99 0 -13 16385 0
shake_lateral 96 -2096 16327 12 0 -13 16377 0
shake_lateral 97 -1539 16362 48 0 -18 16375 0
shake_lateral 98 -904 16377 6 0 -17 16375 0
shake_lateral 99 -535 16348 59 0 -23 16371 0
shake_lateral 100 -15 16376 -20 0 -18 16371 0
shake_lateral 101 499 16371 -30 0 -12 16371 0
shake_lateral 102 983 16304 7 0 -12 16362 0
shake_lateral 103 1588 16349 8 0 -12 16360 0
shake_lateral 104 2107 16391 15 0 -13 16363 0
shake_lateral 105 2501 16338 -19 0 -9 16359 0
shake_lateral 106 2979 16328 -45 0 -3 16355 0
shake_lateral 107 3540 16427 47 0 -9 16364 0
shake_lateral 108 3943 16398 11 0 -10 16368 0
shake_lateral 109 4396 16337 -47 0 -3 16364 0
shake_lateral 110 4810 16350 -53 0 4 16362 0
shake_lateral 111 5243 16271 -17 0 5 16350 0
shake_lateral 112 5534 16397 50 0 -2 16355 0
shake_lateral 113 5965 16278 32 0 -6 16345 0
shake_lateral 114 6338 16475 -42 0 0 16361 0
shake_lateral 115 6608 16274 -10 0 1 16350 0
shake_lateral 116 6937 16463 13 0 -1 16364 0
shake_lateral 117 7149 16412 19 0 -4 16370 0
shake_lateral 118 7355 16418 31 0 -8 16376 0
shake_lateral 119 7672 16346 -13 0 -6 16372 0
shake_lateral 120 7806 16315 -13 0 -4 16364 0
shake_lateral 121 7928 16382 18 0 -6 16366 0
shake_lateral 122 8051 16431 66 0 -14 16374 0
shake_lateral 123 8166 16399 -22 0 -10 16377 0
shake_lateral 124 8203 16328 -90 0 2 16370 0
shake_lateral 125 8246 16391 -40 0 6 16372 0
shake_lateral 126 8201 16364 -60 0 12 16371 0
shake_lateral 127 8113 16371 16 0 8 16371 0
shake_lateral 128 8058 16407 -83 0 17 16375 0
shake_lateral 129 7961 16321 -44 0 20 16368 0
shake_lateral 130 7794 16412 7 0 16 16373 0
shake_lateral 131 7523 16342 24 0 11 16369 0
shake_lateral 132 7355 16395 -43 0 15 16372 0
shake_lateral 133 7205 16336 -3 0 13 16367 0
shake_lateral 134 6887 16332 -29 0 15 16362 0
shake_lateral 135 6627 16355 -61 0 20 16361 0
shake_lateral 136 6339 16380 -2 0 17 16363 0
shake_lateral 137 5942 16378 10 0 13 16364 0
shake_lateral 138 5667 16311 -91 0 22 16357 0
shake_lateral 139 5224 16365 53 0 12 16358 0
shake_lateral 140 4780 16405 13 0 8 16363 0
shake_lateral 141 4416 16458 30 0 3 16374 0
shake_lateral 142 3917 16391 9 0 1 16376 0
shake_lateral 143 3472 16394 19 0 -2 16378 0
shake_lateral 144 3081 16380 82 0 -12 16378 0
shake_lateral 145 2492 16385 21 0 -14 16378 0
shake_lateral 146 2069 16337 -30 0 -9 16372 0
shake_lateral 147 1512 16393 -62 0 -1 16374 0
shake_lateral 148 1073 16430 -49 0 5 16381 0
shake_lateral 149 545 16420 36 0 -1 16385 0
shake_lateral 150 -82 16342 24 0 -4 16379 0
shake_lateral 151 -487 16388 106 0 -17 16380 0
shake_lateral 152 -1010 16336 -27 0 -12 16374 0
shake_lateral 153 -1488 16356 -66 0 -3 16371 0
shake_lateral 154 -2108 16357 -53 0 4 16369 0
shake_lateral 155 -2610 16345 0 0 3 16366 0
shake_lateral 156 -3032 16360 26 0 -1 16365 0
shake_lateral 157 -3470 16360 49 0 -7 16364 0
shake_lateral 158 -3975 16438 13 0 -8 16373 0
shake_lateral 159 -4400 16382 137 0 -25 16374 0
shake_lateral 160 -4771 16417 -97 0 -10 16379 0
shake_lateral 161 -5181 16443 -27 0 -6 16387 0
shake_lateral 162 -5602 16311 -110 0 8 16377 0
shake_lateral 163 -6004 16338 1 0 6 16372 0
shake_lateral 164 -6360 16312 89 0 -6 16364 0
shake_lateral 165 -6590 16434 4 0 -6 16372 0
shake_lateral 166 -6943 16407 -27 0 -2 16376 0
shake_lateral 167 -7158 16356 -131 0 14 16373 0
shake_lateral 168 -7431 16410 -7 0 13 16377 0
shake_lateral 169 -7608 16307 5 0 10 16368 0
shake_lateral 170 -7870 16407 28 0 5 16372 0
shake_lateral 171 -7953 16373 25 0 1 16372 0
shake_lateral 172 -8056 16380 -15 0 2 16373 0
shake_lateral 173 -8133 16361 51 0 -5 16371 0
shake_lateral 174 -8126 16317 7 0 -6 16364 0
shake_lateral 175 -8194 16255 16 0 -8 16350 0
shake_lateral 176 -8234 16357 -10 0 -6 16350 0
shake_lateral 177 -8078 16437 16 0 -8 16360 0
shake_lateral 178 -8058 16412 8 0 -8 16366 0
shake_lateral 179 -7928 16357 -18 0 -5 16364 0
shake_lateral 180 -7861 16419 8 0 -6 16370 0
shake_lateral 181 -7701 16352 -79 0 4 16367 0
shake_lateral 182 -7464 16431 62 0 -5 16375 0
shake_lateral 183 -7125 16379 -65 0 3 16375 0
shake_lateral 184 -6878 16375 156 0 -17 16375 0
shake_lateral 185 -6555 16356 -61 0 -8 16372 0
shake_lateral 186 -6300 16423 -37 0 -3 16378 0
shake_lateral 187 -6011 16354 39 0 -8 16375 0
shake_lateral 188 -5535 16436 17 0 -10 16382 0
shake_lateral 189 -5198 16340 57 0 -16 16376 0
shake_lateral 190 -4809 16306 0 0 -14 16367 0
shake_lateral 191 -4342 16367 78 0 -22 16367 0
shake_lateral 192 -3827 16303 14 0 -21 16359 0
shake_lateral 193 -3396 16330 10 0 -20 16355 0
shake_lateral 194 -2991 16418 -23 0 -15 16362 0
shake_lateral 195 -2430 16331 36 0 -18 16358 0
shake_lateral 196 -2053 16364 -42 0 -11 16358 0
shake_lateral 197 -1512 16323 -23 0 -7 16353 0
shake_lateral 198 -892 16415 -50 0 0 16360 0
shake_lateral 199 -536 16362 1 0 -1 16360 0
shake_lateral 200 19 16398 -128 0 15 16364 0
shake_lateral 201 481 16343 -80 0 23 16361 0
shake_lateral 202 1027 16433 49 0 14 16370 0
shake_lateral 203 1569 16392 -5 0 12 16372 0
shake_lateral 204 2032 16397 17 0 8 16375 0
shake_lateral 205 2527 16412 52 0 0 16379 0
shake_lateral 206 2956 16432 16 0 -2 16385 0
shake_lateral 207 3613 16388 -46 0 4 16385 0
shake_lateral 208 3793 16409 -20 0 6 16388 0
shake_lateral 209 4404 16290 3 0 4 16375 0
shake_lateral 210 4827 16400 12 0 2 16378 0
shake_lateral 211 5139 16351 2 0 1 16374 0
shake_lateral 212 5630 16283 43 0 -5 16362 0
shake_lateral 213 5938 16415 -25 0 -2 16368 0
shake_lateral 214 6371 16407 -2 0 -2 16372 0
shake_lateral 215 6665 16471 -45 0 3 16384 0
shake_lateral 216 6892 16445 -25 0 5 16391 0
shake_lateral 217 7137 16361 -3 0 4 16387 0
shake_lateral 218 7389 16409 16 0 1 16389 0
shake_lateral 219 7646 16455 4 0 0 16397 0
shake_lateral 220 7815 16331 -6 0 0 16388 0
shake_lateral 221 7932 16419 27 0 -4 16391 0
shake_lateral 222 8128 16506 -7 0 -3 16405 0
shake_lateral 223 8164 16481 -78 0 7 16414 0
shake_lateral 224 8150 16284 34 0 1 16397 0
shake_lateral 225 8203 16376 -10 0 2 16394 0
shake_lateral 226 8188 16430 -60 0 9 16398 0
shake_lateral 227 8270 16319 9 0 6 16388 0
shake_lateral 228 8040 16397 42 0 0 16389 0
shake_lateral 229 7955 16360 24 0 -3 16385 0
shake_lateral 230 7804 16406 -98 0 9 16387 0
shake_lateral 231 7575 16414 37 0 3 16390 0
shake_lateral 232 7425 16384 -137 0 19 16389 0
shake_lateral 233 7202 16401 -4 0 17 16390 0
shake_lateral 234 6973 16436 -53 0 21 16395 0
shake_lateral 235 6665 16391 27 0 15 16394 0
shake_lateral 236 6384 16391 2 0 12 16393 0
shake_lateral 237 5945 16373 20 0 8 16390 0
shake_lateral 238 5553 16384 35 0 2 16389 0
shake_lateral 239 5259 16415 -36 0 6 16392 0
shake_lateral 240 4804 16342 43 0 -1 16385 0
shake_lateral 241 4343 16408 -11 0 0 16387 0
shake_lateral 242 3998 16448 -68 0 8 16394 0
shake_lateral 243 3457 16388 -25 0 10 16393 0
shake_lateral 244 3065 16278 -8 0 9 16378 0
shake_lateral 245 2538 16399 -14 0 9 16380 0
shake_lateral 246 2080 16361 -36 0 12 16377 0
shake_lateral 247 1562 16402 64 0 2 16380 0
shake_lateral 248 1014 16468 -32 0 5 16391 0
shake_lateral 249 483 16372 -1 0 4 16388 0
shake_lateral 250 -27 16350 -58 0 10 16383 0
shake_lateral 251 -418 16362 -28 0 12 16380 0
shake_lateral 252 -968 16335 10 0 9 16374 0
shake_lateral 253 -1510 16309 26 0 4 16365 0
shake_lateral 254 -2028 16357 -33 0 7 16364 0
shake_lateral 255 -2469 16387 37 0 1 16366 0
shake_lateral 256 -2939 16351 42 0 -5 16364 0
shake_lateral 257 -3486 16392 -8 0 -4 16367 0
shake_lateral 258 -3962 16381 20 0 -6 16368 0
shake_lateral 259 -4298 16466 30 0 -9 16380 0
shake_lateral 260 -4885 16483 -4 0 -8 16392 0
shake_lateral 261 -5263 16360 -38 0 -3 16388 0
shake_lateral 262 -5564 16372 -8 0 -2 16386 0
shake_lateral 263 -5910 16411 -20 0 0 16389 0
shake_lateral 264 -6346 16335 -14 0 1 16382 0
shake_lateral 265 -6718 16439 -20 0 3 16389 0
shake_lateral 266 -6997 16431 -10 0 3 16394 0
shake_lateral 267 -7132 16398 56 0 -5 16394 0
shake_lateral 268 -7355 16407 49 0 -11 16395 0
shake_lateral 269 -7637 16380 33 0 -14 16393 0
shake_lateral 270 -7743 16427 -12 0 -11 16397 0
shake_lateral 271 -8001 16379 35 0 -14 16394 0
shake_lateral 272 -8022 16373 15 0 -15 16391 0
shake_lateral 273 -8030 16426 -60 0 -6 16395 0
shake_lateral 274 -8179 16419 -30 0 -2 16398 0
shake_lateral 275 -8237 16291 -14 0 0 16384 0
shake_lateral 276 -8207 16354 -37 0 4 16380 0
shake_lateral 277 -8127 16409 -33 0 7 16383 0
shake_lateral 278 -8046 16366 -98 0 18 16380 0
shake_lateral 279 -7906 16427 -20 0 18 16385 0
shake_lateral 280 -7819 16350 18 0 13 16380 0
shake_lateral 281 -7490 16334 -76 0 20 16374 0
shake_lateral 282 -7380 16311 16 0 15 16366 0
shake_lateral 283 -7123 16400 -8 0 14 16370 0
shake_lateral 284 -6958 16436 42 0 7 16378 0
shake_lateral 285 -6548 16372 -27 0 9 16377 0
shake_lateral 286 -6301 16366 -47 0 13 16375 0
shake_lateral 287 -5946 16298 31 0 7 16365 0
shake_lateral 288 -5649 16354 72 0 -3 16363 0
shake_lateral 289 -5215 16412 -34 0 1 16369 0
shake_lateral 290 -4818 16424 -26 0 4 16375 0
shake_lateral 291 -4279 16372 -11 0 4 16374 0
shake_lateral 292 -3949 16317 -23 0 6 16366 0
shake_lateral 293 -3498 16296 12 0 3 16357 0
shake_lateral 294 -2977 16449 21 0 0 16368 0
shake_lateral 295 -2579 16363 69 0 -9 16367 0
shake_lateral 296 -1997 16347 -69 0 0 16364 0
shake_lateral 297 -1489 16433 -36 0 4 16372 0
shake_lateral 298 -1051 16420 22 0 0 16378 0
shake_lateral 299 -493 16424 33 0 -5 16383 0
shake_lateral 300 86 16315 24 0 -8 16374 0
shake_lateral 301 508 16301 52 0 -14 16364 0
shake_lateral 302 1080 16420 20 0 -15 16371 0
shake_lateral 303 1557 16296 142 0 -31 16361 0
shake_lateral 304 2098 16323 -75 0 -18 16356 0
shake_lateral 305 2552 16371 -8 0 -15 16357 0
shake_lateral 306 2996 16305 72 0 -23 16350 0
shake_lateral 307 3391 16401 46 0 -26 16356 0
shake_lateral 308 3996 16351 21 0 -26 16355 0
shake_lateral 309 4443 16351 12 0 -25 16354 0
shake_lateral 310 4881 16417 41 0 -27 16361 0
shake_lateral 311 5216 16436 16 0 -26 16370 0
shake_lateral 312 5576 16355 30 0 -27 16368 0
shake_lateral 313 5958 16391 17 0 -26 16370 0
shake_lateral 314 6337 16407 -25 0 -20 16374 0
shake_lateral 315 6586 16304 21 0 -21 16365 0
shake_lateral 316 6893 16373 23 0 -22 16366 0
shake_lateral 317 7159 16466 -27 0 -16 16378 0
shake_lateral 318 7430 16341 -13 0 -13 16373 0
shake_lateral 319 7597 16388 55 0 -19 16374 0
shake_lateral 320 7715 16339 -78 0 -7 16369 0
shake_lateral 321 7971 16314 31 0 -10 16362 0
shake_lateral 322 8032 16402 54 0 -16 16367 0
shake_lateral 323 8116 16453 -91 0 -3 16377 0
shake_lateral 324 8233 16344 -55 0 4 16372 0
shake_lateral 325 8183 16408 30 0 -1 16376 0
shake_lateral 326 8218 16418 18 0 -4 16381 0
shake_lateral 327 8121 16344 47 0 -10 16376 0
shake_lateral 328 8013 16336 8 0 -10 16371 0
shake_lateral 329 7983 16441 30 0 -13 16379 0
shake_lateral 330 7826 16353 -17 0 -10 16375 0
shake_lateral 331 7612 16357 -27 0 -6 16372 0
shake_lateral 332 7396 16295 47 0 -12 16362 0
shake_lateral 333 7120 16417 -37 0 -6 16368 0
shake_lateral 334 6908 16323 -13 0 -4 16362 0
shake_lateral 335 6676 16388 36 0 -8 16365 0
shake_lateral 336 6353 16414 27 0 -11 16371 0
shake_lateral 337 5960 16378 61 0 -18 16371 0
shake_lateral 338 5588 16385 21 0 -19 16372 0
shake_lateral 339 5164 16384 17 0 -19 16373 0
shake_lateral 340 4875 16358 -14 0 -15 16371 0
shake_lateral 341 4364 16398 -26 0 -10 16374 0
shake_lateral 342 3922 16392 -6 0 -8 16376 0
shake_lateral 343 3469 16382 -54 0 -1 16376 0
shake_lateral 344 3012 16417 77 0 -11 16381 0
shake_lateral 345 2571 16388 -7 0 -9 16381 0
shake_lateral 346 1942 16455 -6 0 -8 16390 0
shake_lateral 347 1590 16388 21 0 -10 16389 0
shake_lateral 348 1059 16442 -66 0 -1 16395 0
shake_lateral 349 540 16349 89 0 -12 16389 0
shake_lateral 350 -43 16394 -26 0 -8 16389 0
shake_lateral 351 -501 16355 -40 0 -2 16384 0
shake_lateral 352 -997 16360 17 0 -4 16381 0
shake_lateral 353 -1535 16458 -11 0 -3 16390 0
shake_lateral 354 -2030 16437 -8 0 -2 16395 0
shake_lateral 355 -2556 16386 59 0 -10 16393 0
shake_lateral 356 -2950 16362 -9 0 -8 16389 0
shake_lateral 357 -3507 16361 -23 0 -5 16385 0
shake_lateral 358 -3869 16348 -19 0 -2 16380 0
shake_lateral 359 -4384 16399 77 0 -12 16382 0
shake_lateral 360 -4890 16355 -43 0 -6 16378 0
shake_lateral 361 -5171 16413 -6 0 -5 16382 0
shake_lateral 362 -5606 16360 -17 0 -3 16379 0
shake_lateral 363 -6079 16388 -19 0 -1 16380 0
shake_lateral 364 -6374 16410 -26 0 2 16383 0
shake_lateral 365 -6639 16441 -8 0 2 16390 0
shake_lateral 366 -6881 16344 -6 0 2 16384 0
shake_lateral 367 -7169 16449 -4 0 2 16392 0
shake_lateral 368 -7362 16372 33 0 -3 16389 0
shake_lateral 369 -7597 16366 -18 0 -1 16386 0
shake_lateral 370 -7766 16414 34 0 -6 16389 0
shake_lateral 371 -7896 16399 -76 0 4 16390 0
shake_lateral 372 -8146 16377 32 0 -1 16388 0
shake_lateral 373 -8107 16304 48 0 -7 16377 0
shake_lateral 374 -8220 16274 -6 0 -6 16364 0
shake_lateral 375 -8201 16437 -63 0 2 16373 0
shake_lateral 376 -8130 16340 -9 0 2 16368 0
shake_lateral 377 -8106 16368 -7 0 2 16368 0
shake_lateral 378 -8123 16458 -36 0 6 16379 0
shake_lateral 379 -7931 16334 36 0 0 16373 0
shake_lateral 380 -7792 16316 -52 0 6 16365 0
shake_lateral 381 -7634 16415 105 0 -8 16371 0
shake_lateral 382 -7384 16412 -23 0 -5 16376 0
shake_lateral 383 -7244 16381 -4 0 -4 16376 0
shake_lateral 384 -6874 16369 86 0 -15 16375 0
shake_lateral 385 -6589 16382 28 0 -17 16375 0
shake_lateral 386 -6311 16278 -23 0 -12 16362 0
shake_lateral 387 -6025 16445 -36 0 -6 16372 0
shake_lateral 388 -5666 16379 -15 0 -4 16372 0
shake_lateral 389 -5159 16438 57 0 -11 16380 0
shake_lateral 390 -4724 16367 28 0 -14 16378 0
shake_lateral 391 -4490 16369 23 0 -16 16376 0
shake_lateral 392 -3923 16344 -31 0 -11 16372 0
shake_lateral 393 -3431 16396 -41 0 -5 16375 0
shake_lateral 394 -3018 16303 28 0 -8 16366 0
shake_lateral 395 -2493 16327 11 0 -9 16361 0
shake_lateral 396 -2081 16371 10 0 -10 16362 0
shake_lateral 397 -1539 16309 106 0 -22 16355 0
shake_lateral 398 -1053 16407 -82 0 -9 16361 0
shake_lateral 399 -531 16397 8 0 -9 16365 0
shake_lateral 400 3 16391 4 0 -9 16368 0
shake_lateral 401 547 16444 32 0 -12 16377 0
shake_lateral 402 997 16375 9 0 -12 16376 0
shake_lateral 403 1516 16353 14 0 -13 16373 0
shake_lateral 404 2104 16407 -36 0 -7 16377 0
shake_lateral 405 2554 16326 -10 0 -5 16370 0
shake_lateral 406 3015 16438 -99 0 8 16378 0
shake_lateral 407 3429 16343 4 0 6 16373 0
shake_lateral 408 3849 16266 68 0 -4 16359 0
shake_lateral 409 4449 16361 80 0 -14 16359 0
shake_lateral 410 4916 16377 68 0 -21 16361 0
shake_lateral 411 5138 16325 10 0 -20 16356 0
shake_lateral 412 5657 16337 75 0 -27 16353 0
shake_lateral 413 5984 16305 27 0 -27 16347 0
shake_lateral 414 6363 16356 90 0 -35 16348 0
shake_lateral 415 6706 16390 5 0 -32 16353 0
shake_lateral 416 6922 16395 22 0 -31 16358 0
shake_lateral 417 7274 16395 39 0 -32 16362 0
shake_lateral 418 7373 16409 -18 0 -26 16367 0
shake_lateral 419 7630 16326 -36 0 -19 16361 0
shake_lateral 420 7774 16394 -30 0 -13 16365 0
shake_lateral 421 7907 16384 2 0 -12 16367 0
shake_lateral 422 8089 16351 -18 0 -9 16365 0
shake_lateral 423 8065 16468 -27 0 -5 16377 0
shake_lateral 424 8239 16391 66 0 -13 16378 0
shake_lateral 425 8085 16390 57 0 -19 16379 0
shake_lateral 426 8172 16392 -25 0 -14 16380 0
shake_lateral 427 8216 16382 36 0 -17 16380 0
shake_lateral 428 8021 16391 29 0 -19 16381 0
shake_lateral 429 7926 16362 -18 0 -15 16378 0
shake_lateral 430 7789 16393 -54 0 -7 16379 0
shake_lateral 431 7572 16325 -3 0 -6 16372 0
shake_lateral 432 7409 16381 84 0 -16 16373 0
shake_lateral 433 7132 16424 39 0 -19 16379 0
shake_lateral 434 6994 16438 -46 0 -11 16386 0
shake_lateral 435 6588 16420 21 0 -13 16390 0
shake_lateral 436 6264 16367 -32 0 -8 16387 0
shake_lateral 437 5993 16327 -36 0 -3 16379 0
shake_lateral 438 5669 16407 10 0 -4 16382 0
shake_lateral 439 5235 16397 36 0 -8 16383 0
shake_lateral 440 4792 16396 -55 0 -1 16384 0
shake_lateral 441 4302 16392 -13 0 0 16385 0
shake_lateral 442 3914 16323 -27 0 3 16377 0
shake_lateral 443 3490 16383 33 0 -2 16377 0
shake_lateral 444 3043 16396 48 0 -8 16379 0
shake_lateral 445 2549 16392 6 0 -8 16380 0
shake_lateral 446 2016 16377 27 0 -11 16379 0
shake_lateral 447 1480 16346 14 0 -12 16374 0
shake_lateral 448 1003 16384 -8 0 -10 16375 0
shake_lateral 449 536 16364 14 0 -11 16373 0
shake_lateral 450 -32 16350 -26 0 -7 16370 0
shake_lateral 451 -448 16349 85 0 -17 16367 0
shake_lateral 452 -967 16493 30 0 -19 16382 0
shake_lateral 453 -1525 16417 -64 0 -9 16386 0
shake_lateral 454 -2026 16327 -61 0 -1 16378 0
shake_lateral 455 -2615 16375 37 0 -6 16377 0
shake_lateral 456 -3019 16386 -45 0 0 16378 0
shake_lateral 457 -3471 16429 39 0 -5 16384 0
shake_lateral 458 -3937 16355 73 0 -14 16380 0
shake_lateral 459 -4378 16455 26 0 -16 16389 0
shake_lateral 460 -4859 16435 -9 0 -13 16394 0
shake_lateral 461 -5171 16308 4 0 -12 16383 0
shake_lateral 462 -5546 16395 53 0 -18 16384 0
shake_lateral 463 -5897 16462 -22 0 -13 16393 0
shake_lateral 464 -6301 16397 -50 0 -6 16393 0
shake_lateral 465 -6620 16312 -43 0 0 16382 0
shake_lateral 466 -6925 16428 -78 0 9 16387 0
shake_lateral 467 -7223 16411 -11 0 9 16390 0
shake_lateral 468 -7435 16334 31 0 4 16383 0
shake_lateral 469 -7627 16439 75 0 -6 16390 0
shake_lateral 470 -7829 16372 108 0 -19 16387 0
shake_lateral 471 -7922 16314 -10 0 -16 16377 0
shake_lateral 472 -8165 16288 78 0 -24 16365 0
shake_lateral 473 -8163 16332 3 0 -22 16360 0
shake_lateral 474 -8013 16235 6 0 -20 16344 0
shake_lateral 475 -8085 16361 14 0 -20 16346 0
shake_lateral 476 -8184 16371 -87 0 -7 16349 0
shake_lateral 477 -8198 16414 -28 0 -3 16357 0
shake_lateral 478 -8067 16395 -24 0 0 16361 0
shake_lateral 479 -7899 16358 -61 0 7 16360 0
shake_lateral 480 -7891 16381 74 0 -4 16362 0
shake_lateral 481 -7548 16407 -62 0 4 16367 0
shake_lateral 482 -7361 16351 -3 0 3 16365 0
shake_lateral 483 -7143 16422 -3 0 3 16372 0
shake_lateral 484 -6903 16433 41 0 -3 16379 0
shake_lateral 485 -6578 16334 -7 0 -2 16373 0
shake_lateral 486 -6284 16398 -66 0 6 16376 0
shake_lateral 487 -5954 16412 -113 0 19 16380 0
shake_lateral 488 -5608 16318 24 0 13 16372 0
shake_lateral 489 -5099 16317 -2 0 11 16365 0
shake_lateral 490 -4792 16414 -18 0 11 16371 0
shake_lateral 491 -4382 16324 2 0 9 16365 0
shake_lateral 492 -4039 16355 -24 0 10 16363 0
shake_lateral 493 -3437 16351 -5 0 9 16361 0
shake_lateral 494 -3015 16391 -117 0 22 16364 0
shake_lateral 495 -2566 16362 -37 0 23 16363 0
shake_lateral 496 -2076 16424 4 0 19 16370 0
shake_lateral 497 -1588 16389 -29 0 20 16372 0
shake_lateral 498 -1062 16359 11 0 16 16370 0
shake_lateral 499 -434 16350 -9 0 15 16367 0
shake_lateral 500 24 16349 3 0 12 16364 0
shake_lateral 501 556 16368 10 0 9 16364 0
shake_lateral 502 1027 16396 34 0 3 16368 0
shake_lateral 503 1540 16327 -23 0 5 16362 0
shake_lateral 504 2041 16367 14 0 2 16362 0
shake_lateral 505 2486 16354 -51 0 8 16361 0
shake_lateral 506 3012 16264 -109 0 20 16348 0
shake_lateral 507 3470 16352 -56 0 24 16348 0
shake_lateral 508 3985 16400 6 0 20 16354 0
shake_lateral 509 4446 16420 -7 0 18 16362 0
shake_lateral 510 4812 16414 -14 0 17 16368 0
shake_lateral 511 5234 16423 -2 0 15 16374 0
shake_lateral 512 5614 16371 46 0 7 16373 0
shake_lateral 513 5895 16445 87 0 -5 16382 0
shake_lateral 514 6365 16291 -2 0 -5 16370 0
shake_lateral 515 6711 16432 29 0 -8 16377 0
shake_lateral 516 6997 16387 42 0 -13 16378 0
shake_lateral 517 7196 16346 20 0 -14 16374 0
shake_lateral 518 7380 16326 5 0 -13 16368 0
shake_lateral 519 7657 16382 9 0 -13 16369 0
shake_lateral 520 7870 16433 1 0 -12 16377 0
shake_lateral 521 7940 16309 -29 0 -7 16368 0
shake_lateral 522 8116 16403 -43 0 -1 16372 0
shake_lateral 523 8148 16415 17 0 -3 16377 0
shake_lateral 524 8175 16448 -6 0 -2 16385 0
shake_lateral 525 8132 16406 -7 0 -1 16387 0
shake_lateral 526 8155 16371 -1 0 -1 16385 0
shake_lateral 527 8116 16330 5 0 -2 16378 0
shake_lateral 528 8023 16332 -21 0 0 16372 0
shake_lateral 529 7940 16338 52 0 -7 16367 0
shake_lateral 530 7843 16369 36 0 -11 16367 0
shake_lateral 531 7630 16433 -52 0 -4 16375 0
shake_lateral 532 7435 16424 25 0 -7 16381 0
shake_lateral 533 7246 16360 -136 0 10 16378 0
shake_lateral 534 6900 16402 43 0 3 16381 0
shake_lateral 535 6547 16519 -52 0 9 16398 0
shake_lateral 536 6331 16403 -27 0 11 16398 0
shake_lateral 537 5948 16401 -50 0 15 16398 0
shake_lateral 538 5600 16455 -23 0 16 16405 0
shake_lateral 539 5193 16453 22 0 11 16411 0
shake_lateral 540 4813 16432 113 0 -5 16413 0
shake_lateral 541 4417 16360 63 0 -13 16406 0
shake_lateral 542 3859 16437 11 0 -13 16409 0
shake_lateral 543 3483 16406 -4 0 -11 16408 0
shake_lateral 544 3029 16368 -37 0 -5 16403 0
shake_lateral 545 2556 16395 -14 0 -3 16402 0
shake_lateral 546 2110 16355 19 0 -5 16396 0
shake_lateral 547 1523 16479 34 0 -9 16406 0
shake_lateral 548 952 16348 16 0 -10 16398 0
shake_lateral 549 599 16427 100 0 -22 16401 0
shake_lateral 550 -16 16368 -57 0 -13 16396 0
shake_lateral 551 -477 16401 -22 0 -9 16396 0
shake_lateral 552 -1068 16281 31 0 -12 16381 0
shake_lateral 553 -1497 16384 100 0 -23 16381 0
shake_lateral 554 -1971 16290 -24 0 -18 16369 0
shake_lateral 555 -2547 16363 -75 0 -7 16368 0
shake_lateral 556 -2939 16319 105 0 -20 16361 0
shake_lateral 557 -3529 16383 26 0 -21 16363 0
shake_lateral 558 -3986 16371 49 0 -25 16364 0
shake_lateral 559 -4367 16416 111 0 -36 16370 0
shake_lateral 560 -4930 16316 -50 0 -26 16363 0
shake_lateral 561 -5335 16392 -17 0 -21 16366 0
shake_lateral 562 -5638 16473 -19 0 -16 16379 0
shake_lateral 563 -6007 16332 -80 0 -4 16373 0
shake_lateral 564 -6337 16409 -52 0 3 16377 0
shake_lateral 565 -6638 16429 -31 0 6 16383 0
shake_lateral 566 -6963 16383 18 0 3 16383 0
shake_lateral 567 -7162 16460 -68 0 11 16392 0
shake_lateral 568 -7389 16362 85 0 -1 16388 0
shake_lateral 569 -7653 16396 6 0 -2 16389 0
shake_lateral 570 -7683 16443 12 0 -4 16395 0
shake_lateral 571 -7870 16385 41 0 -9 16393 0
shake_lateral 572 -8126 16354 53 0 -15 16388 0
shake_lateral 573 -8089 16342 -44 0 -8 16382 0
shake_lateral 574 -8133 16403 65 0 -16 16384 0
shake_lateral 575 -8100 16349 3 0 -15 16379 0
shake_lateral 576 -8139 16432 -85 0 -3 16385 0
shake_lateral 577 -8158 16354 -119 0 12 16381 0
shake_lateral 578 -8060 16392 -19 0 12 16382 0
shake_lateral 579 -7868 16378 -64 0 18 16381 0
shake_lateral 580 -7784 16435 77 0 6 16387 0
shake_lateral 581 -7766 16356 -3 0 5 16383 0
shake_lateral 582 -7489 16452 122 0 -11 16391 0
shake_lateral 583 -7144 16503 -77 0 0 16405 0
shake_lateral 584 -6911 16427 -22 0 2 16407 0
shake_lateral 585 -6654 16359 -21 0 4 16401 0
shake_lateral 586 -6311 16456 35 0 -1 16407 0
shake_lateral 587 -5958 16349 -15 0 1 16399 0
shake_lateral 588 -5598 16392 -48 0 6 16398 0
shake_lateral 589 -5171 16385 48 0 -1 16396 0
shake_lateral 590 -4731 16418 36 0 -6 16398 0
shake_lateral 591 -4445 16350 10 0 -7 16392 0
shake_lateral 592 -3931 16416 -52 0 0 16395 0
shake_lateral 593 -3391 16453 86 0 -11 16402 0
shake_lateral 594 -2990 16292 -42 0 -5 16388 0
shake_lateral 595 -2465 16393 -3 0 -4 16388 0
shake_lateral 596 -2037 16332 -32 0 0 16381 0
shake_lateral 597 -1561 16405 91 0 -12 16384 0
shake_lateral 598 -1081 16265 -8 0 -10 16369 0
shake_lateral 599 -534 16264 51 0 -16 16355 0
tilt_back_30deg 0 88 16376 101 0 -13 2047 0
tilt_back_30deg 1 -23 16402 84 0 -22 3841 0
tilt_back_30deg 2 15 16398 97 0 -32 5410 0
tilt_back_30deg 3 74 16391 -70 0 -20 6782 0
tilt_back_30deg 4 -14 16267 92 0 -29 7967 0
tilt_back_30deg 5 25 16335 16 0 -28 9013 0
tilt_back_30deg 6 -41 16394 -60 0 -17 9935 0
tilt_back_30deg 7 -36 16374 -30 0 -12 10739 0
tilt_back_30deg 8 -72 16330 -44 0 -5 11437 0
tilt_back_30deg 9 -96 16437 -52 0 2 12062 0
tilt_back_30deg 10 27 16390 12 0 0 12603 0
tilt_back_30deg 11 -108 16412 -39 0 4 13079 0
tilt_back_30deg 12 52 16465 -78 0 13 13502 0
tilt_back_30deg 13 110 16421 9 0 10 13866 0
tilt_back_30deg 14 37 16354 -13 0 10 14177 0
tilt_back_30deg 15 -61 16369 -38 0 13 14451 0
tilt_back_30deg 16 37 16343 -26 0 14 14687 0
tilt_back_30deg 17 -26 16389 0 0 12 14899 0
tilt_back_30deg 18 59 16451 58 0 3 15093 0
tilt_back_30deg 19 -4 16465 -40 0 7 15264 0
tilt_back_30deg 20 71 16330 49 0 0 15397 0
tilt_back_30deg 21 5 16340 92 0 -12 15514 0
tilt_back_30deg 22 -44 16410 -83 0 -1 15626 0
tilt_back_30deg 23 -41 16379 67 0 -10 15720 0
tilt_back_30deg 24 -81 16398 46 0 -15 15804 0
tilt_back_30deg 25 -17 16397 -63 0 -6 15878 0
tilt_back_30deg 26 64 16398 12 0 -7 15943 0
tilt_back_30deg 27 -10 16404 -18 0 -4 16000 0
tilt_back_30deg 28 -25 16356 -62 0 4 16044 0
tilt_back_30deg 29 -8 16378 74 0 -6 16085 0
tilt_back_30deg 30 -72 16408 43 0 -11 16125 0
tilt_back_30deg 31 63 16475 -48 0 -4 16168 0
tilt_back_30deg 32 -48 16408 57 0 -11 16198 0
tilt_back_30deg 33 5 16446 -10 0 -9 16229 0
tilt_back_30deg 34 25 16366 -34 0 -4 16246 0
tilt_back_30deg 35 -30 16333 -63 0 4 16256 0
tilt_back_30deg 36 43 16458 68 0 -5 16281 0
tilt_back_30deg 37 -71 16349 74 0 -14 16289 0
tilt_back_30deg 38 12 16477 -34 0 -8 16312 0
tilt_back_30deg 39 -69 16377 -116 0 7 16320 0
tilt_back_30deg 40 19 16458 82 0 -5 16337 0
tilt_back_30deg 41 -32 16363 64 0 -13 16340 0
tilt_back_30deg 42 -17 16366 -33 0 -8 16343 0
tilt_back_30deg 43 14 16442 29 0 -11 16355 0
tilt_back_30deg 44 -44 16490 14 0 -12 16371 0
tilt_back_30deg 45 88 16406 -12 0 -9 16375 0
tilt_back_30deg 46 -24 16360 -42 0 -3 16373 0
tilt_back_30deg 47 -14 16395 -9 0 -2 16375 0
tilt_back_30deg 48 -16 16313 19 0 -5 16367 0
tilt_back_30deg 49 13 16427 -3 0 -4 16374 0
tilt_back_30deg 50 -94 16478 8 0 -5 16387 0
tilt_back_30deg 51 46 16344 38 0 -10 16381 0
tilt_back_30deg 52 26 16343 46 0 -15 16376 0
tilt_back_30deg 53 -12 16334 68 0 -22 16370 0
tilt_back_30deg 54 -62 16367 27 0 -23 16369 0
tilt_back_30deg 55 17 16379 -24 0 -18 16370 0
tilt_back_30deg 56 26 16431 15 0 -18 16377 0
tilt_back_30deg 57 -56 16334 33 0 -20 16371 0
tilt_back_30deg 58 4 16316 39 0 -23 16364 0
tilt_back_30deg 59 26 16331 28 0 -24 16359 0
tilt_back_30deg 60 -3 16376 20 0 -24 16361 0
tilt_back_30deg 61 30 16308 -54 0 -15 16354 0
tilt_back_30deg 62 -5 16348 75 0 -23 16353 0
tilt_back_30deg 63 68 16330 -33 0 -16 16350 0
tilt_back_30deg 64 -30 16371 -33 0 -10 16352 0
tilt_back_30deg 65 73 16377 59 0 -17 16355 0
tilt_back_30deg 66 -8 16495 -36 0 -11 16372 0
tilt_back_30deg 67 -23 16354 -8 0 -9 16369 0
tilt_back_30deg 68 -14 16353 68 0 -17 16367 0
tilt_back_30deg 69 -21 16408 28 0 -19 16372 0
tilt_back_30deg 70 2 16400 33 0 -21 16375 0
tilt_back_30deg 71 -20 16390 9 0 -20 16376 0
tilt_back_30deg 72 30 16463 65 0 -26 16386 0
tilt_back_30deg 73 -56 16361 48 0 -29 16382 0
tilt_back_30deg 74 21 16388 18 0 -28 16382 0
tilt_back_30deg 75 92 16378 60 0 -32 16381 0
tilt_back_30deg 76 44 16367 52 0 -35 16379 0
tilt_back_30deg 77 11 16437 30 0 -35 16386 0
tilt_back_30deg 78 97 16378 -61 0 -23 16385 0
tilt_back_30deg 79 -43 16440 -30 0 -17 16391 0
tilt_back_30deg 80 -74 16265 -6 0 -15 16375 0
tilt_back_30deg 81 12 16389 52 0 -20 16376 0
tilt_back_30deg 82 1 16349 40 0 -23 16372 0
tilt_back_30deg 83 117 16399 23 0 -23 16375 0
tilt_back_30deg 84 -41 16396 -117 0 -6 16377 0
tilt_back_30deg 85 56 16399 -56 0 1 16379 0
tilt_back_30deg 86 -86 16334 71 0 -8 16373 0
tilt_back_30deg 87 11 16449 -36 0 -3 16382 0
tilt_back_30deg 88 20 16374 -13 0 -1 16381 0
tilt_back_30deg 89 17 16424 1 0 -1 16386 0
tilt_back_30deg 90 111 16371 -110 0 12 16384 0
tilt_back_30deg 91 10 16334 13 0 8 16377 0
tilt_back_30deg 92 -94 16367 -82 0 17 16375 0
tilt_back_30deg 93 29 16447 19 0 12 16384 0
tilt_back_30deg 94 6 16358 -66 0 18 16380 0
tilt_back_30deg 95 32 16398 -51 0 22 16382 0
tilt_back_30deg 96 19 16507 -62 0 27 16397 0
tilt_back_30deg 97 -4 16355 8 0 22 16391 0
tilt_back_30deg 98 22 16389 30 0 15 16390 0
tilt_back_30deg 99 -15 16425 -1 0 13 16394 0
tilt_back_30deg 100 57 16387 -33 0 15 16393 0
tilt_back_30deg 101 -47 16369 423 0 -40 16390 0
tilt_back_30deg 102 43 16312 903 0 -148 16380 0
tilt_back_30deg 103 -19 16365 1243 0 -285 16378 0
tilt_back_30deg 104 110 16259 1684 0 -460 16363 0
tilt_back_30deg 105 57 16287 2146 0 -671 16353 0
tilt_back_30deg 106 51 16130 2578 0 -910 16325 0
tilt_back_30deg 107 44 16105 2974 0 -1168 16297 0
tilt_back_30deg 108 -2 16058 3359 0 -1442 16267 0
tilt_back_30deg 109 -13 15939 3807 0 -1738 16226 0
tilt_back_30deg 110 63 15802 4254 0 -2053 16173 0
tilt_back_30deg 111 22 15791 4731 0 -2388 16125 0
tilt_back_30deg 112 -31 15506 4993 0 -2714 16047 0
tilt_back_30deg 113 -50 15474 5500 0 -3063 15975 0
tilt_back_30deg 114 -93 15448 5854 0 -3412 15909 0
tilt_back_30deg 115 6 15084 6273 0 -3770 15805 0
tilt_back_30deg 116 66 14974 6649 0 -4130 15701 0
tilt_back_30deg 117 -5 14808 6982 0 -4487 15589 0
tilt_back_30deg 118 -19 14580 7494 0 -4863 15462 0
tilt_back_30deg 119 12 14346 7796 0 -5230 15322 0
tilt_back_30deg 120 -15 14249 8133 0 -5593 15187 0
tilt_back_30deg 121 -47 14217 8152 0 -5913 15065 0
tilt_back_30deg 122 4 14129 8201 0 -6199 14948 0
tilt_back_30deg 123 -18 14188 8227 0 -6453 14853 0
tilt_back_30deg 124 37 14192 8146 0 -6665 14770 0
tilt_back_30deg 125 58 14151 8176 0 -6854 14692 0
tilt_back_30deg 126 108 14285 8259 0 -7030 14641 0
tilt_back_30deg 127 -36 14206 8169 0 -7173 14586 0
tilt_back_30deg 128 -25 14094 8240 0 -7307 14524 0
tilt_back_30deg 129 -63 14238 8286 0 -7430 14488 0
tilt_back_30deg 130 6 14146 8203 0 -7527 14445 0
tilt_back_30deg 131 -40 14237 8137 0 -7604 14419 0
tilt_back_30deg 132 75 14136 8159 0 -7674 14383 0
tilt_back_30deg 133 -32 14290 8216 0 -7742 14371 0
tilt_back_30deg 134 -28 14132 8219 0 -7802 14341 0
tilt_back_30deg 135 20 14288 8226 0 -7855 14334 0
tilt_back_30deg 136 40 14166 8171 0 -7895 14313 0
tilt_back_30deg 137 -35 14117 8155 0 -7928 14288 0
tilt_back_30deg 138 0 14227 8130 0 -7954 14280 0
tilt_back_30deg 139 -23 14224 8178 0 -7982 14273 0
tilt_back_30deg 140 39 14197 8159 0 -8005 14263 0
tilt_back_30deg 141 27 14296 8171 0 -8026 14267 0
tilt_back_30deg 142 29 14158 8175 0 -8045 14253 0
tilt_back_30deg 143 -39 14144 8061 0 -8047 14239 0
tilt_back_30deg 144 26 14207 8179 0 -8064 14235 0
tilt_back_30deg 145 -6 14173 8162 0 -8077 14227 0
tilt_back_30deg 146 -15 14129 8219 0 -8095 14214 0
tilt_back_30deg 147 -3 14223 8059 0 -8091 14215 0
tilt_back_30deg 148 -32 14201 8214 0 -8107 14213 0
tilt_back_30deg 149 0 14182 8235 0 -8123 14209 0
tilt_back_30deg 150 58 14237 8224 0 -8136 14212 0
tilt_back_30deg 151 -22 14209 8106 0 -8133 14211 0
tilt_back_30deg 152 -7 14179 8154 0 -8136 14207 0
tilt_back_30deg 153 2 14141 8190 0 -8143 14198 0
tilt_back_30deg 154 50 14271 8244 0 -8156 14207 0
tilt_back_30deg 155 103 14236 8156 0 -8156 14210 0
tilt_back_30deg 156 -24 14215 8142 0 -8155 14210 0
tilt_back_30deg 157 -50 14270 8127 0 -8152 14217 0
tilt_back_30deg 158 -27 14291 8231 0 -8162 14226 0
tilt_back_30deg 159 -49 14169 8144 0 -8160 14218 0
tilt_back_30deg 160 9 14167 8086 0 -8151 14211 0
tilt_back_30deg 161 -27 14271 8112 0 -8147 14218 0
tilt_back_30deg 162 -26 14214 8227 0 -8157 14217 0
tilt_back_30deg 163 -89 14183 8164 0 -8158 14212 0
tilt_back_30deg 164 -1 14135 8147 0 -8157 14202 0
tilt_back_30deg 165 44 14184 8222 0 -8166 14199 0
tilt_back_30deg 166 -129 14197 8229 0 -8174 14198 0
tilt_back_30deg 167 -72 14212 8246 0 -8183 14199 0
tilt_back_30deg 168 12 14182 8170 0 -8182 14196 0
tilt_back_30deg 169 -108 14232 8209 0 -8186 14200 0
tilt_back_30deg 170 38 14210 8268 0 -8197 14201 0
tilt_back_30deg 171 -76 14195 8289 0 -8209 14200 0
tilt_back_30deg 172 -4 14139 8235 0 -8213 14192 0
tilt_back_30deg 173 -30 14273 8223 0 -8215 14202 0
tilt_back_30deg 174 57 14170 8162 0 -8209 14198 0
tilt_back_30deg 175 -17 14183 8220 0 -8211 14196 0
tilt_back_30deg 176 35 14219 8185 0 -8208 14198 0
tilt_back_30deg 177 -53 14184 8154 0 -8202 14196 0
tilt_back_30deg 178 11 14179 8196 0 -8202 14193 0
tilt_back_30deg 179 28 14159 8206 0 -8203 14188 0
tilt_back_30deg 180 -19 14227 8231 0 -8207 14192 0
tilt_back_30deg 181 26 14145 8219 0 -8209 14186 0
tilt_back_30deg 182 26 14197 8103 0 -8196 14187 0
tilt_back_30deg 183 -40 14162 8263 0 -8205 14183 0
tilt_back_30deg 184 25 14295 8236 0 -8209 14197 0
tilt_back_30deg 185 -39 14218 8151 0 -8202 14199 0
tilt_back_30deg 186 -50 14123 8195 0 -8202 14189 0
tilt_back_30deg 187 -9 14181 8142 0 -8195 14188 0
tilt_back_30deg 188 4 14179 8205 0 -8197 14186 0
tilt_back_30deg 189 9 14206 8168 0 -8194 14188 0
tilt_back_30deg 190 71 14112 8222 0 -8198 14178 0
tilt_back_30deg 191 39 14183 8214 0 -8200 14178 0
tilt_back_30deg 192 -1 14234 8166 0 -8196 14185 0
tilt_back_30deg 193 -38 14259 8166 0 -8193 14194 0
tilt_back_30deg 194 -6 14123 8125 0 -8185 14185 0
tilt_back_30deg 195 13 14145 8193 0 -8186 14180 0
tilt_back_30deg 196 -74 14192 8227 0 -8192 14181 0
tilt_back_30deg 197 61 14215 8155 0 -8188 14185 0
tilt_back_30deg 198 -24 14220 8084 0 -8175 14189 0
tilt_back_30deg 199 13 14232 8219 0 -8181 14194 0
tilt_back_30deg 200 -4 14168 8159 0 -8179 14190 0
tilt_back_30deg 201 -64 14188 8141 0 -8175 14189 0
tilt_back_30deg 202 -48 14154 8167 0 -8174 14184 0
tilt_back_30deg 203 54 14261 8141 0 -8170 14193 0
tilt_back_30deg 204 -11 14153 8175 0 -8171 14188 0
tilt_back_30deg 205 -20 14215 8214 0 -8177 14191 0
tilt_back_30deg 206 39 14170 8149 0 -8174 14188 0
tilt_back_30deg 207 60 14216 8184 0 -8176 14191 0
tilt_back_30deg 208 76 14170 8250 0 -8186 14188 0
tilt_back_30deg 209 -50 14208 8271 0 -8197 14190 0
tilt_back_30deg 210 -39 14161 8111 0 -8187 14186 0
tilt_back_30deg 211 -54 14096 8175 0 -8186 14174 0
tilt_back_30deg 212 60 14140 8081 0 -8173 14169 0
tilt_back_30deg 213 19 14176 8187 0 -8175 14169 0
tilt_back_30deg 214 -23 14199 8186 0 -8177 14172 0
tilt_back_30deg 215 19 14133 8204 0 -8181 14167 0
tilt_back_30deg 216 86 14141 8218 0 -8186 14163 0
tilt_back_30deg 217 13 14207 8175 0 -8185 14168 0
tilt_back_30deg 218 0 14254 8183 0 -8185 14178 0
tilt_back_30deg 219 -35 14321 8184 0 -8185 14195 0
tilt_back_30deg 220 -18 14132 8184 0 -8185 14187 0
tilt_back_30deg 221 -16 14213 8235 0 -8192 14190 0
tilt_back_30deg 222 -67 14203 8177 0 -8191 14191 0
tilt_back_30deg 223 -52 14179 8205 0 -8193 14189 0
tilt_back_30deg 224 -71 14165 8183 0 -8192 14186 0
tilt_back_30deg 225 69 14158 8231 0 -8197 14182 0
tilt_back_30deg 226 -22 14196 8248 0 -8204 14183 0
tilt_back_30deg 227 7 14182 8210 0 -8205 14182 0
tilt_back_30deg 228 59 14051 8207 0 -8206 14165 0
tilt_back_30deg 229 -32 14210 8187 0 -8204 14170 0
tilt_back_30deg 230 13 14100 8182 0 -8202 14161 0
tilt_back_30deg 231 21 14181 8169 0 -8198 14163 0
tilt_back_30deg 232 -43 14193 8191 0 -8198 14166 0
tilt_back_30deg 233 66 14137 8139 0 -8191 14162 0
tilt_back_30deg 234 55 14168 8145 0 -8186 14162 0
tilt_back_30deg 235 -46 14112 8128 0 -8179 14155 0
tilt_back_30deg 236 -1 14235 8115 0 -8171 14165 0
tilt_back_30deg 237 -112 14203 8161 0 -8170 14169 0
tilt_back_30deg 238 1 14266 8148 0 -8168 14181 0
tilt_back_30deg 239 -30 14208 8176 0 -8169 14184 0
tilt_back_30deg 240 10 14197 8221 0 -8176 14185 0
tilt_back_30deg 241 -5 14217 8183 0 -8177 14189 0
tilt_back_30deg 242 55 14142 8162 0 -8176 14183 0
tilt_back_30deg 243 -43 14132 8264 0 -8187 14176 0
tilt_back_30deg 244 -18 14154 8097 0 -8176 14173 0
tilt_back_30deg 245 -77 14263 8250 0 -8186 14184 0
tilt_back_30deg 246 61 14179 8222 0 -8191 14183 0
tilt_back_30deg 247 22 14184 8151 0 -8186 14183 0
tilt_back_30deg 248 -43 14173 8207 0 -8189 14181 0
tilt_back_30deg 249 12 14222 8208 0 -8192 14186 0
tilt_back_30deg 250 -20 14145 8256 0 -8200 14180 0
tilt_back_30deg 251 -21 14133 8181 0 -8198 14174 0
tilt_back_30deg 252 92 14165 8115 0 -8188 14172 0
tilt_back_30deg 253 -41 14074 8154 0 -8184 14159 0
tilt_back_30deg 254 -12 14227 8171 0 -8183 14167 0
tilt_back_30deg 255 28 14140 8197 0 -8185 14163 0
tilt_back_30deg 256 -46 14099 8169 0 -8183 14155 0
tilt_back_30deg 257 -11 14286 8139 0 -8178 14171 0
tilt_back_30deg 258 -43 14127 8240 0 -8186 14165 0
tilt_back_30deg 259 -1 14172 8226 0 -8191 14165 0
tilt_back_30deg 260 -54 14207 8150 0 -8186 14170 0
tilt_back_30deg 261 4 14170 8213 0 -8190 14170 0
tilt_back_30deg 262 24 14166 8239 0 -8197 14169 0
tilt_back_30deg 263 -31 14150 8288 0 -8209 14166 0
tilt_back_30deg 264 -64 14157 8214 0 -8210 14164 0
tilt_back_30deg 265 -113 14243 8252 0 -8216 14173 0
tilt_back_30deg 266 29 14216 8202 0 -8215 14178 0
tilt_back_30deg 267 -69 14191 8147 0 -8207 14179 0
tilt_back_30deg 268 -21 14180 8131 0 -8198 14179 0
tilt_back_30deg 269 -65 14225 8168 0 -8195 14184 0
tilt_back_30deg 270 -2 14189 8216 0 -8198 14184 0
tilt_back_30deg 271 26 14151 8211 0 -8200 14179 0
tilt_back_30deg 272 -37 14120 8073 0 -8185 14171 0
tilt_back_30deg 273 2 14220 8171 0 -8184 14177 0
tilt_back_30deg 274 -11 14217 8209 0 -8188 14182 0
tilt_back_30deg 275 -118 14243 8247 0 -8196 14189 0
tilt_back_30deg 276 -18 14175 8154 0 -8191 14187 0
tilt_back_30deg 277 59 14232 8191 0 -8191 14192 0
tilt_back_30deg 278 -61 14196 8163 0 -8188 14192 0
tilt_back_30deg 279 -14 14172 8243 0 -8195 14189 0
tilt_back_30deg 280 -5 14191 8274 0 -8205 14189 0
tilt_back_30deg 281 -8 14145 8254 0 -8212 14183 0
tilt_back_30deg 282 50 14214 8153 0 -8205 14186 0
tilt_back_30deg 283 111 14152 8212 0 -8206 14181 0
tilt_back_30deg 284 22 14102 8138 0 -8198 14171 0
tilt_back_30deg 285 45 14172 8194 0 -8198 14171 0
tilt_back_30deg 286 49 14164 8179 0 -8196 14170 0
tilt_back_30deg 287 -94 14145 8152 0 -8191 14166 0
tilt_back_30deg 288 79 14176 8143 0 -8185 14167 0
tilt_back_30deg 289 5 14177 8216 0 -8189 14168 0
tilt_back_30deg 290 32 14212 8206 0 -8192 14173 0
tilt_back_30deg 291 97 14265 8199 0 -8193 14184 0
tilt_back_30deg 292 20 14271 8177 0 -8191 14194 0
tilt_back_30deg 293 64 14194 8185 0 -8191 14194 0
tilt_back_30deg 294 17 14107 8242 0 -8198 14183 0
tilt_back_30deg 295 81 14188 8211 0 -8200 14183 0
tilt_back_30deg 296 68 14187 8234 0 -8205 14183 0
tilt_back_30deg 297 -9 14143 8079 0 -8190 14178 0
tilt_back_30deg 298 19 14173 8210 0 -8193 14177 0
tilt_back_30deg 299 -35 14211 8143 0 -8187 14181 0
tilt_back_30deg 300 -108 14051 8118 0 -8179 14164 0
tilt_back_30deg 301 20 14173 8288 0 -8193 14165 0
tilt_back_30deg 302 59 14283 8195 0 -8194 14179 0
tilt_back_30deg 303 -49 14182 8180 0 -8193 14179 0
tilt_back_30deg 304 29 14227 8167 0 -8190 14185 0
tilt_back_30deg 305 -26 14266 8254 0 -8198 14195 0
tilt_back_30deg 306 71 14191 8218 0 -8201 14194 0
tilt_back_30deg 307 81 14186 8111 0 -8190 14193 0
tilt_back_30deg 308 -68 14141 8190 0 -8190 14186 0
tilt_back_30deg 309 -5 14161 8173 0 -8188 14182 0
tilt_back_30deg 310 -49 14138 8194 0 -8189 14176 0
tilt_back_30deg 311 -7 14191 8168 0 -8187 14177 0
tilt_back_30deg 312 -5 14226 8212 0 -8191 14183 0
tilt_back_30deg 313 21 14215 8177 0 -8190 14187 0
tilt_back_30deg 314 -22 14156 8133 0 -8183 14183 0
tilt_back_30deg 315 -61 14222 8140 0 -8178 14187 0
tilt_back_30deg 316 -30 14210 8190 0 -8180 14189 0
tilt_back_30deg 317 83 14146 8133 0 -8175 14183 0
tilt_back_30deg 318 45 14183 8204 0 -8179 14183 0
tilt_back_30deg 319 107 14236 8201 0 -8182 14189 0
tilt_back_30deg 320 79 14159 8173 0 -8181 14185 0
tilt_back_30deg 321 -28 14183 8212 0 -8185 14184 0
tilt_back_30deg 322 5 14175 8228 0 -8191 14182 0
tilt_back_30deg 323 28 14163 8152 0 -8187 14179 0
tilt_back_30deg 324 66 14118 8213 0 -8191 14171 0
tilt_back_30deg 325 -38 14122 8191 0 -8191 14164 0
tilt_back_30deg 326 30 14152 8141 0 -8185 14162 0
tilt_back_30deg 327 62 14180 8256 0 -8194 14164 0
tilt_back_30deg 328 -53 14237 8100 0 -8183 14173 0
tilt_back_30deg 329 35 14176 8245 0 -8191 14173 0
tilt_back_30deg 330 -59 14157 8140 0 -8185 14171 0
tilt_back_30deg 331 29 14225 8231 0 -8191 14177 0
tilt_back_30deg 332 -15 14220 8281 0 -8203 14182 0
tilt_back_30deg 333 -10 14221 8218 0 -8205 14186 0
tilt_back_30deg 334 -13 14193 8330 0 -8221 14186 0
tilt_back_30deg 335 66 14277 8166 0 -8215 14197 0
tilt_back_30deg 336 38 14178 8235 0 -8218 14194 0
tilt_back_30deg 337 -50 14214 8117 0 -8206 14196 0
tilt_back_30deg 338 -7 14221 8145 0 -8199 14199 0
tilt_back_30deg 339 -37 14204 8285 0 -8210 14199 0
tilt_back_30deg 340 53 14255 8197 0 -8209 14206 0
tilt_back_30deg 341 -48 14104 8217 0 -8210 14193 0
tilt_back_30deg 342 1 14156 8177 0 -8206 14188 0
tilt_back_30deg 343 91 14212 8137 0 -8198 14191 0
tilt_back_30deg 344 18 14247 8140 0 -8191 14198 0
tilt_back_30deg 345 12 14149 8233 0 -8197 14191 0
tilt_back_30deg 346 38 14171 8239 0 -8203 14188 0
tilt_back_30deg 347 -72 14124 8136 0 -8195 14180 0
tilt_back_30deg 348 -63 14149 8150 0 -8190 14176 0
tilt_back_30deg 349 64 14120 8194 0 -8191 14169 0
tilt_back_30deg 350 -11 14280 8289 0 -8204 14182 0
tilt_back_30deg 351 -28 14302 8204 0 -8204 14197 0
tilt_back_30deg 352 53 14209 8176 0 -8201 14198 0
tilt_back_30deg 353 24 14223 8150 0 -8195 14201 0
tilt_back_30deg 354 -25 14208 8190 0 -8195 14201 0
tilt_back_30deg 355 10 14238 8225 0 -8199 14205 0
tilt_back_30deg 356 33 14207 8191 0 -8198 14205 0
tilt_back_30deg 357 -20 14216 8175 0 -8196 14206 0
tilt_back_30deg 358 56 14170 8245 0 -8203 14201 0
tilt_back_30deg 359 -14 14175 8230 0 -8207 14197 0
tilt_back_30deg 360 -81 14248 8234 0 -8211 14203 0
tilt_back_30deg 361 32 14218 8265 0 -8218 14204 0
tilt_back_30deg 362 46 14212 8164 0 -8212 14205 0
tilt_back_30deg 363 83 14212 8155 0 -8205 14205 0
tilt_back_30deg 364 -23 14192 8173 0 -8201 14203 0
tilt_back_30deg 365 -81 14191 8226 0 -8205 14201 0
tilt_back_30deg 366 23 14203 8226 0 -8208 14201 0
tilt_back_30deg 367 54 14165 8222 0 -8210 14196 0
tilt_back_30deg 368 28 14264 8177 0 -8206 14204 0
tilt_back_30deg 369 49 14140 8212 0 -8207 14196 0
tilt_back_30deg 370 37 14182 8168 0 -8203 14194 0
tilt_back_30deg 371 19 14164 8194 0 -8202 14190 0
tilt_back_30deg 372 6 14176 8166 0 -8198 14188 0
tilt_back_30deg 373 -57 14287 8231 0 -8203 14200 0
tilt_back_30deg 374 -27 14238 8192 0 -8202 14204 0
tilt_back_30deg 375 7 14171 8175 0 -8199 14199 0
tilt_back_30deg 376 -25 14176 8246 0 -8205 14196 0
tilt_back_30deg 377 56 14105 8229 0 -8208 14184 0
tilt_back_30deg 378 33 14244 8234 0 -8212 14191 0
tilt_back_30deg 379 -40 14202 8261 0 -8219 14192 0
tilt_back_30deg 380 -37 14100 8191 0 -8216 14180 0
tilt_back_30deg 381 83 14231 8170 0 -8211 14186 0
tilt_back_30deg 382 -45 14192 8158 0 -8205 14186 0
tilt_back_30deg 383 46 14204 8090 0 -8191 14188 0
tilt_back_30deg 384 6 14109 8200 0 -8193 14178 0
tilt_back_30deg 385 -48 14124 8207 0 -8195 14171 0
tilt_back_30deg 386 -10 14163 8184 0 -8194 14170 0
tilt_back_30deg 387 -42 14142 8229 0 -8199 14166 0
tilt_back_30deg 388 47 14152 8187 0 -8198 14164 0
tilt_back_30deg 389 60 14110 8184 0 -8197 14157 0
tilt_back_30deg 390 -36 14282 8282 0 -8208 14172 0
tilt_back_30deg 391 -54 14259 8190 0 -8206 14182 0
tilt_back_30deg 392 43 14287 8195 0 -8205 14195 0
tilt_back_30deg 393 -30 14141 8227 0 -8208 14188 0
tilt_back_30deg 394 -89 14170 8183 0 -8205 14185 0
tilt_back_30deg 395 19 14182 8208 0 -8206 14184 0
tilt_back_30deg 396 -60 14232 8222 0 -8208 14190 0
tilt_back_30deg 397 49 14200 8227 0 -8211 14191 0
tilt_back_30deg 398 50 14164 8329 0 -8226 14187 0
tilt_back_30deg 399 50 14119 8227 0 -8227 14178 0
tilt_back_30deg 400 12 14295 8283 0 -8234 14192 0
tilt_back_30deg 401 -85 14134 8258 0 -8237 14184 0
tilt_back_30deg 402 4 14207 8181 0 -8230 14186 0
tilt_back_30deg 403 -42 14235 8210 0 -8228 14192 0
tilt_back_30deg 404 78 14111 8183 0 -8223 14181 0
tilt_back_30deg 405 -4 14186 8223 0 -8223 14181 0
tilt_back_30deg 406 -10 14147 8152 0 -8215 14176 0
tilt_back_30deg 407 17 14239 8211 0 -8215 14183 0
tilt_back_30deg 408 5 14277 8271 0 -8222 14194 0
tilt_back_30deg 409 4 14254 8209 0 -8221 14201 0
tilt_back_30deg 410 -2 14225 8154 0 -8213 14204 0
tilt_back_30deg 411 -48 14116 8199 0 -8212 14193 0
tilt_back_30deg 412 61 14206 8155 0 -8205 14194 0
tilt_back_30deg 413 -3 14180 8206 0 -8206 14192 0
tilt_back_30deg 414 -32 14261 8258 0 -8213 14200 0
tilt_back_30deg 415 22 14123 8189 0 -8210 14190 0
tilt_back_30deg 416 34 14135 8192 0 -8208 14183 0
tilt_back_30deg 417 48 14094 8248 0 -8213 14171 0
tilt_back_30deg 418 -22 14214 8149 0 -8205 14176 0
tilt_back_30deg 419 -5 14177 8212 0 -8206 14176 0
tilt_back_30deg 420 1 14194 8289 0 -8217 14178 0
tilt_back_30deg 421 -17 14369 7869 0 -8174 14201 0
tilt_back_30deg 422 74 14562 7489 0 -8089 14246 0
tilt_back_30deg 423 43 14725 7104 0 -7966 14305 0
tilt_back_30deg 424 -16 14933 6719 0 -7811 14383 0
tilt_back_30deg 425 73 15235 6167 0 -7606 14489 0
tilt_back_30deg 426 49 15302 5843 0 -7386 14590 0
tilt_back_30deg 427 -41 15576 5525 0 -7154 14713 0
tilt_back_30deg 428 -28 15645 5147 0 -6904 14829 0
tilt_back_30deg 429 -21 15655 4755 0 -6636 14932 0
tilt_back_30deg 430 -9 15795 4221 0 -6335 15039 0
tilt_back_30deg 431 -7 15925 3860 0 -6026 15149 0
tilt_back_30deg 432 -18 16029 3494 0 -5710 15259 0
tilt_back_30deg 433 -42 16099 3035 0 -5376 15364 0
tilt_back_30deg 434 -22 16194 2643 0 -5035 15467 0
tilt_back_30deg 435 56 16327 2189 0 -4680 15574 0
tilt_back_30deg 436 41 16297 1700 0 -4308 15664 0
tilt_back_30deg 437 90 16302 1229 0 -3924 15743 0
tilt_back_30deg 438 -30 16356 902 0 -3547 15819 0
tilt_back_30deg 439 -54 16301 356 0 -3149 15879 0
tilt_back_30deg 440 72 16397 -17 0 -2754 15943 0
tilt_back_30deg 441 119 16390 41 0 -2415 15998 0
tilt_back_30deg 442 91 16440 12 0 -2115 16053 0
tilt_back_30deg 443 -18 16378 12 0 -1853 16093 0
tilt_back_30deg 444 36 16297 13 0 -1623 16118 0
tilt_back_30deg 445 88 16322 70 0 -1429 16143 0
tilt_back_30deg 446 -19 16345 9 0 -1252 16168 0
tilt_back_30deg 447 -2 16429 13 0 -1098 16200 0
tilt_back_30deg 448 17 16367 -113 0 -947 16220 0
tilt_back_30deg 449 -34 16299 30 0 -833 16229 0
tilt_back_30deg 450 42 16417 -29 0 -726 16252 0
tilt_back_30deg 451 20 16367 10 0 -637 16266 0
tilt_back_30deg 452 15 16392 52 0 -564 16281 0
tilt_back_30deg 453 -103 16340 47 0 -500 16288 0
tilt_back_30deg 454 -14 16389 -86 0 -427 16300 0
tilt_back_30deg 455 24 16394 -9 0 -373 16311 0
tilt_back_30deg 456 38 16393 9 0 -328 16321 0
tilt_back_30deg 457 10 16355 115 0 -302 16325 0
tilt_back_30deg 458 52 16474 56 0 -272 16343 0
tilt_back_30deg 459 18 16355 11 0 -240 16344 0
tilt_back_30deg 460 13 16391 -48 0 -204 16349 0
tilt_back_30deg 461 -9 16398 -64 0 -171 16355 0
tilt_back_30deg 462 -3 16303 8 0 -151 16348 0
tilt_back_30deg 463 23 16416 -81 0 -122 16356 0
tilt_back_30deg 464 42 16331 80 0 -117 16352 0
tilt_back_30deg 465 23 16399 9 0 -104 16357 0
tilt_back_30deg 466 33 16283 -24 0 -88 16347 0
tilt_back_30deg 467 -26 16401 29 0 -81 16353 0
tilt_back_30deg 468 -76 16428 -67 0 -63 16362 0
tilt_back_30deg 469 -57 16285 -15 0 -54 16352 0
tilt_back_30deg 470 -58 16389 47 0 -54 16356 0
tilt_back_30deg 471 -21 16350 140 0 -65 16355 0
tilt_back_30deg 472 97 16357 1 0 -57 16355 0
tilt_back_30deg 473 34 16436 9 0 -51 16365 0
tilt_back_30deg 474 -60 16376 3 0 -45 16366 0
tilt_back_30deg 475 62 16439 44 0 -45 16375 0
tilt_back_30deg 476 -15 16397 35 0 -44 16377 0
tilt_back_30deg 477 60 16374 15 0 -41 16376 0
tilt_back_30deg 478 13 16435 1 0 -36 16383 0
tilt_back_30deg 479 -59 16450 116 0 -46 16391 0
tilt_back_30deg 480 -58 16430 -26 0 -37 16395 0
tilt_back_30deg 481 62 16332 -58 0 -26 16387 0
tilt_back_30deg 482 -106 16393 55 0 -30 16387 0
tilt_back_30deg 483 -69 16391 6 0 -27 16387 0
tilt_back_30deg 484 16 16345 -25 0 -21 16381 0
tilt_back_30deg 485 -48 16367 66 0 -27 16379 0
tilt_back_30deg 486 14 16387 81 0 -34 16380 0
tilt_back_30deg 487 19 16324 47 0 -36 16373 0
tilt_back_30deg 488 -1 16395 104 0 -45 16375 0
tilt_back_30deg 489 -1 16360 -14 0 -38 16373 0
tilt_back_30deg 490 24 16381 128 0 -50 16374 0
tilt_back_30deg 491 18 16385 11 0 -46 16375 0
tilt_back_30deg 492 28 16345 -41 0 -36 16371 0
tilt_back_30deg 493 -44 16403 11 0 -33 16375 0
tilt_back_30deg 494 121 16355 -24 0 -26 16372 0
tilt_back_30deg 495 -1 16316 -29 0 -20 16365 0
tilt_back_30deg 496 122 16382 60 0 -25 16367 0
tilt_back_30deg 497 -18 16291 5 0 -23 16357 0
tilt_back_30deg 498 78 16324 -10 0 -19 16352 0
tilt_back_30deg 499 -4 16446 -42 0 -12 16363 0
tilt_back_30deg 500 -49 16379 58 0 -18 16365 0
tilt_back_30deg 501 19 16374 -34 0 -12 16366 0
tilt_back_30deg 502 69 16403 -11 0 -10 16370 0
tilt_back_30deg 503 -28 16399 93 0 -21 16373 0
tilt_back_30deg 504 1 16337 -18 0 -17 16368 0
tilt_back_30deg 505 -35 16338 17 0 -17 16364 0
tilt_back_30deg 506 85 16406 108 0 -29 16369 0
tilt_back_30deg 507 -21 16344 -89 0 -15 16365 0
tilt_back_30deg 508 -33 16378 -38 0 -9 16366 0
tilt_back_30deg 509 7 16411 19 0 -11 16371 0
tilt_back_30deg 510 -86 16332 -33 0 -6 16366 0
tilt_back_30deg 511 -10 16323 0 0 -6 16360 0
tilt_back_30deg 512 -78 16381 21 0 -8 16362 0
tilt_back_30deg 513 16 16391 -14 0 -6 16365 0
tilt_back_30deg 514 -26 16399 -11 0 -4 16369 0
tilt_back_30deg 515 -78 16374 41 0 -9 16369 0
tilt_back_30deg 516 -71 16425 -12 0 -7 16376 0
tilt_back_30deg 517 82 16384 45 0 -12 16377 0
tilt_back_30deg 518 45 16341 15 0 -13 16372 0
tilt_back_30deg 519 27 16408 -30 0 -8 16376 0
tilt_back_30deg 520 -150 16397 46 0 -13 16378 0
tilt_back_30deg 521 -28 16318 52 0 -18 16370 0
tilt_back_30deg 522 -10 16263 5 0 -17 16356 0
tilt_back_30deg 523 -67 16312 95 0 -27 16350 0
tilt_back_30deg 524 17 16465 -4 0 -24 16364 0
tilt_back_30deg 525 19 16425 36 0 -26 16371 0
tilt_back_30deg 526 133 16357 -12 0 -22 16369 0
tilt_back_30deg 527 18 16424 5 0 -20 16375 0
tilt_back_30deg 528 8 16444 -52 0 -11 16383 0
tilt_back_30deg 529 -10 16391 -24 0 -7 16384 0
tilt_back_30deg 530 7 16437 24 0 -10 16390 0
tilt_back_30deg 531 25 16334 3 0 -10 16383 0
tilt_back_30deg 532 -20 16347 -5 0 -9 16378 0
tilt_back_30deg 533 -13 16371 -20 0 -6 16377 0
tilt_back_30deg 534 -5 16514 45 0 -11 16394 0
tilt_back_30deg 535 -39 16453 -3 0 -10 16401 0
tilt_back_30deg 536 -70 16445 64 0 -17 16406 0
tilt_back_30deg 537 -44 16399 25 0 -18 16405 0
tilt_back_30deg 538 -93 16454 9 0 -17 16411 0
tilt_back_30deg 539 -85 16346 21 0 -18 16402 0
dash_plus_brake 0 -9 16329 17 0 -3 2041 0
dash_plus_brake 1 -18 16412 86 0 -14 3837 0
dash_plus_brake 2 50 16443 1 0 -13 5412 0
dash_plus_brake 3 -4 16413 72 0 -21 6787 0
dash_plus_brake 4 -64 16335 48 0 -25 7980 0
dash_plus_brake 5 -100 16481 -38 0 -18 9042 0
dash_plus_brake 6 24 16381 23 0 -19 9959 0
dash_plus_brake 7 13 16366 -3 0 -17 10759 0
dash_plus_brake 8 53 16452 44 0 -21 11470 0
dash_plus_brake 9 -14 16346 -28 0 -15 12079 0
dash_plus_brake 10 -92 16357 41 0 -19 12613 0
dash_plus_brake 11 28 16351 60 0 -25 13080 0
dash_plus_brake 12 10 16413 -8 0 -21 13496 0
dash_plus_brake 13 86 16400 -5 0 -18 13859 0
dash_plus_brake 14 -74 16448 -37 0 -12 14182 0
dash_plus_brake 15 -44 16371 -10 0 -10 14455 0
dash_plus_brake 16 36 16390 19 0 -12 14696 0
dash_plus_brake 17 -16 16398 -16 0 -9 14908 0
dash_plus_brake 18 63 16374 -15 0 -6 15091 0
dash_plus_brake 19 44 16389 -1 0 -6 15253 0
dash_plus_brake 20 -54 16381 -65 0 2 15394 0
dash_plus_brake 21 -31 16356 -40 0 6 15514 0
dash_plus_brake 22 41 16387 -18 0 7 15623 0
dash_plus_brake 23 -24 16338 71 0 -3 15712 0
dash_plus_brake 24 42 16458 94 0 -15 15805 0
dash_plus_brake 25 27 16408 -29 0 -10 15880 0
dash_plus_brake 26 29 16313 5 0 -10 15934 0
dash_plus_brake 27 3 16346 28 0 -13 15985 0
dash_plus_brake 28 64 16458 -109 0 2 16044 0
dash_plus_brake 29 -42 16445 51 0 -5 16094 0
dash_plus_brake 30 -60 16396 79 0 -15 16131 0
dash_plus_brake 31 43 16391 -63 0 -6 16163 0
dash_plus_brake 32 -19 16356 10 0 -7 16187 0
dash_plus_brake 33 56 16468 121 0 -22 16222 0
dash_plus_brake 34 -24 16498 38 0 -24 16256 0
dash_plus_brake 35 5 16322 -15 0 -20 16264 0
dash_plus_brake 36 -16 16352 -9 0 -17 16275 0
dash_plus_brake 37 54 16396 51 0 -22 16290 0
dash_plus_brake 38 69 16297 26 0 -23 16290 0
dash_plus_brake 39 61 16375 23 0 -23 16300 0
dash_plus_brake 40 10 16423 10 0 -22 16315 0
dash_plus_brake 41 7 16355 18 0 -22 16320 0
dash_plus_brake 42 13 16361 28 0 -23 16325 0
dash_plus_brake 43 -112 16495 -76 0 -11 16346 0
dash_plus_brake 44 1 16351 71 0 -19 16346 0
dash_plus_brake 45 73 16362 1 0 -17 16348 0
dash_plus_brake 46 -7 16386 31 0 -19 16352 0
dash_plus_brake 47 55 16425 -100 0 -5 16361 0
dash_plus_brake 48 -34 16339 -35 0 0 16358 0
dash_plus_brake 49 33 16384 118 0 -15 16361 0
dash_plus_brake 50 53 16405 2 0 -14 16366 0
dash_plus_brake 51 38 16382 -63 0 -5 16368 0
dash_plus_brake 52 -25 16380 18 0 -7 16369 0
dash_plus_brake 53 -48 16415 108 0 -20 16374 0
dash_plus_brake 54 -58 16344 -58 0 -11 16370 0
dash_plus_brake 55 25 16360 -75 0 -1 16368 0
dash_plus_brake 56 56 16369 17 0 -3 16368 0
dash_plus_brake 57 -16 16472 -58 0 4 16381 0
dash_plus_brake 58 -60 16397 -88 0 14 16383 0
dash_plus_brake 59 -39 16315 85 0 1 16374 0
dash_plus_brake 60 -6 16345 7 0 0 16370 0
dash_plus_brake 61 -61 16346 89 0 -12 16367 0
dash_plus_brake 62 7 16409 -27 0 -8 16372 0
dash_plus_brake 63 -3 16382 29 0 -11 16373 0
dash_plus_brake 64 -9 16398 -30 0 -6 16376 0
dash_plus_brake 65 4 16420 62 0 -13 16381 0
dash_plus_brake 66 4 16443 -53 0 -5 16388 0
dash_plus_brake 67 -10 16335 40 0 -10 16381 0
dash_plus_brake 68 39 16314 0 0 -9 16372 0
dash_plus_brake 69 -3 16331 6 0 -9 16366 0
dash_plus_brake 70 28 16356 -76 0 1 16364 0
dash_plus_brake 71 78 16384 36 0 -4 16366 0
dash_plus_brake 72 -67 16329 -129 0 12 16361 0
dash_plus_brake 73 5 16327 -7 0 11 16356 0
dash_plus_brake 74 -6 16396 -30 0 13 16361 0
dash_plus_brake 75 -152 16377 -51 0 17 16363 0
dash_plus_brake 76 -41 16399 -67 0 23 16367 0
dash_plus_brake 77 9 16328 87 0 9 16362 0
dash_plus_brake 78 12 16317 14 0 6 16356 0
dash_plus_brake 79 -59 16559 29 0 1 16381 0
dash_plus_brake 80 80 16313 34 0 -4 16372 0
dash_plus_brake 81 -130 16379 57 0 -11 16372 0
dash_plus_brake 82 -32 16341 -66 0 -2 16368 0
dash_plus_brake 83 -30 16391 -44 0 3 16370 0
dash_plus_brake 84 -116 16433 33 0 -2 16377 0
dash_plus_brake 85 -34 16363 -71 0 7 16375 0
dash_plus_brake 86 -93 16338 59 0 -2 16370 0
dash_plus_brake 87 -23 16381 23 0 -5 16371 0
dash_plus_brake 88 -22 16379 -14 0 -3 16372 0
dash_plus_brake 89 -49 16392 -40 0 2 16374 0
dash_plus_brake 90 43 16389 9 0 0 16375 0
dash_plus_brake 91 30 16452 40 0 -5 16384 0
dash_plus_brake 92 14 16368 39 0 -10 16382 0
dash_plus_brake 93 -28 16339 -50 0 -3 16376 0
dash_plus_brake 94 64 16486 42 0 -8 16389 0
dash_plus_brake 95 -20 16406 -78 0 2 16391 0
dash_plus_brake 96 -12 16367 7 0 0 16388 0
dash_plus_brake 97 -19 16391 23 0 -3 16388 0
dash_plus_brake 98 11 16360 34 0 -7 16384 0
dash_plus_brake 99 -41 16399 -20 0 -4 16385 0
dash_plus_brake 100 13 16348 13 0 -6 16380 0
dash_plus_brake 101 11 16348 -278 0 29 16376 0
dash_plus_brake 102 22 16326 -530 0 91 16369 0
dash_plus_brake 103 37 16344 -832 0 183 16365 0
dash_plus_brake 104 48 16346 -1108 0 298 16362 0
dash_plus_brake 105 -12 16262 -1380 0 433 16349 0
dash_plus_brake 106 -20 16199 -1678 0 588 16330 0
dash_plus_brake 107 76 16264 -2015 0 766 16321 0
dash_plus_brake 108 75 16263 -2165 0 940 16313 0
dash_plus_brake 109 -84 16162 -2591 0 1146 16294 0
dash_plus_brake 110 55 16113 -2928 0 1368 16271 0
dash_plus_brake 111 21 16090 -3208 0 1598 16248 0
dash_plus_brake 112 4 15954 -3476 0 1832 16211 0
dash_plus_brake 113 0 15945 -3663 0 2060 16177 0
dash_plus_brake 114 62 15817 -4050 0 2308 16132 0
dash_plus_brake 115 12 15737 -4299 0 2556 16082 0
dash_plus_brake 116 -7 15794 -4515 0 2800 16046 0
dash_plus_brake 117 -73 15696 -4779 0 3047 16002 0
dash_plus_brake 118 17 15512 -5061 0 3298 15940 0
dash_plus_brake 119 -4 15467 -5365 0 3556 15880 0
dash_plus_brake 120 -88 15351 -13731 0 4827 15813 0
dash_plus_brake 121 17 15358 -13848 0 5954 15756 0
dash_plus_brake 122 18 15402 -13689 0 6920 15711 0
dash_plus_brake 123 3 15427 -13865 0 7788 15675 0
dash_plus_brake 124 -55 15310 -13844 0 8545 15629 0
dash_plus_brake 125 32 15377 -13853 0 9208 15597 0
dash_plus_brake 126 -5 15380 -13753 0 9776 15569 0
dash_plus_brake 127 37 15326 -13761 0 10274 15538 0
dash_plus_brake 128 -1 15369 -13821 0 10717 15516 0
dash_plus_brake 129 52 15333 -13774 0 11099 15493 0
dash_plus_brake 130 80 15425 -13723 0 11427 15484 0
dash_plus_brake 131 -70 15404 -13783 0 11721 15474 0
dash_plus_brake 132 -7 15375 -13735 0 11972 15461 0
dash_plus_brake 133 -17 15365 -13847 0 12206 15449 0
dash_plus_brake 134 -46 15385 -13763 0 12400 15441 0
dash_plus_brake 135 -33 15351 -13812 0 12576 15429 0
dash_plus_brake 136 76 15413 -13733 0 12720 15427 0
dash_plus_brake 137 72 15389 -13773 0 12851 15422 0
dash_plus_brake 138 -73 15357 -13812 0 12971 15413 0
dash_plus_brake 139 18 15320 -13732 0 13066 15401 0
dash_plus_brake 140 98 15402 -13704 0 13145 15401 0
dash_plus_brake 141 -1 15279 -13766 0 13222 15385 0
dash_plus_brake 142 -11 15463 -13823 0 13297 15394 0
dash_plus_brake 143 19 15396 -13806 0 13360 15394 0
dash_plus_brake 144 -107 15377 -13856 0 13422 15391 0
dash_plus_brake 145 70 15374 -13784 0 13467 15388 0
dash_plus_brake 146 119 15484 -13816 0 13510 15400 0
dash_plus_brake 147 -40 15491 -13865 0 13554 15411 0
dash_plus_brake 148 85 15301 -13729 0 13575 15397 0
dash_plus_brake 149 -5 15393 -13803 0 13603 15396 0
dash_plus_brake 150 -78 15328 -13852 0 13634 15387 0
dash_plus_brake 151 44 15385 -13808 0 13655 15386 0
dash_plus_brake 152 86 15422 -13759 0 13668 15390 0
dash_plus_brake 153 81 15442 -13845 0 13690 15396 0
dash_plus_brake 154 44 15419 -13773 0 13700 15398 0
dash_plus_brake 155 87 15403 -13760 0 13707 15398 0
dash_plus_brake 156 -41 15371 -13858 0 13725 15394 0
dash_plus_brake 157 3 15353 -13804 0 13734 15388 0
dash_plus_brake 158 -53 15313 -13784 0 13740 15378 0
dash_plus_brake 159 -40 15394 -13874 0 13756 15380 0
dash_plus_brake 160 9 15349 -13790 0 13760 15376 0
dash_plus_brake 161 -47 15449 -13880 0 13775 15385 0
dash_plus_brake 162 -73 15422 -13768 0 13774 15389 0
dash_plus_brake 163 -30 15351 -13787 0 13775 15384 0
dash_plus_brake 164 76 15331 -13807 0 13779 15377 0
dash_plus_brake 165 -1 15353 -13726 0 13772 15374 0
dash_plus_brake 166 46 15371 -13883 0 13785 15373 0
dash_plus_brake 167 62 15402 -13707 0 13775 15376 0
dash_plus_brake 168 38 15425 -13790 0 13776 15382 0
dash_plus_brake 169 7 15422 -13737 0 13771 15387 0
dash_plus_brake 170 -31 15432 -13831 0 13778 15392 0
dash_plus_brake 171 -4 15378 -13682 0 13766 15390 0
dash_plus_brake 172 43 15434 -13837 0 13774 15395 0
dash_plus_brake 173 -78 15477 -13795 0 13776 15405 0
dash_plus_brake 174 -40 15421 -13787 0 13777 15407 0
dash_plus_brake 175 63 15475 -13831 0 13783 15415 0
dash_plus_brake 176 33 15416 -13758 0 13779 15415 0
dash_plus_brake 177 77 15371 -13809 0 13782 15409 0
dash_plus_brake 178 43 15446 -13883 0 13794 15413 0
dash_plus_brake 179 -35 15363 -13849 0 13800 15406 0
dash_plus_brake 180 65 15417 -13785 0 13798 15407 0
dash_plus_brake 181 33 15483 -13788 0 13796 15416 0
dash_plus_brake 182 110 15460 -13805 0 13797 15421 0
dash_plus_brake 183 24 15429 -13752 0 13791 15422 0
dash_plus_brake 184 25 15446 -13761 0 13787 15425 0
dash_plus_brake 185 78 15378 -13792 0 13787 15419 0
dash_plus_brake 186 27 15404 -13836 0 13793 15417 0
dash_plus_brake 187 -46 15418 -13706 0 13782 15417 0
dash_plus_brake 188 -24 15399 -13852 0 13790 15414 0
dash_plus_brake 189 -36 15355 -13809 0 13792 15406 0
dash_plus_brake 190 -41 15475 -13773 0 13789 15414 0
dash_plus_brake 191 8 15398 -13827 0 13793 15412 0
dash_plus_brake 192 -15 15324 -13823 0 13796 15401 0
dash_plus_brake 193 -1 15372 -13834 0 13800 15397 0
dash_plus_brake 194 51 15357 -13798 0 13799 15392 0
dash_plus_brake 195 22 15314 -13783 0 13797 15382 0
dash_plus_brake 196 -6 15300 -13732 0 13788 15371 0
dash_plus_brake 197 -18 15420 -13764 0 13785 15377 0
dash_plus_brake 198 29 15418 -13845 0 13792 15382 0
dash_plus_brake 199 -12 15291 -13834 0 13797 15370 0
dash_plus_brake 200 14 15385 -13727 0 13788 15371 0
dash_plus_brake 201 -5 15425 -13786 0 13787 15377 0
dash_plus_brake 202 -74 15325 -13874 0 13797 15370 0
dash_plus_brake 203 82 15310 -13775 0 13794 15362 0
dash_plus_brake 204 -87 15436 -13833 0 13798 15371 0
dash_plus_brake 205 31 15413 -13822 0 13801 15376 0
dash_plus_brake 206 100 15407 -13822 0 13803 15379 0
dash_plus_brake 207 -61 15449 -13789 0 13801 15387 0
dash_plus_brake 208 77 15488 -13799 0 13800 15399 0
dash_plus_brake 209 -11 15407 -13794 0 13799 15400 0
dash_plus_brake 210 -21 15359 -13788 0 13797 15394 0
dash_plus_brake 211 -23 15406 -13743 0 13790 15395 0
dash_plus_brake 212 43 15413 -13789 0 13789 15397 0
dash_plus_brake 213 6 15362 -13749 0 13784 15392 0
dash_plus_brake 214 -53 15331 -13760 0 13781 15384 0
dash_plus_brake 215 -12 15399 -13766 0 13779 15385 0
dash_plus_brake 216 2 15352 -13772 0 13778 15380 0
dash_plus_brake 217 84 15365 -13877 0 13790 15378 0
dash_plus_brake 218 -21 15406 -13712 0 13780 15381 0
dash_plus_brake 219 6 15286 -13774 0 13779 15369 0
dash_plus_brake 220 1 15339 -13739 0 13774 15365 0
dash_plus_brake 221 3 15337 -13770 0 13773 15361 0
dash_plus_brake 222 -22 15352 -13782 0 13774 15359 0
dash_plus_brake 223 74 15459 -13770 0 13773 15371 0
dash_plus_brake 224 -107 15379 -13788 0 13774 15372 0
dash_plus_brake 225 49 15358 -13751 0 13771 15370 0
dash_plus_brake 226 81 15426 -13781 0 13772 15377 0
dash_plus_brake 227 19 15397 -13821 0 13778 15379 0
dash_plus_brake 228 18 15434 -13804 0 13781 15385 0
dash_plus_brake 229 -36 15455 -13738 0 13775 15393 0
dash_plus_brake 230 10 15376 -13822 0 13780 15390 0
dash_plus_brake 231 -14 15360 -13750 0 13776 15386 0
dash_plus_brake 232 31 15372 -13889 0 13790 15384 0
dash_plus_brake 233 124 15309 -13780 0 13788 15374 0
dash_plus_brake 234 -51 15349 -13779 0 13786 15370 0
dash_plus_brake 235 -27 15312 -13834 0 13792 15362 0
dash_plus_brake 236 61 15420 -13848 0 13799 15369 0
dash_plus_brake 237 -1 15317 -13822 0 13801 15362 0
dash_plus_brake 238 38 15429 -13795 0 13800 15370 0
dash_plus_brake 239 -36 15350 -13775 0 13796 15367 0
dash_plus_brake 240 48 15454 -13748 0 13790 15377 0
dash_plus_brake 241 -38 15451 -13841 0 13796 15386 0
dash_plus_brake 242 80 15400 -13786 0 13794 15387 0
dash_plus_brake 243 23 15331 -13739 0 13787 15380 0
dash_plus_brake 244 -45 15403 -13844 0 13794 15382 0
dash_plus_brake 245 -25 15426 -13828 0 13798 15387 0
dash_plus_brake 246 -20 15440 -13832 0 13802 15393 0
dash_plus_brake 247 -98 15433 -13836 0 13806 15398 0
dash_plus_brake 248 -67 15381 -13710 0 13794 15395 0
dash_plus_brake 249 -114 15438 -13853 0 13801 15400 0
dash_plus_brake 250 -14 15420 -13775 0 13797 15402 0
dash_plus_brake 251 -16 15401 -13720 0 13787 15401 0
dash_plus_brake 252 39 15484 -13782 0 13786 15411 0
dash_plus_brake 253 0 15300 -13754 0 13782 15397 0
dash_plus_brake 254 101 15448 -13871 0 13793 15403 0
dash_plus_brake 255 -1 15458 -13737 0 13786 15409 0
dash_plus_brake 256 -45 15397 -13876 0 13797 15407 0
dash_plus_brake 257 -4 15361 -13837 0 13802 15401 0
dash_plus_brake 258 -32 15450 -13679 0 13786 15407 0
dash_plus_brake 259 -65 15503 -13804 0 13788 15419 0
dash_plus_brake 260 -49 15370 -13825 0 13792 15412 0
dash_plus_brake 261 -37 15444 -13773 0 13789 15416 0
dash_plus_brake 262 4 15350 -13778 0 13787 15407 0
dash_plus_brake 263 -8 15378 -13728 0 13779 15403 0
dash_plus_brake 264 18 15353 -13793 0 13780 15396 0
dash_plus_brake 265 -1 15419 -13705 0 13770 15398 0
dash_plus_brake 266 -4 15393 -13727 0 13764 15397 0
dash_plus_brake 267 -11 15300 -13798 0 13768 15384 0
dash_plus_brake 268 75 15394 -13807 0 13772 15385 0
dash_plus_brake 269 10 15323 -13753 0 13769 15377 0
dash_plus_brake 270 -22 15361 -13797 0 13772 15375 0
dash_plus_brake 271 88 15461 -13817 0 13777 15385 0
dash_plus_brake 272 9 15316 -13806 0 13780 15376 0
dash_plus_brake 273 63 15385 -13824 0 13785 15377 0
dash_plus_brake 274 -12 15385 -13811 0 13788 15378 0
dash_plus_brake 275 -76 15439 -13832 0 13793 15385 0
dash_plus_brake 276 -51 15383 -13775 0 13790 15384 0
dash_plus_brake 277 -52 15398 -13761 0 13786 15385 0
dash_plus_brake 278 47 15430 -13883 0 13798 15390 0
dash_plus_brake 279 -49 15323 -13777 0 13795 15381 0
dash_plus_brake 280 42 15404 -13782 0 13793 15383 0
dash_plus_brake 281 19 15343 -13749 0 13787 15378 0
dash_plus_brake 282 -102 15377 -13790 0 13787 15377 0
dash_plus_brake 283 -47 15445 -13844 0 13794 15385 0
dash_plus_brake 284 -67 15328 -13789 0 13793 15377 0
dash_plus_brake 285 2 15407 -13782 0 13791 15380 0
dash_plus_brake 286 -13 15461 -13738 0 13784 15390 0
dash_plus_brake 287 -4 15354 -13774 0 13782 15385 0
dash_plus_brake 288 -64 15367 -13865 0 13792 15382 0
dash_plus_brake 289 -23 15412 -13774 0 13789 15385 0
dash_plus_brake 290 -132 15429 -13816 0 13792 15390 0
dash_plus_brake 291 -6 15428 -13804 0 13793 15394 0
dash_plus_brake 292 -52 15440 -13856 0 13800 15399 0
dash_plus_brake 293 1 15342 -13704 0 13788 15391 0
dash_plus_brake 294 44 15320 -13834 0 13793 15382 0
dash_plus_brake 295 27 15351 -13826 0 13797 15378 0
dash_plus_brake 296 3 15347 -13760 0 13792 15374 0
dash_plus_brake 297 43 15406 -13872 0 13802 15378 0
dash_plus_brake 298 -58 15414 -13817 0 13803 15382 0
dash_plus_brake 299 -32 15341 -13767 0 13798 15376 0
dash_plus_brake 300 -52 15425 -13748 0 13791 15382 0
dash_plus_brake 301 -27 15359 -13841 0 13797 15379 0
dash_plus_brake 302 -11 15403 -13828 0 13800 15382 0
dash_plus_brake 303 -31 15352 -13790 0 13798 15378 0
dash_plus_brake 304 -18 15361 -13776 0 13795 15375 0
dash_plus_brake 305 -99 15336 -13780 0 13793 15370 0
dash_plus_brake 306 -21 15413 -13741 0 13786 15375 0
dash_plus_brake 307 -47 15419 -13739 0 13780 15380 0
dash_plus_brake 308 -38 15427 -13874 0 13791 15385 0
dash_plus_brake 309 93 15457 -13834 0 13796 15394 0
dash_plus_brake 310 -51 15290 -13769 0 13792 15381 0
dash_plus_brake 311 -15 15424 -13809 0 13794 15386 0
dash_plus_brake 312 -3 15417 -13799 0 13794 15389 0
dash_plus_brake 313 -14 15438 -13719 0 13784 15395 0
dash_plus_brake 314 54 15422 -13778 0 13783 15398 0
dash_plus_brake 315 -50 15422 -13741 0 13777 15401 0
dash_plus_brake 316 15 15409 -13723 0 13770 15402 0
dash_plus_brake 317 -36 15423 -13868 0 13782 15404 0
dash_plus_brake 318 -10 15269 -13768 0 13780 15387 0
dash_plus_brake 319 -82 15439 -13800 0 13782 15393 0
dash_plus_brake 320 67 15420 -5614 0 12761 15396 0
dash_plus_brake 321 -38 15419 -5335 0 11832 15398 0
dash_plus_brake 322 82 15578 -4992 0 10977 15420 0
dash_plus_brake 323 -40 15723 -4829 0 10208 15457 0
dash_plus_brake 324 26 15721 -4563 0 9502 15490 0
dash_plus_brake 325 -56 15805 -4301 0 8851 15529 0
dash_plus_brake 326 22 15911 -4010 0 8245 15576 0
dash_plus_brake 327 6 15876 -3785 0 7687 15613 0
dash_plus_brake 328 154 16041 -3424 0 7154 15666 0
dash_plus_brake 329 32 16066 -3092 0 6646 15716 0
dash_plus_brake 330 -10 16206 -2803 0 6165 15777 0
dash_plus_brake 331 22 16257 -2517 0 5709 15837 0
dash_plus_brake 332 9 16257 -2307 0 5283 15889 0
dash_plus_brake 333 -31 16285 -1871 0 4856 15938 0
dash_plus_brake 334 8 16339 -1715 0 4463 15988 0
dash_plus_brake 335 27 16371 -1460 0 4087 16035 0
dash_plus_brake 336 20 16346 -1104 0 3714 16073 0
dash_plus_brake 337 -7 16325 -812 0 3351 16104 0
dash_plus_brake 338 66 16297 -648 0 3013 16128 0
dash_plus_brake 339 139 16302 -299 0 2673 16149 0
dash_plus_brake 340 -20 16368 -33 0 2343 16176 0
dash_plus_brake 341 -4 16309 7 0 2049 16192 0
dash_plus_brake 342 -14 16343 -47 0 1798 16210 0
dash_plus_brake 343 -17 16308 -69 0 1581 16222 0
dash_plus_brake 344 88 16423 6 0 1382 16247 0
dash_plus_brake 345 23 16396 0 0 1209 16265 0
dash_plus_brake 346 0 16382 -39 0 1062 16279 0
dash_plus_brake 347 8 16395 20 0 926 16293 0
dash_plus_brake 348 -17 16392 54 0 803 16305 0
dash_plus_brake 349 -106 16408 40 0 697 16317 0
dash_plus_brake 350 -76 16395 -27 0 613 16326 0
dash_plus_brake 351 16 16363 -20 0 538 16330 0
dash_plus_brake 352 21 16410 44 0 465 16340 0
dash_plus_brake 353 -77 16424 1 0 406 16350 0
dash_plus_brake 354 -46 16323 -45 0 360 16346 0
dash_plus_brake 355 -27 16266 49 0 308 16336 0
dash_plus_brake 356 43 16299 -21 0 272 16331 0
dash_plus_brake 357 -51 16435 -23 0 240 16344 0
dash_plus_brake 358 -34 16407 30 0 206 16351 0
dash_plus_brake 359 79 16414 54 0 173 16358 0
dash_plus_brake 360 -31 16378 -48 0 157 16360 0
dash_plus_brake 361 -18 16380 14 0 135 16362 0
dash_plus_brake 362 -25 16362 40 0 113 16362 0
dash_plus_brake 363 -1 16413 95 0 87 16368 0
dash_plus_brake 364 29 16344 57 0 69 16365 0
dash_plus_brake 365 -11 16406 88 0 49 16370 0
dash_plus_brake 366 67 16443 49 0 36 16379 0
dash_plus_brake 367 -29 16397 88 0 20 16381 0
dash_plus_brake 368 -83 16386 1 0 17 16381 0
dash_plus_brake 369 -33 16361 -10 0 16 16378 0
dash_plus_brake 370 -34 16524 -50 0 20 16396 0
dash_plus_brake 371 -61 16403 69 0 8 16396 0
dash_plus_brake 372 -58 16317 -11 0 8 16386 0
dash_plus_brake 373 -8 16380 -16 0 9 16385 0
dash_plus_brake 374 -45 16439 -3 0 8 16391 0
dash_plus_brake 375 -6 16328 -48 0 13 16383 0
dash_plus_brake 376 15 16434 -77 0 21 16389 0
dash_plus_brake 377 23 16373 83 0 8 16387 0
dash_plus_brake 378 106 16369 35 0 2 16384 0
dash_plus_brake 379 -2 16437 -10 0 3 16390 0
dash_plus_brake 380 42 16378 63 0 -6 16388 0
dash_plus_brake 381 43 16351 61 0 -13 16383 0
dash_plus_brake 382 -10 16451 -32 0 -8 16391 0
dash_plus_brake 383 -10 16349 76 0 -17 16385 0
dash_plus_brake 384 -116 16406 54 0 -22 16387 0
dash_plus_brake 385 -70 16313 -64 0 -12 16377 0
dash_plus_brake 386 66 16385 -67 0 -3 16378 0
dash_plus_brake 387 -57 16376 23 0 -6 16377 0
dash_plus_brake 388 50 16347 83 0 -16 16373 0
dash_plus_brake 389 26 16385 -24 0 -11 16374 0
dash_plus_brake 390 -7 16360 98 0 -22 16372 0
dash_plus_brake 391 28 16355 -43 0 -14 16369 0
dash_plus_brake 392 -58 16459 14 0 -14 16380 0
dash_plus_brake 393 113 16371 -11 0 -11 16378 0
dash_plus_brake 394 9 16379 -90 0 1 16378 0
dash_plus_brake 395 -45 16404 69 0 -8 16381 0
dash_plus_brake 396 -31 16326 -6 0 -7 16374 0
dash_plus_brake 397 -19 16318 -30 0 -3 16367 0
dash_plus_brake 398 93 16330 2 0 -3 16362 0
dash_plus_brake 399 75 16383 -3 0 -3 16364 0
dash_plus_brake 400 10 16347 -7 0 -2 16361 0
dash_plus_brake 401 -13 16328 -37 0 2 16356 0
dash_plus_brake 402 -10 16382 -117 0 16 16359 0
dash_plus_brake 403 31 16338 89 0 2 16356 0
dash_plus_brake 404 -13 16383 -2 0 2 16359 0
dash_plus_brake 405 -20 16282 38 0 -3 16349 0
dash_plus_brake 406 -32 16366 -60 0 4 16351 0
dash_plus_brake 407 66 16390 -70 0 12 16355 0
dash_plus_brake 408 -30 16345 37 0 5 16353 0
dash_plus_brake 409 -65 16498 -54 0 11 16371 0
dash_plus_brake 410 40 16369 -1 0 9 16370 0
dash_plus_brake 411 55 16420 -18 0 10 16376 0
dash_plus_brake 412 -79 16443 100 0 -4 16384 0
dash_plus_brake 413 -79 16423 -38 0 1 16388 0
dash_plus_brake 414 60 16402 -50 0 7 16389 0
dash_plus_brake 415 -131 16433 -47 0 12 16394 0
dash_plus_brake 416 -3 16395 -44 0 16 16394 0
dash_plus_brake 417 -7 16370 -17 0 16 16391 0
dash_plus_brake 418 62 16383 54 0 7 16390 0
dash_plus_brake 419 -47 16357 -14 0 7 16385 0
dash_plus_brake 420 65 16380 10 0 4 16384 0
dash_plus_brake 421 1 16411 -50 0 9 16387 0
dash_plus_brake 422 -45 16360 15 0 6 16383 0
dash_plus_brake 423 30 16485 -46 0 11 16395 0
dash_plus_brake 424 75 16387 84 0 -1 16394 0
dash_plus_brake 425 -32 16432 67 0 -10 16398 0
dash_plus_brake 426 -57 16480 89 0 -20 16408 0
dash_plus_brake 427 42 16391 -20 0 -15 16405 0
dash_plus_brake 428 55 16302 48 0 -20 16392 0
dash_plus_brake 429 -9 16455 112 0 -32 16399 0
dash_plus_brake 430 17 16373 87 0 -39 16395 0
dash_plus_brake 431 -58 16437 -127 0 -19 16400 0
dash_plus_brake 432 -27 16360 40 0 -22 16395 0
dash_plus_brake 433 -5 16432 37 0 -24 16399 0
dash_plus_brake 434 -6 16437 59 0 -29 16403 0
dash_plus_brake 435 -19 16397 70 0 -35 16402 0
dash_plus_brake 436 14 16449 18 0 -33 16407 0
dash_plus_brake 437 63 16367 4 0 -30 16402 0
dash_plus_brake 438 9 16375 0 0 -27 16398 0
dash_plus_brake 439 8 16270 -2 0 -24 16382 0
slow_slump 0 115 16354 67 0 -9 2044 0
slow_slump 1 -93 16317 -24 0 -5 3828 0
slow_slump 2 -67 16404 -18 0 -3 5400 0
slow_slump 3 -19 16379 -31 0 1 6772 0
slow_slump 4 -8 16434 -52 0 7 7979 0
slow_slump 5 -38 16341 -86 0 16 9024 0
slow_slump 6 27 16293 -25 0 17 9932 0
slow_slump 7 -1 16446 -38 0 19 10746 0
slow_slump 8 24 16354 13 0 15 11447 0
slow_slump 9 -41 16341 -69 0 21 12058 0
slow_slump 10 38 16392 37 0 13 12599 0
slow_slump 11 -65 16360 22 0 8 13069 0
slow_slump 12 19 16356 3 0 6 13479 0
slow_slump 13 -40 16343 -96 0 17 13837 0
slow_slump 14 -1 16433 -46 0 20 14161 0
slow_slump 15 10 16411 27 0 14 14442 0
slow_slump 16 42 16372 -47 0 18 14683 0
slow_slump 17 -14 16485 -92 0 27 14908 0
slow_slump 18 -23 16432 -48 0 29 15098 0
slow_slump 19 -13 16407 -38 0 30 15261 0
slow_slump 20 -58 16333 -5 0 26 15395 0
slow_slump 21 -31 16422 26 0 19 15523 0
slow_slump 22 18 16360 -29 0 20 15627 0
slow_slump 23 -24 16391 2 0 17 15722 0
slow_slump 24 -96 16369 54 0 8 15802 0
slow_slump 25 17 16410 -82 0 17 15878 0
slow_slump 26 -5 16358 -81 0 25 15938 0
slow_slump 27 -1 16373 -32 0 25 15992 0
slow_slump 28 49 16387 60 0 14 16041 0
slow_slump 29 16 16344 34 0 8 16078 0
slow_slump 30 28 16401 -11 0 8 16118 0
slow_slump 31 32 16389 -33 0 11 16151 0
slow_slump 32 -22 16344 57 0 2 16175 0
slow_slump 33 -26 16421 81 0 -9 16205 0
slow_slump 34 21 16438 -28 0 -5 16234 0
slow_slump 35 -111 16455 -3 0 -4 16261 0
slow_slump 36 -44 16428 -32 0 0 16281 0
slow_slump 37 -9 16317 84 0 -11 16285 0
slow_slump 38 -71 16398 49 0 -16 16299 0
slow_slump 39 -23 16348 15 0 -16 16305 0
slow_slump 40 38 16437 -30 0 -11 16321 0
slow_slump 41 24 16388 35 0 -14 16329 0
slow_slump 42 1 16397 11 0 -14 16337 0
slow_slump 43 13 16381 41 0 -18 16342 0
slow_slump 44 44 16369 5 0 -17 16345 0
slow_slump 45 38 16375 -58 0 -8 16348 0
slow_slump 46 35 16422 -124 0 8 16357 0
slow_slump 47 -13 16374 82 0 -4 16359 0
slow_slump 48 38 16344 -37 0 1 16357 0
slow_slump 49 -23 16431 -30 0 4 16366 0
slow_slump 50 74 16416 -13 0 5 16372 0
slow_slump 51 28 16431 41 0 -1 16379 0
slow_slump 52 79 16413 49 0 -7 16383 0
slow_slump 53 -25 16435 -2 0 -6 16389 0
slow_slump 54 13 16350 55 0 -13 16384 0
slow_slump 55 -16 16447 94 0 -24 16391 0
slow_slump 56 -47 16363 31 0 -25 16387 0
slow_slump 57 42 16367 56 0 -29 16384 0
slow_slump 58 -3 16465 24 0 -29 16394 0
slow_slump 59 48 16387 -82 0 -16 16393 0
slow_slump 60 -42 16372 -20 0 -12 16390 0
slow_slump 61 -69 16285 7 0 -12 16376 0
slow_slump 62 71 16374 42 0 -16 16375 0
slow_slump 63 -71 16306 -10 0 -13 16366 0
slow_slump 64 76 16352 -102 0 1 16364 0
slow_slump 65 79 16388 -7 0 1 16367 0
slow_slump 66 50 16335 38 0 -4 16363 0
slow_slump 67 15 16292 -17 0 -2 16354 0
slow_slump 68 43 16396 54 0 -9 16359 0
slow_slump 69 23 16417 16 0 -10 16366 0
slow_slump 70 121 16348 -38 0 -4 16363 0
slow_slump 71 -45 16420 3 0 -4 16370 0
slow_slump 72 93 16419 -40 0 1 16376 0
slow_slump 73 -34 16336 50 0 -6 16371 0
slow_slump 74 -15 16356 2 0 -6 16369 0
slow_slump 75 19 16406 -67 0 3 16373 0
slow_slump 76 18 16386 -42 0 7 16374 0
slow_slump 77 15 16449 10 0 4 16383 0
slow_slump 78 32 16357 35 0 -1 16379 0
slow_slump 79 17 16394 22 0 -4 16380 0
slow_slump 80 30 16328 42 0 -9 16373 0
slow_slump 81 -17 16353 -6 0 -8 16370 0
slow_slump 82 22 16332 -35 0 -3 16365 0
slow_slump 83 -30 16429 27 0 -6 16373 0
slow_slump 84 -101 16397 -23 0 -3 16376 0
slow_slump 85 1 16390 -12 0 -2 16377 0
slow_slump 86 49 16331 -11 0 -1 16371 0
slow_slump 87 57 16326 -15 0 1 16365 0
slow_slump 88 12 16298 17 0 -2 16356 0
slow_slump 89 -7 16370 71 0 -11 16357 0
slow_slump 90 -50 16364 -51 0 -4 16357 0
slow_slump 91 -4 16339 1 0 -4 16354 0
slow_slump 92 -51 16317 -67 0 4 16349 0
slow_slump 93 37 16487 45 0 -3 16366 0
slow_slump 94 61 16410 -103 0 10 16371 0
slow_slump 95 21 16338 12 0 7 16366 0
slow_slump 96 139 16343 -32 0 10 16363 0
slow_slump 97 6 16384 -71 0 17 16365 0
slow_slump 98 -15 16432 86 0 4 16373 0
slow_slump 99 111 16367 2 0 3 16372 0
slow_slump 100 -17 16397 68 0 -6 16375 0
slow_slump 101 31 16323 -11 0 -4 16368 0
slow_slump 102 24 16439 -75 0 5 16376 0
slow_slump 103 61 16400 -99 0 16 16379 0
slow_slump 104 -17 16411 -163 0 34 16383 0
slow_slump 105 -25 16283 -217 0 56 16370 0
slow_slump 106 -4 16388 -36 0 53 16372 0
slow_slump 107 -3 16426 -35 0 50 16378 0
slow_slump 108 112 16391 -216 0 70 16379 0
slow_slump 109 108 16411 -164 0 81 16383 0
slow_slump 110 -40 16457 -251 0 102 16392 0
slow_slump 111 14 16384 -336 0 131 16391 0
slow_slump 112 -36 16415 -214 0 141 16394 0
slow_slump 113 28 16351 -220 0 150 16388 0
slow_slump 114 -35 16292 -327 0 172 16376 0
slow_slump 115 -64 16333 -346 0 193 16370 0
slow_slump 116 106 16380 -292 0 205 16371 0
slow_slump 117 -42 16394 -322 0 219 16373 0
slow_slump 118 -66 16373 -433 0 245 16373 0
slow_slump 119 -43 16398 -343 0 257 16376 0
slow_slump 120 -80 16428 -383 0 272 16382 0
slow_slump 121 -88 16311 -386 0 286 16373 0
slow_slump 122 -60 16404 -462 0 308 16376 0
slow_slump 123 -34 16452 -473 0 328 16385 0
slow_slump 124 -59 16410 -624 0 365 16388 0
slow_slump 125 34 16302 -508 0 382 16377 0
slow_slump 126 47 16290 -564 0 404 16366 0
slow_slump 127 19 16333 -576 0 425 16361 0
slow_slump 128 8 16359 -585 0 445 16360 0
slow_slump 129 -40 16477 -623 0 467 16374 0
slow_slump 130 85 16365 -747 0 502 16372 0
slow_slump 131 18 16425 -695 0 526 16378 0
slow_slump 132 -8 16370 -665 0 543 16377 0
slow_slump 133 18 16409 -761 0 570 16381 0
slow_slump 134 20 16343 -683 0 584 16376 0
slow_slump 135 -42 16341 -738 0 603 16371 0
slow_slump 136 14 16348 -806 0 628 16368 0
slow_slump 137 -38 16388 -829 0 653 16370 0
slow_slump 138 -20 16391 -802 0 671 16372 0
slow_slump 139 70 16383 -849 0 693 16373 0
slow_slump 140 -40 16328 -840 0 711 16367 0
slow_slump 141 39 16348 -941 0 739 16364 0
slow_slump 142 20 16415 -735 0 738 16370 0
slow_slump 143 57 16345 -942 0 763 16366 0
slow_slump 144 -26 16438 -976 0 789 16375 0
slow_slump 145 41 16431 -884 0 800 16382 0
slow_slump 146 18 16415 -930 0 816 16386 0
slow_slump 147 41 16276 -1052 0 845 16372 0
slow_slump 148 6 16384 -1023 0 867 16373 0
slow_slump 149 -76 16347 -1007 0 884 16369 0
slow_slump 150 -71 16294 -1069 0 907 16359 0
slow_slump 151 67 16284 -1107 0 932 16349 0
slow_slump 152 83 16467 -1142 0 958 16363 0
slow_slump 153 29 16328 -1231 0 992 16358 0
slow_slump 154 -6 16517 -1119 0 1007 16377 0
slow_slump 155 80 16358 -1235 0 1035 16374 0
slow_slump 156 2 16383 -1227 0 1059 16375 0
slow_slump 157 -2 16445 -1152 0 1070 16383 0
slow_slump 158 4 16360 -1216 0 1088 16380 0
slow_slump 159 -32 16357 -1242 0 1107 16377 0
slow_slump 160 39 16358 -1239 0 1123 16374 0
slow_slump 161 44 16343 -1321 0 1147 16370 0
slow_slump 162 70 16419 -1367 0 1174 16376 0
slow_slump 163 -45 16316 -1356 0 1196 16368 0
slow_slump 164 46 16311 -1387 0 1219 16360 0
slow_slump 165 11 16294 -1344 0 1234 16351 0
slow_slump 166 -33 16251 -1355 0 1249 16338 0
slow_slump 167 -52 16386 -1496 0 1279 16344 0
slow_slump 168 90 16411 -1524 0 1309 16352 0
slow_slump 169 73 16368 -1416 0 1322 16354 0
slow_slump 170 -26 16373 -1459 0 1339 16356 0
slow_slump 171 -28 16343 -1533 0 1363 16354 0
slow_slump 172 52 16319 -1553 0 1386 16349 0
slow_slump 173 -109 16292 -1463 0 1395 16341 0
slow_slump 174 -33 16263 -1538 0 1412 16331 0
slow_slump 175 -8 16291 -1665 0 1443 16326 0
slow_slump 176 -51 16287 -1640 0 1467 16321 0
slow_slump 177 41 16281 -1621 0 1486 16316 0
slow_slump 178 -49 16268 -1755 0 1519 16310 0
slow_slump 179 -12 16264 -1714 0 1543 16304 0
slow_slump 180 38 16392 -1775 0 1572 16315 0
slow_slump 181 19 16305 -1765 0 1596 16313 0
slow_slump 182 -22 16266 -1777 0 1618 16307 0
slow_slump 183 -15 16313 -1858 0 1648 16307 0
slow_slump 184 84 16296 -1834 0 1671 16305 0
slow_slump 185 -22 16282 -1840 0 1692 16302 0
slow_slump 186 28 16254 -1791 0 1704 16296 0
slow_slump 187 -47 16250 -1816 0 1718 16290 0
slow_slump 188 93 16204 -1872 0 1737 16279 0
slow_slump 189 -25 16208 -1945 0 1763 16270 0
slow_slump 190 4 16134 -1858 0 1774 16253 0
slow_slump 191 56 16210 -2030 0 1806 16247 0
slow_slump 192 9 16290 -1953 0 1824 16252 0
slow_slump 193 24 16211 -1945 0 1839 16246 0
slow_slump 194 -45 16154 -1903 0 1847 16234 0
slow_slump 195 -71 16205 -2105 0 1879 16230 0
slow_slump 196 39 16326 -2045 0 1899 16242 0
slow_slump 197 -74 16166 -1936 0 1903 16232 0
slow_slump 198 21 16219 -2121 0 1930 16230 0
slow_slump 199 -1 16240 -2069 0 1947 16231 0
slow_slump 200 -52 16268 -2089 0 1964 16235 0
slow_slump 201 36 16198 -2110 0 1982 16230 0
slow_slump 202 -3 16288 -2214 0 2011 16237 0
slow_slump 203 7 16240 -2175 0 2031 16237 0
slow_slump 204 -57 16276 -2257 0 2059 16241 0
slow_slump 205 -8 16171 -2222 0 2079 16232 0
slow_slump 206 53 16171 -2218 0 2096 16224 0
slow_slump 207 60 16243 -2340 0 2126 16226 0
slow_slump 208 -1 16250 -2330 0 2151 16229 0
slow_slump 209 63 16199 -2298 0 2169 16225 0
slow_slump 210 -4 16203 -2402 0 2198 16222 0
slow_slump 211 60 16177 -2344 0 2216 16216 0
slow_slump 212 -13 16132 -2349 0 2232 16205 0
slow_slump 213 -30 16149 -2390 0 2251 16198 0
slow_slump 214 -5 16230 -2453 0 2276 16202 0
slow_slump 215 26 16171 -2465 0 2299 16198 0
slow_slump 216 -3 16287 -2484 0 2322 16209 0
slow_slump 217 -7 16169 -2469 0 2340 16204 0
slow_slump 218 25 16192 -2469 0 2356 16202 0
slow_slump 219 -121 16176 -2573 0 2383 16198 0
slow_slump 220 10 16109 -2577 0 2407 16186 0
slow_slump 221 -6 16264 -2582 0 2428 16195 0
slow_slump 222 41 16181 -2508 0 2438 16193 0
slow_slump 223 76 16208 -2671 0 2467 16194 0
slow_slump 224 7 16161 -2575 0 2480 16189 0
slow_slump 225 -9 16148 -2673 0 2504 16183 0
slow_slump 226 19 16179 -2649 0 2522 16182 0
slow_slump 227 -7 16256 -2763 0 2552 16191 0
slow_slump 228 -13 16212 -2785 0 2581 16193 0
slow_slump 229 -95 16111 -2723 0 2598 16182 0
slow_slump 230 43 16155 -2792 0 2622 16178 0
slow_slump 231 29 16141 -2823 0 2647 16173 0
slow_slump 232 -63 16090 -2776 0 2663 16162 0
slow_slump 233 -25 16072 -2934 0 2696 16150 0
slow_slump 234 65 16094 -2858 0 2716 16143 0
slow_slump 235 -78 16189 -2891 0 2737 16148 0
slow_slump 236 -26 16101 -2958 0 2764 16142 0
slow_slump 237 60 16180 -2908 0 2782 16146 0
slow_slump 238 122 16042 -2959 0 2804 16133 0
slow_slump 239 57 16120 -2920 0 2818 16131 0
slow_slump 240 -16 16127 -3029 0 2844 16130 0
slow_slump 241 47 16086 -3021 0 2866 16124 0
slow_slump 242 -85 16124 -3026 0 2886 16124 0
slow_slump 243 26 16171 -3031 0 2904 16129 0
slow_slump 244 51 16131 -3161 0 2936 16129 0
slow_slump 245 -57 16060 -3155 0 2963 16120 0
slow_slump 246 -53 16054 -3087 0 2978 16111 0
slow_slump 247 -9 16073 -3197 0 3005 16106 0
slow_slump 248 21 16007 -3185 0 3027 16093 0
slow_slump 249 -68 16142 -3265 0 3056 16099 0
slow_slump 250 13 16160 -3265 0 3082 16106 0
slow_slump 251 -40 16044 -3250 0 3103 16098 0
slow_slump 252 -4 16128 -3190 0 3113 16101 0
slow_slump 253 -3 16025 -3289 0 3135 16091 0
slow_slump 254 -116 16031 -3297 0 3155 16083 0
slow_slump 255 25 16041 -3307 0 3174 16077 0
slow_slump 256 -17 16034 -3353 0 3196 16071 0
slow_slump 257 55 16065 -3353 0 3215 16070 0
slow_slump 258 18 16020 -3356 0 3232 16063 0
slow_slump 259 -15 16047 -3413 0 3254 16061 0
slow_slump 260 86 16046 -3392 0 3271 16059 0
slow_slump 261 114 16039 -3460 0 3294 16056 0
slow_slump 262 64 16014 -3398 0 3307 16050 0
slow_slump 263 79 15947 -3504 0 3331 16037 0
slow_slump 264 -28 15988 -3493 0 3351 16030 0
slow_slump 265 -42 16014 -3453 0 3363 16028 0
slow_slump 266 41 15982 -3532 0 3384 16022 0
slow_slump 267 47 15996 -3549 0 3404 16018 0
slow_slump 268 -15 15951 -3491 0 3414 16009 0
slow_slump 269 -67 15946 -3685 0 3447 16001 0
slow_slump 270 11 15938 -3579 0 3463 15993 0
slow_slump 271 25 16002 -3542 0 3472 15994 0
slow_slump 272 -46 16002 -3606 0 3488 15995 0
slow_slump 273 -8 15920 -3670 0 3510 15985 0
slow_slump 274 -20 15952 -3651 0 3527 15980 0
slow_slump 275 -24 15936 -3664 0 3544 15974 0
slow_slump 276 16 15950 -3791 0 3574 15971 0
slow_slump 277 -83 15952 -3701 0 3589 15968 0
slow_slump 278 -88 15906 -3789 0 3614 15960 0
slow_slump 279 5 15923 -3745 0 3630 15955 0
slow_slump 280 53 16003 -3860 0 3658 15961 0
slow_slump 281 -75 15956 -3892 0 3687 15960 0
slow_slump 282 53 15975 -3920 0 3716 15961 0
slow_slump 283 -60 15846 -3862 0 3734 15946 0
slow_slump 284 -24 15863 -3878 0 3752 15935 0
slow_slump 285 36 15895 -4011 0 3784 15930 0
slow_slump 286 23 15886 -3894 0 3797 15924 0
slow_slump 287 -104 15920 -3921 0 3812 15923 0
slow_slump 288 -111 15861 -4040 0 3840 15915 0
slow_slump 289 86 15863 -3946 0 3853 15908 0
slow_slump 290 -40 15903 -4101 0 3884 15907 0
slow_slump 291 20 15804 -4065 0 3906 15894 0
slow_slump 292 2 15933 -4001 0 3917 15898 0
slow_slump 293 -25 15914 -4106 0 3940 15900 0
slow_slump 294 -4 15859 -4094 0 3959 15894 0
slow_slump 295 54 15743 -4144 0 3982 15875 0
slow_slump 296 -7 15754 -4140 0 4001 15859 0
slow_slump 297 4 15875 -4213 0 4027 15861 0
slow_slump 298 37 15850 -4250 0 4054 15859 0
slow_slump 299 77 15851 -4168 0 4068 15858 0
slow_slump 300 -73 15829 -4305 0 4097 15854 0
slow_slump 301 67 15824 -4239 0 4114 15850 0
slow_slump 302 44 15736 -4340 0 4142 15835 0
slow_slump 303 -26 15896 -4291 0 4160 15842 0
slow_slump 304 -38 15794 -4359 0 4184 15836 0
slow_slump 305 -66 15790 -4424 0 4214 15830 0
slow_slump 306 -53 15769 -4307 0 4225 15822 0
slow_slump 307 4 15795 -4408 0 4247 15818 0
slow_slump 308 -6 15793 -4472 0 4275 15814 0
slow_slump 309 -24 15766 -4423 0 4293 15808 0
slow_slump 310 59 15701 -4344 0 4299 15794 0
slow_slump 311 73 15787 -4480 0 4321 15793 0
slow_slump 312 20 15748 -4509 0 4344 15787 0
slow_slump 313 129 15758 -4496 0 4363 15783 0
slow_slump 314 42 15749 -4476 0 4377 15778 0
slow_slump 315 -74 15747 -4517 0 4394 15774 0
slow_slump 316 65 15764 -4471 0 4403 15772 0
slow_slump 317 30 15756 -4576 0 4424 15770 0
slow_slump 318 33 15669 -4643 0 4451 15757 0
slow_slump 319 -27 15722 -4714 0 4483 15752 0
slow_slump 320 30 15734 -4704 0 4510 15749 0
slow_slump 321 58 15712 -4666 0 4529 15744 0
slow_slump 322 4 15638 -4747 0 4556 15730 0
slow_slump 323 -2 15667 -4754 0 4580 15722 0
slow_slump 324 -6 15627 -4723 0 4597 15710 0
slow_slump 325 -31 15728 -4795 0 4621 15712 0
slow_slump 326 62 15730 -4820 0 4645 15714 0
slow_slump 327 -99 15667 -4737 0 4656 15708 0
slow_slump 328 67 15702 -4801 0 4674 15707 0
slow_slump 329 -52 15612 -4977 0 4711 15695 0
slow_slump 330 66 15614 -4894 0 4733 15684 0
slow_slump 331 28 15670 -4888 0 4752 15682 0
slow_slump 332 112 15655 -4972 0 4779 15678 0
slow_slump 333 -41 15705 -4880 0 4791 15681 0
slow_slump 334 -14 15557 -5015 0 4819 15665 0
slow_slump 335 2 15607 -5000 0 4841 15657 0
slow_slump 336 -7 15671 -5016 0 4862 15658 0
slow_slump 337 6 15616 -5019 0 4881 15652 0
slow_slump 338 15 15557 -5006 0 4896 15640 0
slow_slump 339 -23 15514 -5039 0 4913 15624 0
slow_slump 340 -16 15528 -5122 0 4939 15612 0
slow_slump 341 70 15571 -5116 0 4961 15606 0
slow_slump 342 41 15549 -5086 0 4976 15598 0
slow_slump 343 -56 15583 -5153 0 4998 15596 0
slow_slump 344 -10 15537 -5198 0 5023 15588 0
slow_slump 345 -42 15540 -5120 0 5035 15582 0
slow_slump 346 -15 15504 -5223 0 5058 15572 0
slow_slump 347 11 15481 -5241 0 5080 15560 0
slow_slump 348 -5 15491 -5233 0 5099 15551 0
slow_slump 349 -9 15473 -5274 0 5120 15541 0
slow_slump 350 33 15515 -5255 0 5136 15537 0
slow_slump 351 -37 15518 -5315 0 5158 15534 0
slow_slump 352 52 15446 -5286 0 5174 15523 0
slow_slump 353 -56 15487 -5306 0 5190 15518 0
slow_slump 354 -17 15408 -5448 0 5222 15504 0
slow_slump 355 49 15502 -5469 0 5252 15503 0
slow_slump 356 -60 15510 -5475 0 5279 15503 0
slow_slump 357 -70 15466 -5379 0 5291 15498 0
slow_slump 358 -60 15456 -5488 0 5315 15492 0
slow_slump 359 53 15465 -5427 0 5329 15488 0
slow_slump 360 84 15435 -5472 0 5346 15481 0
slow_slump 361 50 15403 -5463 0 5360 15471 0
slow_slump 362 -30 15506 -5475 0 5374 15475 0
slow_slump 363 -58 15405 -5577 0 5399 15466 0
slow_slump 364 -6 15345 -5569 0 5420 15450 0
slow_slump 365 -3 15375 -5533 0 5434 15440 0
slow_slump 366 23 15435 -5676 0 5464 15439 0
slow_slump 367 -23 15391 -5649 0 5487 15433 0
slow_slump 368 -18 15384 -5685 0 5511 15426 0
slow_slump 369 46 15327 -5690 0 5533 15413 0
slow_slump 370 30 15374 -5605 0 5542 15408 0
slow_slump 371 11 15334 -5645 0 5554 15398 0
slow_slump 372 35 15386 -5733 0 5576 15396 0
slow_slump 373 -31 15344 -5788 0 5602 15389 0
slow_slump 374 -25 15422 -5768 0 5622 15393 0
slow_slump 375 63 15333 -5727 0 5635 15385 0
slow_slump 376 -7 15345 -5834 0 5659 15380 0
slow_slump 377 42 15319 -5859 0 5684 15372 0
slow_slump 378 -9 15373 -5836 0 5703 15372 0
slow_slump 379 15 15282 -5809 0 5716 15360 0
slow_slump 380 57 15291 -5901 0 5739 15351 0
slow_slump 381 -102 15263 -5851 0 5753 15340 0
slow_slump 382 59 15201 -5871 0 5767 15322 0
slow_slump 383 -9 15342 -5977 0 5793 15324 0
slow_slump 384 97 15224 -6001 0 5819 15311 0
slow_slump 385 1 15290 -5919 0 5831 15308 0
slow_slump 386 -52 15300 -6038 0 5856 15307 0
slow_slump 387 1 15243 -6104 0 5887 15299 0
slow_slump 388 -12 15264 -6090 0 5912 15294 0
slow_slump 389 -61 15210 -6021 0 5925 15283 0
slow_slump 390 -1 15214 -6100 0 5946 15274 0
slow_slump 391 -59 15317 -6054 0 5959 15279 0
slow_slump 392 -64 15142 -6035 0 5968 15261 0
slow_slump 393 3 15146 -6141 0 5989 15246 0
slow_slump 394 -19 15229 -6138 0 6007 15243 0
slow_slump 395 -4 15185 -6184 0 6029 15235 0
slow_slump 396 -72 15200 -6176 0 6047 15230 0
slow_slump 397 -45 15158 -6137 0 6058 15221 0
slow_slump 398 -72 15139 -6129 0 6066 15210 0
slow_slump 399 -124 15117 -6268 0 6091 15198 0
slow_slump 400 -8 15106 -6343 0 6122 15186 0
slow_slump 401 7 15084 -6299 0 6144 15173 0
slow_slump 402 -76 15061 -6321 0 6166 15159 0
slow_slump 403 -26 15077 -6364 0 6190 15148 0
slow_slump 404 50 15027 -6391 0 6215 15132 0
slow_slump 405 -41 15114 -6293 0 6224 15129 0
slow_slump 406 -100 15026 -6361 0 6241 15116 0
slow_slump 407 48 15009 -6443 0 6266 15102 0
slow_slump 408 -105 15001 -6408 0 6283 15089 0
slow_slump 409 30 15023 -6529 0 6313 15080 0
slow_slump 410 -26 15066 -6472 0 6332 15078 0
slow_slump 411 -4 15128 -6567 0 6361 15084 0
slow_slump 412 -43 14880 -6432 0 6369 15058 0
slow_slump 413 -6 15013 -6530 0 6389 15052 0
slow_slump 414 -68 14989 -6524 0 6405 15044 0
slow_slump 415 -9 14922 -6537 0 6421 15028 0
slow_slump 416 113 15054 -6675 0 6452 15031 0
slow_slump 417 38 14946 -6546 0 6463 15020 0
slow_slump 418 1 14967 -6601 0 6480 15013 0
slow_slump 419 18 14993 -6658 0 6502 15010 0
slow_slump 420 2 14984 -6674 0 6523 15006 0
slow_slump 421 -22 14930 -6692 0 6544 14996 0
slow_slump 422 67 14955 -6808 0 6577 14990 0
slow_slump 423 29 14975 -6638 0 6584 14988 0
slow_slump 424 -22 14956 -6743 0 6603 14984 0
slow_slump 425 -7 14892 -6819 0 6630 14972 0
slow_slump 426 -44 14888 -6805 0 6651 14961 0
slow_slump 427 -89 14874 -6873 0 6678 14950 0
slow_slump 428 -26 14931 -6829 0 6696 14947 0
slow_slump 429 -60 14844 -6858 0 6716 14934 0
slow_slump 430 -60 14966 -6874 0 6735 14938 0
slow_slump 431 -55 14930 -6937 0 6760 14937 0
slow_slump 432 5 14758 -6961 0 6785 14914 0
slow_slump 433 -2 14821 -6929 0 6803 14902 0
slow_slump 434 -111 14832 -6867 0 6811 14893 0
slow_slump 435 -35 14819 -6974 0 6831 14883 0
slow_slump 436 -1 14804 -6991 0 6851 14873 0
slow_slump 437 -26 14852 -6980 0 6867 14870 0
slow_slump 438 55 14802 -7053 0 6890 14861 0
slow_slump 439 -16 14830 -7067 0 6912 14857 0
slow_slump 440 6 14687 -7005 0 6923 14835 0
slow_slump 441 -33 14765 -7084 0 6943 14826 0
slow_slump 442 14 14826 -7145 0 6968 14826 0
slow_slump 443 -6 14741 -7165 0 6992 14815 0
slow_slump 444 87 14757 -7168 0 7014 14807 0
slow_slump 445 -26 14737 -7162 0 7032 14798 0
slow_slump 446 14 14705 -7231 0 7056 14786 0
slow_slump 447 73 14593 -7264 0 7082 14761 0
slow_slump 448 81 14767 -7232 0 7100 14761 0
slow_slump 449 -48 14746 -7255 0 7119 14759 0
slow_slump 450 49 14662 -7248 0 7135 14746 0
slow_slump 451 84 14643 -7295 0 7155 14733 0
slow_slump 452 45 14710 -7282 0 7170 14730 0
slow_slump 453 22 14656 -7263 0 7181 14720 0
slow_slump 454 45 14693 -7245 0 7189 14716 0
slow_slump 455 -41 14581 -7301 0 7203 14699 0
slow_slump 456 20 14542 -7404 0 7228 14679 0
slow_slump 457 -32 14681 -7379 0 7246 14679 0
slow_slump 458 -20 14580 -7427 0 7268 14666 0
slow_slump 459 -58 14597 -7368 0 7280 14657 0
slow_slump 460 6 14545 -7444 0 7300 14643 0
slow_slump 461 37 14583 -7488 0 7323 14635 0
slow_slump 462 19 14568 -7520 0 7347 14626 0
slow_slump 463 -28 14562 -7529 0 7369 14618 0
slow_slump 464 -42 14561 -7396 0 7372 14610 0
slow_slump 465 21 14500 -7504 0 7388 14596 0
slow_slump 466 39 14527 -7570 0 7410 14587 0
slow_slump 467 23 14525 -7624 0 7436 14579 0
slow_slump 468 7 14507 -7665 0 7464 14570 0
slow_slump 469 -6 14532 -7553 0 7475 14565 0
slow_slump 470 -4 14447 -7695 0 7502 14550 0
slow_slump 471 -35 14456 -7634 0 7518 14538 0
slow_slump 472 51 14525 -7646 0 7534 14536 0
slow_slump 473 63 14395 -7724 0 7557 14518 0
slow_slump 474 16 14532 -7700 0 7574 14519 0
slow_slump 475 -31 14444 -7764 0 7597 14509 0
slow_slump 476 -133 14443 -7693 0 7609 14500 0
slow_slump 477 -1 14432 -7742 0 7625 14491 0
slow_slump 478 -70 14419 -7780 0 7644 14482 0
slow_slump 479 10 14395 -7804 0 7664 14471 0
slow_slump 480 18 14378 -7832 0 7685 14459 0
slow_slump 481 40 14452 -7786 0 7697 14458 0
slow_slump 482 -24 14464 -7849 0 7716 14458 0
slow_slump 483 -20 14311 -7920 0 7741 14439 0
slow_slump 484 6 14392 -7966 0 7769 14433 0
slow_slump 485 13 14328 -7937 0 7790 14419 0
slow_slump 486 28 14292 -8094 0 7828 14403 0
slow_slump 487 -36 14290 -7916 0 7839 14388 0
slow_slump 488 63 14345 -7988 0 7857 14382 0
slow_slump 489 -1 14266 -8054 0 7881 14367 0
slow_slump 490 -36 14245 -8054 0 7902 14351 0
slow_slump 491 -142 14340 -7939 0 7906 14349 0
slow_slump 492 35 14363 -8037 0 7922 14350 0
slow_slump 493 -18 14326 -8136 0 7948 14347 0
slow_slump 494 7 14199 -8079 0 7964 14328 0
slow_slump 495 -130 14200 -8112 0 7982 14312 0
slow_slump 496 2 14254 -8071 0 7993 14304 0
slow_slump 497 -1 14184 -8214 0 8020 14289 0
slow_slump 498 16 14192 -8216 0 8044 14276 0
slow_slump 499 0 14252 -8222 0 8066 14273 0
slow_slump 500 64 14109 -8210 0 8084 14252 0
slow_slump 501 -1 14059 -8205 0 8099 14227 0
slow_slump 502 94 14113 -8184 0 8109 14212 0
slow_slump 503 32 14059 -8280 0 8130 14192 0
slow_slump 504 -43 14138 -8256 0 8145 14185 0
slow_slump 505 7 14098 -8333 0 8168 14174 0
slow_slump 506 3 14122 -8394 0 8196 14167 0
slow_slump 507 -81 14101 -8383 0 8219 14158 0
slow_slump 508 -107 14135 -8268 0 8225 14155 0
slow_slump 509 -36 14073 -8437 0 8251 14144 0
slow_slump 510 47 14112 -8369 0 8265 14140 0
slow_slump 511 -17 14053 -8412 0 8283 14129 0
slow_slump 512 3 14077 -8395 0 8297 14122 0
slow_slump 513 9 14028 -8432 0 8313 14110 0
slow_slump 514 87 14049 -8456 0 8330 14102 0
slow_slump 515 34 14016 -8492 0 8350 14091 0
slow_slump 516 123 14032 -8549 0 8374 14083 0
slow_slump 517 -35 14017 -8557 0 8396 14074 0
slow_slump 518 -15 13992 -8616 0 8423 14063 0
slow_slump 519 -42 14080 -8567 0 8441 14065 0
slow_slump 520 -3 14008 -8611 0 8462 14057 0
slow_slump 521 42 14012 -8587 0 8477 14051 0
slow_slump 522 -10 14040 -8602 0 8492 14049 0
slow_slump 523 -22 13987 -8635 0 8509 14041 0
slow_slump 524 -36 14020 -8730 0 8536 14038 0
slow_slump 525 -35 13917 -8683 0 8554 14022 0
slow_slump 526 22 13857 -8734 0 8576 14001 0
slow_slump 527 22 13943 -8708 0 8592 13993 0
slow_slump 528 -57 13910 -8692 0 8604 13982 0
slow_slump 529 -22 13781 -8798 0 8628 13956 0
slow_slump 530 14 13906 -8746 0 8642 13949 0
slow_slump 531 14 13810 -8755 0 8656 13931 0
slow_slump 532 -61 13922 -8819 0 8676 13929 0
slow_slump 533 38 13794 -8791 0 8690 13912 0
slow_slump 534 -43 13792 -8868 0 8712 13897 0
slow_slump 535 -10 13766 -8876 0 8732 13880 0
slow_slump 536 68 13747 -8809 0 8741 13863 0
slow_slump 537 -13 13855 -8833 0 8752 13862 0
slow_slump 538 -55 13701 -8825 0 8761 13841 0
slow_slump 539 54 13743 -8937 0 8783 13828 0
slow_slump 540 -18 13701 -8958 0 8804 13812 0
slow_slump 541 -11 13712 -8912 0 8817 13799 0
slow_slump 542 54 13701 -8904 0 8827 13786 0
slow_slump 543 -29 13655 -8996 0 8848 13769 0
slow_slump 544 3 13729 -8970 0 8863 13764 0
slow_slump 545 92 13604 -8898 0 8867 13744 0
slow_slump 546 2 13714 -9009 0 8884 13740 0
slow_slump 547 -8 13603 -8950 0 8892 13722 0
slow_slump 548 9 13602 -9008 0 8906 13707 0
slow_slump 549 -36 13590 -9182 0 8940 13692 0
slow_slump 550 -15 13652 -9182 0 8970 13687 0
slow_slump 551 23 13603 -9168 0 8994 13676 0
slow_slump 552 18 13540 -9144 0 9012 13659 0
slow_slump 553 -4 13601 -9032 0 9014 13651 0
slow_slump 554 17 13550 -9181 0 9034 13638 0
slow_slump 555 -18 13637 -9226 0 9058 13637 0
slow_slump 556 18 13530 -9312 0 9089 13623 0
slow_slump 557 45 13552 -9254 0 9109 13614 0
slow_slump 558 22 13513 -9295 0 9132 13601 0
slow_slump 559 -23 13549 -9272 0 9149 13594 0
slow_slump 560 37 13426 -9246 0 9161 13573 0
slow_slump 561 -60 13551 -9287 0 9176 13570 0
slow_slump 562 -4 13428 -9344 0 9197 13552 0
slow_slump 563 -158 13488 -9408 0 9223 13544 0
slow_slump 564 -43 13369 -9399 0 9245 13522 0
slow_slump 565 -52 13431 -9388 0 9262 13510 0
slow_slump 566 13 13371 -9382 0 9277 13492 0
slow_slump 567 27 13444 -9420 0 9294 13486 0
slow_slump 568 16 13435 -9424 0 9310 13479 0
slow_slump 569 37 13334 -9470 0 9330 13460 0
slow_slump 570 -14 13409 -9491 0 9350 13453 0
slow_slump 571 -85 13411 -9510 0 9370 13447 0
slow_slump 572 -86 13308 -9545 0 9391 13429 0
slow_slump 573 23 13364 -9592 0 9416 13420 1
slow_slump 574 80 13378 -9537 0 9431 13414 2
slow_slump 575 10 13243 -9453 0 9433 13392 3
slow_slump 576 -52 13302 -9614 0 9455 13380 4
slow_slump 577 -11 13265 -9655 0 9480 13365 5
slow_slump 578 7 13273 -9552 0 9489 13353 6
slow_slump 579 -3 13254 -9691 0 9514 13340 7
slow_slump 580 61 13287 -9698 0 9537 13333 8
slow_slump 581 -49 13252 -9702 0 9557 13322 9
slow_slump 582 37 13221 -9654 0 9569 13309 10
slow_slump 583 49 13229 -9655 0 9579 13299 11
slow_slump 584 -62 13178 -9736 0 9598 13283 12
slow_slump 585 14 13203 -9762 0 9618 13273 13
slow_slump 586 -152 13136 -9668 0 9624 13255 14
slow_slump 587 9 13130 -9735 0 9637 13239 15
slow_slump 588 -12 13119 -9791 0 9656 13224 16
slow_slump 589 0 13113 -9754 0 9668 13210 17
slow_slump 590 -41 13156 -9811 0 9685 13203 18
slow_slump 591 -5 13039 -9791 0 9698 13182 19
slow_slump 592 -51 13042 -9835 0 9715 13164 20
slow_slump 593 23 13048 -9830 0 9729 13149 21
slow_slump 594 22 13122 -9922 0 9753 13145 22
slow_slump 595 -61 13002 -9907 0 9772 13127 23
slow_slump 596 4 12942 -9931 0 9791 13103 24
slow_slump 597 45 13094 -9867 0 9800 13101 25
slow_slump 598 -6 12975 -9917 0 9814 13085 26
slow_slump 599 102 12925 -10106 0 9850 13065 27
slow_slump 600 -46 13046 -9943 0 9861 13062 28
slow_slump 601 17 12987 -9966 0 9874 13052 29
slow_slump 602 -51 12953 -9995 0 9889 13039 30
slow_slump 603 23 12938 -10134 0 9919 13026 31
slow_slump 604 -29 12942 -9957 0 9923 13015 32
slow_slump 605 40 12913 -10165 0 9953 13002 33
slow_slump 606 62 12913 -10162 0 9979 12990 34
slow_slump 607 11 12901 -10107 0 9995 12978 35
slow_slump 608 -51 12847 -10127 0 10011 12961 36
slow_slump 609 13 12882 -10087 0 10020 12951 37
slow_slump 610 -39 12855 -10159 0 10037 12939 38
slow_slump 611 2 12918 -10129 0 10048 12936 39
slow_slump 612 -2 12882 -10223 0 10069 12929 40
slow_slump 613 26 12770 -10178 0 10082 12909 41
slow_slump 614 -28 12813 -10114 0 10086 12897 42
slow_slump 615 -1 12812 -10193 0 10099 12886 43
slow_slump 616 54 12697 -10236 0 10116 12862 44
slow_slump 617 -2 12640 -10293 0 10138 12834 45
slow_slump 618 -46 12767 -10276 0 10155 12825 46
slow_slump 619 -9 12679 -10224 0 10163 12806 47
slow_slump 620 30 12695 -10399 0 10192 12792 48
slow_slump 621 -2 12689 -10288 0 10204 12779 49
slow_slump 622 49 12664 -10376 1 10225 12764 50
slow_slump 623 80 12680 -10415 0 10248 12753 51
slow_slump 624 81 12646 -10380 0 10264 12739 52
slow_slump 625 69 12636 -10445 0 10286 12726 53
slow_slump 626 43 12599 -10395 0 10299 12710 54
slow_slump 627 75 12673 -10366 0 10307 12705 55
slow_slump 628 36 12550 -10458 0 10325 12685 56
slow_slump 629 7 12630 -10635 0 10363 12678 57
slow_slump 630 33 12636 -10581 0 10390 12672 58
slow_slump 631 -4 12585 -10530 0 10407 12661 59
slow_slump 632 37 12535 -10508 0 10419 12645 60
slow_slump 633 -22 12631 -10538 0 10433 12643 61
slow_slump 634 -37 12578 -10541 0 10446 12634 62
slow_slump 635 -30 12551 -10650 0 10471 12623 63
slow_slump 636 37 12481 -10516 0 10476 12605 64
slow_slump 637 31 12389 -10628 0 10495 12578 65
slow_slump 638 82 12488 -10580 0 10505 12566 66
slow_slump 639 9 12519 -10655 0 10523 12560 67
slow_slump 640 47 12489 -10532 0 10524 12551 68
slow_slump 641 -16 12527 -10713 0 10547 12548 69
slow_slump 642 -16 12417 -10680 0 10563 12531 70
slow_slump 643 -88 12423 -10720 0 10582 12517 71
slow_slump 644 45 12441 -10702 0 10597 12507 72
slow_slump 645 60 12347 -10762 0 10617 12487 73
slow_slump 646 -9 12296 -10744 0 10632 12463 74
slow_slump 647 -1 12352 -10755 0 10647 12449 75
slow_slump 648 33 12324 -10824 0 10669 12433 76
slow_slump 649 76 12358 -10839 0 10690 12423 77
slow_slump 650 33 12201 -10804 0 10704 12395 78
slow_slump 651 -48 12373 -10800 0 10716 12392 79
slow_slump 652 -19 12351 -10908 0 10740 12386 80
slow_slump 653 24 12205 -10936 0 10764 12363 81
slow_slump 654 -25 12237 -10919 0 10783 12347 82
slow_slump 655 -48 12187 -10749 0 10778 12327 83
slow_slump 656 -106 12220 -10928 0 10796 12313 84
slow_slump 657 -52 12208 -10929 0 10812 12299 85
slow_slump 658 94 12232 -10939 0 10827 12290 86
slow_slump 659 34 12250 -10908 0 10837 12285 87
slow_slump 660 -45 12273 -10992 0 10856 12283 88
slow_slump 661 47 12137 -11080 0 10884 12264 89
slow_slump 662 51 12121 -11054 0 10905 12246 90
slow_slump 663 -62 12128 -10986 0 10915 12231 91
slow_slump 664 -74 12066 -10979 0 10923 12210 92
slow_slump 665 -9 12049 -11027 0 10936 12189 93
slow_slump 666 33 11990 -11168 0 10965 12164 94
slow_slump 667 11 12008 -11089 0 10980 12144 95
slow_slump 668 -42 12073 -11179 0 11004 12135 96
slow_slump 669 71 12046 -11162 0 11023 12123 97
slow_slump 670 76 11979 -11181 0 11042 12105 98
slow_slump 671 -62 11999 -11162 0 11057 12091 99
slow_slump 672 -46 12003 -11194 0 11074 12080 100
slow_slump 673 17 11977 -11154 0 11084 12067 101
slow_slump 674 -19 11904 -11183 0 11096 12046 102
slow_slump 675 14 12034 -11224 0 11112 12044 103
slow_slump 676 -12 11933 -11195 0 11122 12030 104
slow_slump 677 -55 11936 -11281 0 11141 12018 105
slow_slump 678 -13 11948 -11215 0 11150 12009 106
slow_slump 679 37 11919 -11258 0 11163 11997 107
slow_slump 680 -13 11864 -11330 0 11183 11980 108
slow_slump 681 102 11942 -11353 0 11204 11975 109
slow_slump 682 -3 11786 -11302 0 11216 11951 110
slow_slump 683 21 11873 -11286 0 11224 11941 111
slow_slump 684 72 11755 -11456 0 11253 11917 112
slow_slump 685 39 11739 -11373 0 11268 11894 113
slow_slump 686 -38 11722 -11369 0 11280 11872 114
slow_slump 687 6 11696 -11386 0 11293 11850 115
slow_slump 688 -25 11671 -11457 0 11313 11827 116
slow_slump 689 -33 11702 -11397 0 11323 11811 117
slow_slump 690 38 11740 -11418 0 11334 11802 118
slow_slump 691 -67 11707 -11402 0 11342 11790 119
slow_slump 692 44 11654 -11447 0 11355 11773 120
slow_slump 693 32 11644 -11437 0 11365 11756 121
slow_slump 694 -20 11622 -11502 0 11382 11739 122
slow_slump 695 29 11682 -11512 0 11398 11731 123
slow_slump 696 31 11581 -11483 0 11408 11712 124
slow_slump 697 77 11600 -11565 0 11427 11698 125
slow_slump 698 -47 11527 -11597 0 11448 11676 126
slow_slump 699 4 11533 -11591 0 11465 11658 127
slow_slump 700 -67 11503 -11562 0 11477 11638 128
slow_slump 701 105 11527 -11558 0 11487 11624 129
slow_slump 702 -37 11543 -11609 0 11502 11613 130
slow_slump 703 85 11603 -11521 0 11504 11611 131
slow_slump 704 44 11693 -11516 0 11505 11621 132
slow_slump 705 -37 11551 -11572 0 11513 11612 133
slow_slump 706 102 11589 -11536 0 11515 11609 134
slow_slump 707 -33 11579 -11545 0 11518 11605 135
slow_slump 708 -115 11591 -11569 0 11524 11603 136
slow_slump 709 13 11572 -11569 0 11529 11599 137
slow_slump 710 -12 11562 -11584 0 11535 11594 138
slow_slump 711 -2 11596 -11564 0 11538 11594 139
slow_slump 712 -39 11590 -11602 0 11546 11593 140
slow_slump 713 -7 11591 -11549 0 11546 11592 141
slow_slump 714 -50 11618 -11518 0 11542 11595 142
slow_slump 715 17 11596 -11599 0 11549 11595 143
slow_slump 716 -14 11607 -11627 0 11558 11596 144
slow_slump 717 -107 11673 -11613 0 11564 11605 145
slow_slump 718 55 11508 -11631 0 11572 11592 146
slow_slump 719 86 11631 -11600 0 11575 11596 147
slow_slump 720 5 11595 -11578 0 11575 11595 148
slow_slump 721 5 11560 -11592 0 11577 11590 149
slow_slump 722 84 11554 -11681 0 11590 11585 150
slow_slump 723 -98 11644 -11568 0 11587 11592 151
slow_slump 724 5 11548 -11563 0 11584 11586 152
slow_slump 725 -50 11510 -11568 0 11582 11576 153
slow_slump 726 -6 11567 -11557 0 11578 11574 154
slow_slump 727 53 11583 -11610 0 11582 11575 155
slow_slump 728 -46 11534 -11601 0 11584 11569 156
slow_slump 729 -20 11561 -11600 0 11586 11568 157
slow_slump 730 -15 11526 -11570 0 11584 11562 158
slow_slump 731 -14 11568 -11600 0 11586 11562 159
slow_slump 732 -51 11618 -11593 0 11586 11569 160
slow_slump 733 -62 11647 -11618 0 11590 11578 161
slow_slump 734 -15 11553 -11560 0 11586 11574 162
slow_slump 735 42 11577 -11648 0 11593 11574 163
slow_slump 736 17 11508 -11603 0 11594 11565 164
slow_slump 737 61 11593 -11593 0 11593 11568 165
slow_slump 738 -75 11534 -11626 0 11597 11563 166
slow_slump 739 -1 11664 -11612 0 11598 11575 167
slow_slump 740 -49 11513 -11579 0 11595 11567 168
slow_slump 741 -6 11534 -11571 0 11592 11562 169
slow_slump 742 21 11599 -11554 0 11587 11566 170
slow_slump 743 -37 11613 -11522 0 11578 11571 171
slow_slump 744 -21 11570 -11628 0 11584 11570 172
slow_slump 745 60 11637 -11602 0 11586 11578 173
slow_slump 746 24 11567 -11607 0 11588 11576 174
slow_slump 747 40 11596 -11611 0 11590 11578 175
slow_slump 748 22 11592 -11569 0 11587 11579 176
slow_slump 749 14 11557 -11608 0 11589 11576 177
slow_slump 750 -33 11527 -11662 0 11598 11569 178
slow_slump 751 -23 11583 -11555 0 11592 11570 179
slow_slump 752 5 11643 -11640 0 11598 11579 180
slow_slump 753 86 11638 -11543 0 11591 11586 181
slow_slump 754 63 11606 -11609 0 11593 11588 182
slow_slump 755 -20 11623 -11558 0 11588 11592 183
slow_slump 756 -38 11605 -11529 0 11580 11593 184
slow_slump 757 4 11550 -11540 0 11575 11587 185
slow_slump 758 54 11568 -11538 0 11570 11584 186
slow_slump 759 68 11580 -11581 0 11571 11583 187
slow_slump 760 22 11604 -11656 0 11581 11585 188
slow_slump 761 84 11559 -11590 0 11582 11581 189
slow_slump 762 36 11608 -11613 0 11585 11584 190
slow_slump 763 19 11560 -11520 0 11576 11581 191
slow_slump 764 42 11578 -11662 0 11586 11580 192
slow_slump 765 -16 11623 -11648 0 11593 11585 193
slow_slump 766 -125 11472 -11611 0 11595 11570 194
slow_slump 767 -43 11708 -11542 0 11588 11587 195
slow_slump 768 -11 11584 -11603 0 11589 11586 196
slow_slump 769 -14 11587 -11598 0 11590 11586 197
slow_slump 770 -65 11633 -11594 0 11590 11591 198
slow_slump 771 -13 11680 -11554 0 11585 11602 199
slow_slump 772 -72 11593 -11546 0 11580 11600 200
slow_slump 773 -28 11578 -11560 0 11577 11597 201
slow_slump 774 -24 11587 -11549 0 11573 11595 202
slow_slump 775 70 11578 -11535 0 11568 11592 203
slow_slump 776 19 11527 -11638 0 11576 11583 204
slow_slump 777 -65 11569 -11595 0 11578 11581 205
slow_slump 778 -20 11677 -11690 0 11592 11593 206
slow_slump 779 -48 11558 -11601 0 11593 11588 207
slow_slump 780 42 11586 -11583 0 11591 11587 208
slow_slump 781 -10 11541 -11645 0 11597 11581 209
slow_slump 782 -57 11581 -11575 0 11594 11581 210
slow_slump 783 -35 11525 -11653 0 11601 11574 211
slow_slump 784 -60 11563 -11592 0 11599 11572 212
slow_slump 785 48 11609 -11588 0 11597 11576 213
slow_slump 786 47 11571 -11570 0 11593 11575 214
slow_slump 787 59 11623 -11604 0 11594 11581 215
slow_slump 788 -55 11607 -11646 0 11600 11584 216
slow_slump 789 50 11496 -11596 0 11599 11573 217
slow_slump 790 42 11583 -11632 0 11603 11574 218
slow_slump 791 10 11569 -11580 0 11600 11573 219
slow_slump 792 -28 11682 -11593 0 11599 11586 220
slow_slump 793 2 11536 -11525 0 11589 11579 221
slow_slump 794 -63 11621 -11695 0 11602 11584 222
slow_slump 795 40 11701 -11563 0 11597 11598 223
slow_slump 796 -22 11616 -11575 0 11594 11600 224
slow_slump 797 -41 11619 -11556 0 11589 11602 225
slow_slump 798 0 11597 -11608 0 11591 11601 226
slow_slump 799 -88 11667 -11569 0 11588 11609 227
slow_slump 800 9 11603 -11495 0 11576 11608 228
slow_slump 801 3 11586 -11610 0 11580 11605 229
slow_slump 802 -23 11636 -11689 0 11593 11608 230
slow_slump 803 -21 11638 -11594 0 11593 11611 231
slow_slump 804 -114 11611 -11603 0 11594 11611 232
slow_slump 805 -32 11531 -11541 0 11587 11601 233
slow_slump 806 33 11527 -11546 0 11581 11591 234
slow_slump 807 36 11581 -11594 0 11582 11589 235
slow_slump 808 -4 11555 -11615 0 11586 11584 236
slow_slump 809 -36 11745 -11574 0 11584 11604 237
slow_slump 810 -32 11642 -11609 0 11587 11608 238
slow_slump 811 21 11568 -11558 0 11583 11603 239
slow_slump 812 -47 11469 -11580 0 11582 11586 240
slow_slump 813 -11 11599 -11649 0 11590 11587 241
slow_slump 814 119 11585 -11574 0 11588 11586 242
slow_slump 815 9 11589 -11552 0 11583 11586 243
slow_slump 816 -41 11598 -11524 0 11575 11587 244
slow_slump 817 -9 11626 -11652 0 11584 11591 245
slow_slump 818 7 11574 -11540 0 11578 11588 246
slow_slump 819 -74 11668 -11585 0 11578 11598 247
slow_slump 820 2 11553 -11633 0 11584 11592 248
slow_slump 821 -65 11703 -11635 0 11590 11605 249
slow_slump 822 -26 11521 -11572 0 11587 11594 250
slow_slump 823 26 11498 -11563 0 11584 11582 251
slow_slump 824 74 11589 -11627 0 11589 11582 252
slow_slump 825 -26 11632 -11597 0 11590 11588 253
slow_slump 826 -170 11579 -11538 0 11583 11586 254
slow_slump 827 -4 11584 -11492 0 11571 11585 255
slow_slump 828 -12 11513 -11534 0 11566 11576 256
slow_slump 829 -19 11591 -11527 0 11561 11577 257
slow_slump 830 114 11656 -11600 0 11565 11586 258
slow_slump 831 20 11558 -11614 0 11571 11582 259
slow_slump 832 14 11617 -11587 0 11573 11586 260
slow_slump 833 28 11622 -11673 0 11585 11590 261
slow_slump 834 -69 11683 -11618 0 11589 11601 262
slow_slump 835 40 11664 -11557 0 11585 11608 263
slow_slump 836 32 11708 -11571 0 11583 11620 264
slow_slump 837 -40 11584 -11592 0 11584 11615 265
slow_slump 838 29 11672 -11666 0 11594 11622 266
slow_slump 839 30 11698 -11634 0 11599 11631 267
slow_slump 840 -3 11599 -11604 0 11599 11627 268
slow_slump 841 -60 11563 -11597 0 11598 11619 269
slow_slump 842 15 11555 -11448 0 11579 11611 270
slow_slump 843 -6 11601 -11574 0 11578 11609 271
slow_slump 844 -9 11606 -11537 0 11572 11608 272
slow_slump 845 -110 11646 -11585 0 11573 11612 273
slow_slump 846 8 11620 -11655 0 11583 11613 274
slow_slump 847 17 11535 -11579 0 11582 11603 275
slow_slump 848 -48 11570 -11567 0 11580 11598 276
slow_slump 849 1 11652 -11638 0 11587 11604 277
slow_slump 850 -27 11504 -11558 0 11583 11591 278
slow_slump 851 -138 11534 -11548 0 11578 11583 279
slow_slump 852 -13 11614 -11575 0 11577 11586 280
slow_slump 853 -69 11590 -11588 0 11578 11586 281
slow_slump 854 -52 11560 -11608 0 11581 11582 282
slow_slump 855 -13 11649 -11650 0 11589 11590 283
slow_slump 856 -27 11585 -11595 0 11589 11589 284
slow_slump 857 -64 11512 -11606 0 11591 11579 285
slow_slump 858 -36 11582 -11591 0 11591 11579 286
slow_slump 859 81 11509 -11496 0 11579 11570 287
slow_slump 860 35 11522 -11643 0 11587 11564 288
slow_slump 861 13 11521 -11580 0 11586 11558 289
slow_slump 862 -18 11580 -11606 0 11588 11560 290
slow_slump 863 -14 11504 -11594 0 11588 11553 291
slow_slump 864 54 11627 -11589 0 11588 11562 292
slow_slump 865 -2 11636 -11653 0 11596 11571 293
slow_slump 866 -39 11609 -11588 0 11595 11575 294
slow_slump 867 51 11603 -11598 0 11595 11578 295
slow_slump 868 -23 11650 -11586 0 11593 11587 296
slow_slump 869 -2 11576 -11684 0 11604 11585 297
slow_slump 870 -21 11573 -11588 0 11602 11583 298
slow_slump 871 -17 11705 -11526 0 11592 11598 299
slow_slump 872 -62 11588 -11686 0 11603 11596 300
slow_slump 873 26 11549 -11670 0 11611 11590 301
slow_slump 874 -48 11506 -11643 0 11615 11579 302
slow_slump 875 -3 11619 -11545 0 11606 11584 303
slow_slump 876 -13 11598 -11552 0 11599 11585 304
slow_slump 877 37 11596 -11628 0 11602 11586 305
slow_slump 878 -30 11539 -11540 0 11594 11580 306
slow_slump 879 -10 11557 -11603 0 11595 11577 307
slow_slump 880 40 11619 -11522 0 11585 11582 308
slow_slump 881 25 11559 -11506 0 11575 11579 309
slow_slump 882 -51 11649 -11617 0 11580 11587 310
slow_slump 883 -28 11584 -11594 0 11581 11586 311
slow_slump 884 42 11627 -11632 0 11587 11591 312
slow_slump 885 26 11564 -11556 0 11583 11587 313
slow_slump 886 61 11622 -11580 0 11582 11591 314
slow_slump 887 -30 11635 -11574 0 11581 11596 315
slow_slump 888 59 11658 -11593 0 11582 11603 316
slow_slump 889 19 11539 -11589 0 11582 11595 317
slow_slump 890 57 11630 -11582 0 11582 11599 318
slow_slump 891 0 11618 -11584 0 11582 11601 319
slow_slump 892 5 11630 -11624 0 11587 11604 320
slow_slump 893 129 11614 -11671 0 11597 11605 321
slow_slump 894 7 11583 -11601 0 11597 11602 322
slow_slump 895 -48 11589 -11546 0 11590 11600 323
slow_slump 896 18 11587 -11545 0 11584 11598 324
slow_slump 897 30 11686 -11594 0 11585 11609 325
slow_slump 898 2 11572 -11625 0 11590 11604 326
slow_slump 899 -16 11539 -11573 0 11587 11595 327
slow_slump 900 26 11636 -11514 0 11577 11600 328
slow_slump 901 -58 11597 -11580 0 11577 11599 329
slow_slump 902 62 11474 -11641 0 11585 11583 330
slow_slump 903 23 11603 -11525 0 11577 11585 331
slow_slump 904 5 11540 -11589 0 11578 11579 332
slow_slump 905 25 11518 -11624 0 11583 11571 333
slow_slump 906 57 11524 -11560 0 11580 11565 334
slow_slump 907 19 11594 -11621 0 11585 11568 335
slow_slump 908 -18 11567 -11542 0 11579 11567 336
slow_slump 909 43 11683 -11625 0 11584 11581 337
slow_slump 910 78 11573 -11638 0 11590 11580 338
slow_slump 911 -57 11608 -11586 0 11589 11583 339
slow_slump 912 -5 11594 -11559 0 11585 11584 340
slow_slump 913 100 11677 -11601 0 11587 11595 341
slow_slump 914 5 11505 -11587 0 11587 11583 342
slow_slump 915 76 11553 -11571 0 11585 11579 343
slow_slump 916 -59 11536 -11574 0 11583 11573 344
slow_slump 917 -20 11569 -11521 0 11575 11572 345
slow_slump 918 36 11555 -11628 0 11581 11569 346
slow_slump 919 6 11535 -11620 0 11585 11564 347
slow_slump 920 -77 11589 -11620 0 11589 11567 348
slow_slump 921 -75 11482 -11556 0 11584 11556 349
slow_slump 922 2 11516 -11624 0 11589 11551 350
slow_slump 923 -29 11565 -11533 0 11582 11552 351
slow_slump 924 5 11599 -11680 0 11594 11557 352
slow_slump 925 -124 11568 -11554 0 11589 11558 353
slow_slump 926 26 11589 -11622 0 11593 11561 354
slow_slump 927 -4 11468 -11567 0 11589 11549 355
slow_slump 928 5 11542 -11561 0 11585 11548 356
slow_slump 929 73 11575 -11648 0 11592 11551 357
slow_slump 930 -18 11692 -11554 0 11587 11568 358
slow_slump 931 6 11572 -11527 0 11579 11568 359
slow_slump 932 71 11611 -11651 0 11588 11573 360
slow_slump 933 -30 11596 -11671 0 11598 11575 361
slow_slump 934 -46 11556 -11550 0 11592 11572 362
slow_slump 935 -41 11629 -11515 0 11582 11579 363
slow_slump 936 -46 11551 -11653 0 11590 11575 364
slow_slump 937 -28 11556 -11521 0 11581 11572 365
slow_slump 938 -13 11627 -11645 0 11589 11578 366
slow_slump 939 -48 11532 -11592 0 11589 11572 367
slow_slump 940 23 11587 -11530 0 11581 11573 368
slow_slump 941 -31 11529 -11654 0 11590 11567 369
slow_slump 942 -33 11658 -11617 0 11593 11578 370
slow_slump 943 -43 11618 -11645 0 11599 11583 371
slow_slump 944 -29 11541 -11592 0 11598 11577 372
slow_slump 945 92 11617 -11606 0 11599 11582 373
slow_slump 946 58 11637 -11532 0 11590 11588 374
slow_slump 947 -41 11634 -11618 0 11593 11593 375
slow_slump 948 54 11601 -11534 0 11585 11594 376
slow_slump 949 -97 11611 -11553 0 11581 11596 377
slow_slump 950 43 11523 -11550 0 11577 11586 378
slow_slump 951 26 11557 -11650 0 11586 11582 379
slow_slump 952 -4 11573 -11645 0 11593 11580 380
slow_slump 953 52 11575 -11564 0 11589 11579 381
slow_slump 954 74 11617 -11602 0 11590 11583 382
slow_slump 955 -49 11604 -11650 0 11597 11585 383
slow_slump 956 -14 11566 -11570 0 11593 11582 384
slow_slump 957 -22 11567 -11590 0 11592 11580 385
slow_slump 958 44 11600 -11563 0 11588 11582 386
slow_slump 959 29 11582 -11555 0 11583 11582 387
slow_slump 960 90 11596 -11626 0 11588 11583 388
slow_slump 961 12 11632 -11700 0 11602 11589 389
slow_slump 962 -70 11484 -11559 0 11596 11575 390
slow_slump 963 23 11562 -11619 0 11598 11573 391
slow_slump 964 79 11514 -11548 0 11591 11565 392
slow_slump 965 21 11599 -11517 0 11581 11569 393
slow_slump 966 50 11607 -11561 0 11578 11573 394
slow_slump 967 13 11498 -11637 0 11585 11563 395
slow_slump 968 8 11652 -11552 0 11580 11574 396
slow_slump 969 -5 11605 -11573 0 11579 11577 397
slow_slump 970 5 11540 -11598 0 11581 11572 398
slow_slump 971 25 11630 -11504 0 11571 11579 399
slow_slump 972 -26 11573 -11601 0 11574 11578 400
slow_slump 973 21 11587 -11605 0 11577 11579 401
slow_slump 974 -2 11670 -11639 0 11584 11590 402
slow_slump 975 -99 11618 -11560 0 11581 11593 403
slow_slump 976 -53 11572 -11609 0 11584 11590 404
slow_slump 977 -100 11496 -11610 0 11587 11578 405
slow_slump 978 -31 11540 -11627 0 11592 11573 406
slow_slump 979 -42 11620 -11621 0 11595 11578 407
slow_slump 980 8 11524 -11559 0 11590 11571 408
slow_slump 981 -82 11581 -11560 0 11586 11572 409
slow_slump 982 -55 11613 -11565 0 11583 11577 410
slow_slump 983 67 11538 -11668 0 11593 11572 411
slow_slump 984 16 11584 -11526 0 11584 11573 412
slow_slump 985 23 11610 -11528 0 11577 11577 413
slow_slump 986 6 11614 -11596 0 11579 11581 414
slow_slump 987 40 11628 -11568 0 11577 11586 415
slow_slump 988 43 11619 -11645 0 11585 11590 416
slow_slump 989 0 11534 -11684 0 11597 11583 417
slow_slump 990 6 11583 -11658 0 11604 11583 418
slow_slump 991 -52 11544 -11656 0 11610 11578 419
slow_slump 992 -43 11603 -11659 0 11616 11581 420
slow_slump 993 13 11683 -11654 0 11620 11593 421
slow_slump 994 84 11544 -11576 0 11614 11586 422
slow_slump 995 4 11645 -11569 0 11608 11593 423
slow_slump 996 27 11651 -11521 0 11597 11600 424
slow_slump 997 -33 11533 -11549 0 11591 11591 425
slow_slump 998 -75 11570 -11620 0 11594 11588 426
slow_slump 999 -2 11565 -11540 0 11587 11585 427
slow_slump 1000 33 11536 -11584 0 11586 11578 428
slow_slump 1001 -6 11524 -11652 0 11594 11571 429
slow_slump 1002 23 11567 -11536 0 11586 11570 430
slow_slump 1003 -37 11581 -11584 0 11585 11571 431
slow_slump 1004 -98 11605 -11556 0 11581 11575 432
slow_slump 1005 -61 11611 -11609 0 11584 11579 433
slow_slump 1006 102 11698 -11685 0 11596 11593 434
slow_slump 1007 -18 11587 -11597 0 11596 11592 435
slow_slump 1008 20 11609 -11558 0 11591 11594 436
slow_slump 1009 2 11616 -11553 0 11586 11596 437
slow_slump 1010 -40 11631 -11589 0 11586 11600 438
slow_slump 1011 -51 11620 -11619 0 11590 11602 439
slow_slump 1012 38 11570 -11577 0 11588 11598 440
slow_slump 1013 -114 11536 -11551 0 11583 11590 441
slow_slump 1014 -7 11552 -11509 0 11573 11585 442
slow_slump 1015 -60 11667 -11605 0 11577 11595 443
slow_slump 1016 -93 11588 -11562 0 11575 11594 444
slow_slump 1017 -27 11709 -11599 0 11578 11608 445
slow_slump 1018 14 11689 -11572 0 11577 11618 446
slow_slump 1019 -10 11552 -11584 0 11577 11609 447
slow_slump 1020 37 11541 -11566 0 11575 11600 448
slow_slump 1021 2 11514 -11631 0 11582 11589 449
slow_slump 1022 -56 11644 -11568 0 11580 11595 450
slow_slump 1023 -12 11643 -11574 0 11579 11601 451
slow_slump 1024 3 11663 -11621 0 11584 11608 452
slow_slump 1025 10 11601 -11666 0 11594 11607 453
slow_slump 1026 10 11492 -11586 0 11593 11592 454
slow_slump 1027 -12 11608 -11651 0 11600 11594 455
slow_slump 1028 56 11538 -11540 0 11592 11587 456
slow_slump 1029 -87 11592 -11665 0 11601 11587 457
slow_slump 1030 39 11551 -11604 0 11601 11582 458
slow_slump 1031 45 11521 -11485 0 11586 11574 459
slow_slump 1032 -120 11662 -11645 0 11593 11585 460
slow_slump 1033 50 11560 -11633 0 11598 11581 461
slow_slump 1034 183 11660 -11666 0 11606 11590 462
slow_slump 1035 13 11643 -11714 0 11619 11596 463
slow_slump 1036 -8 11624 -11565 0 11612 11599 464
slow_slump 1037 36 11627 -11495 0 11597 11602 465
slow_slump 1038 30 11575 -11558 0 11592 11598 466
slow_slump 1039 61 11555 -11701 0 11605 11592 467
slow_slump 1040 25 11592 -11551 0 11598 11592 468
slow_slump 1041 24 11550 -11600 0 11598 11586 469
slow_slump 1042 89 11640 -11551 0 11592 11592 470
slow_slump 1043 -62 11580 -11636 0 11597 11590 471
slow_slump 1044 -19 11592 -11668 0 11605 11590 472
slow_slump 1045 34 11615 -11529 0 11595 11593 473
slow_slump 1046 -9 11571 -11622 0 11598 11590 474
slow_slump 1047 40 11588 -11581 0 11595 11589 475
slow_slump 1048 -17 11497 -11548 0 11589 11577 476
slow_slump 1049 -16 11628 -11602 0 11590 11583 477
slow_slump 1050 79 11580 -11657 0 11598 11582 478
slow_slump 1051 -4 11584 -11562 0 11593 11582 479
slow_slump 1052 54 11655 -11574 0 11590 11591 480
slow_slump 1053 -80 11574 -11615 0 11593 11588 481
slow_slump 1054 -34 11555 -11571 0 11590 11583 482
slow_slump 1055 70 11489 -11523 0 11581 11571 483
slow_slump 1056 -32 11588 -11664 0 11591 11573 484
slow_slump 1057 -45 11620 -11496 0 11579 11578 485
slow_slump 1058 -51 11586 -11581 0 11579 11579 486
slow_slump 1059 -14 11514 -11564 0 11577 11570 487
slow_slump 1060 -19 11593 -11602 0 11580 11572 488
slow_slump 1061 -22 11585 -11643 0 11587 11573 489
slow_slump 1062 41 11540 -11680 0 11598 11568 490
slow_slump 1063 -2 11570 -11639 0 11603 11568 491
slow_slump 1064 3 11522 -11472 0 11586 11562 492
slow_slump 1065 -39 11537 -11542 0 11580 11558 493
slow_slump 1066 -61 11584 -11567 0 11578 11561 494
slow_slump 1067 114 11546 -11604 0 11581 11559 495
slow_slump 1068 24 11589 -11652 0 11589 11562 496
slow_slump 1069 -78 11506 -11581 0 11588 11555 497
slow_slump 1070 -127 11613 -11595 0 11588 11562 498
slow_slump 1071 7 11610 -11576 0 11586 11568 499
slow_slump 1072 29 11578 -11639 0 11592 11569 500
slow_slump 1073 0 11669 -11525 0 11583 11581 501
slow_slump 1074 -14 11595 -11477 0 11569 11582 502
slow_slump 1075 -18 11599 -11593 0 11572 11584 503
slow_slump 1076 7 11585 -11586 0 11573 11584 504
slow_slump 1077 -68 11621 -11576 0 11573 11588 505
slow_slump 1078 89 11616 -11583 0 11574 11591 506
slow_slump 1079 -9 11531 -11518 0 11567 11583 507
slow_slump 1080 -40 11616 -11585 0 11569 11587 508
slow_slump 1081 52 11575 -11735 0 11589 11585 509
slow_slump 1082 1 11523 -11547 0 11583 11577 510
slow_slump 1083 104 11569 -11540 0 11577 11576 511
slow_slump 1084 40 11516 -11618 0 11582 11568 512
slow_slump 1085 -65 11503 -11689 0 11595 11559 513
slow_slump 1086 101 11582 -11633 0 11599 11561 514
slow_slump 1087 -53 11536 -11582 0 11596 11557 515
slow_slump 1088 -44 11566 -11537 0 11588 11558 516
slow_slump 1089 -40 11555 -11635 0 11593 11557 517
slow_slump 1090 -12 11610 -11545 0 11587 11563 518
slow_slump 1091 -23 11496 -11569 0 11584 11554 519
slow_slump 1092 26 11563 -11644 0 11591 11555 520
slow_slump 1093 34 11579 -11602 0 11592 11558 521
slow_slump 1094 57 11579 -11464 0 11576 11560 522
slow_slump 1095 30 11633 -11504 0 11567 11569 523
slow_slump 1096 -19 11589 -11601 0 11571 11571 524
slow_slump 1097 37 11576 -11621 0 11577 11571 525
slow_slump 1098 -49 11560 -11560 0 11574 11569 526
slow_slump 1099 -107 11594 -11606 0 11578 11572 527
slow_slump 1100 -29 11583 -11602 0 11581 11573 528
slow_slump 1101 -84 11547 -11532 0 11574 11569 529
slow_slump 1102 -57 11550 -11679 0 11587 11566 530
slow_slump 1103 31 11511 -11498 0 11575 11559 531
slow_slump 1104 -15 11521 -11594 0 11577 11554 532
slow_slump 1105 -11 11563 -11418 0 11557 11555 533
slow_slump 1106 18 11573 -11595 0 11561 11557 534
slow_slump 1107 -54 11545 -11565 0 11561 11555 535
slow_slump 1108 19 11569 -11493 0 11552 11556 536
slow_slump 1109 22 11641 -11585 0 11556 11566 537
slow_slump 1110 -29 11580 -11532 0 11553 11567 538
slow_slump 1111 57 11525 -11643 0 11564 11561 539
slow_slump 1112 6 11726 -11543 0 11561 11581 540
slow_slump 1113 19 11595 -11587 0 11564 11582 541
slow_slump 1114 -49 11594 -11543 0 11561 11583 542
slow_slump 1115 -1 11573 -11605 0 11566 11581 543
slow_slump 1116 75 11622 -11713 0 11584 11586 544
slow_slump 1117 21 11545 -11517 0 11575 11580 545
slow_slump 1118 -4 11535 -11571 0 11574 11574 546
slow_slump 1119 -16 11601 -11522 0 11567 11577 547
slow_slump 1120 -72 11612 -11544 0 11564 11581 548
slow_slump 1121 -38 11624 -11558 0 11563 11586 549
slow_slump 1122 33 11641 -11623 1 11570 11592 50
slow_slump 1123 -70 11521 -11646 0 11579 11583 51
slow_slump 1124 -17 11546 -11626 0 11584 11578 52
slow_slump 1125 95 11702 -11554 0 11580 11593 53
slow_slump 1126 -39 11643 -11630 0 11586 11599 54
slow_slump 1127 60 11594 -11550 0 11581 11598 55
slow_slump 1128 -8 11563 -11581 0 11581 11593 56
slow_slump 1129 -47 11636 -11641 0 11588 11598 57
slow_slump 1130 29 11590 -11610 0 11590 11597 58
slow_slump 1131 -8 11640 -11581 0 11588 11602 59
slow_slump 1132 86 11665 -11580 0 11587 11609 60
slow_slump 1133 -13 11496 -11641 0 11593 11594 61
slow_slump 1134 -4 11568 -11588 0 11592 11590 62
slow_slump 1135 45 11567 -11625 0 11596 11587 63
slow_slump 1136 -66 11580 -11644 0 11602 11586 64
slow_slump 1137 -34 11575 -11532 0 11593 11584 65
slow_slump 1138 10 11567 -11570 0 11590 11581 66
slow_slump 1139 -46 11564 -11588 0 11589 11578 67
slow_slump 1140 -61 11548 -11608 0 11591 11574 68
slow_slump 1141 -39 11544 -11564 0 11587 11570 69
slow_slump 1142 -7 11517 -11592 0 11587 11563 70
slow_slump 1143 -33 11678 -11583 0 11586 11577 71
slow_slump 1144 -69 11604 -11576 0 11584 11580 72
slow_slump 1145 2 11487 -11633 0 11590 11568 73
slow_slump 1146 -117 11541 -11595 0 11590 11564 74
slow_slump 1147 97 11562 -11513 0 11580 11563 75
slow_slump 1148 92 11645 -11518 0 11572 11573 76
slow_slump 1149 -36 11453 -11544 0 11568 11558 77
slow_slump 1150 8 11527 -11657 0 11579 11554 78
slow_slump 1151 13 11569 -11562 0 11576 11555 79
slow_slump 1152 -84 11681 -11567 0 11574 11570 80
slow_slump 1153 29 11662 -11631 0 11581 11581 81
slow_slump 1154 -17 11669 -11685 0 11594 11592 82
slow_slump 1155 -22 11615 -11584 0 11592 11594 83
slow_slump 1156 11 11520 -11487 0 11578 11584 84
slow_slump 1157 -65 11561 -11578 0 11578 11581 85
slow_slump 1158 7 11554 -11598 0 11580 11577 86
slow_slump 1159 -20 11579 -11540 0 11575 11577 87
slow_slump 1160 -2 11626 -11657 0 11585 11583 88
slow_slump 1161 34 11581 -11735 0 11603 11582 89
slow_slump 1162 -36 11646 -11658 0 11609 11590 90
slow_slump 1163 85 11483 -11569 0 11604 11576 91
slow_slump 1164 9 11537 -11555 0 11597 11571 92
slow_slump 1165 5 11607 -11609 0 11598 11575 93
slow_slump 1166 33 11567 -11581 0 11595 11574 94
slow_slump 1167 -6 11602 -11612 0 11597 11577 95
slow_slump 1168 -31 11587 -11638 0 11602 11578 96
slow_slump 1169 97 11734 -11574 0 11598 11597 97
slow_slump 1170 -7 11556 -11584 0 11596 11591 98
slow_slump 1171 72 11571 -11625 0 11599 11588 99
slow_slump 1172 -54 11567 -11619 0 11601 11585 100
slow_slump 1173 -46 11591 -11617 0 11603 11585 101
slow_slump 1174 -11 11469 -11664 0 11610 11570 102
slow_slump 1175 53 11639 -11556 0 11603 11578 103
slow_slump 1176 44 11563 -11599 0 11602 11576 104
slow_slump 1177 20 11476 -11623 0 11604 11563 105
slow_slump 1178 2 11590 -11586 0 11601 11566 106
slow_slump 1179 -16 11601 -11581 0 11598 11570 107
slow_slump 1180 1 11524 -11576 0 11595 11564 108
slow_slump 1181 -18 11583 -11648 0 11601 11566 109
slow_slump 1182 7 11650 -11585 0 11599 11576 110
slow_slump 1183 32 11625 -11601 0 11599 11582 111
slow_slump 1184 17 11570 -11590 0 11597 11580 112
slow_slump 1185 -23 11642 -11571 0 11593 11587 113
slow_slump 1186 -2 11598 -11609 0 11595 11588 114
slow_slump 1187 -46 11522 -11567 0 11591 11579 115
slow_slump 1188 -42 11618 -11537 0 11584 11583 116
slow_slump 1189 -7 11553 -11592 0 11585 11579 117
slow_slump 1190 -9 11540 -11596 0 11586 11574 118
slow_slump 1191 -10 11559 -11586 0 11586 11572 119
slow_slump 1192 -84 11546 -11648 0 11593 11568 120
slow_slump 1193 73 11537 -11584 0 11591 11564 121
slow_slump 1194 37 11647 -11642 0 11597 11574 122
slow_slump 1195 87 11694 -11563 0 11592 11589 123
slow_slump 1196 113 11622 -11589 0 11591 11593 124
slow_slump 1197 -88 11600 -11720 0 11607 11593 125
slow_slump 1198 -2 11632 -11594 0 11605 11597 126
slow_slump 1199 -18 11540 -11628 0 11607 11589 127
slow_slump 1200 -5 11647 -11629 0 11609 11596 128
slow_slump 1201 33 11479 -11580 0 11605 11581 129
slow_slump 1202 -1 11570 -11669 0 11613 11579 130
slow_slump 1203 19 11572 -11669 0 11620 11578 131
slow_slump 1204 -1 11683 -11549 0 11611 11591 132
slow_slump 1205 -63 11546 -11597 0 11609 11585 133
slow_slump 1206 29 11493 -11629 0 11611 11573 134
slow_slump 1207 31 11547 -11550 0 11603 11569 135
slow_slump 1208 -66 11578 -11553 0 11596 11570 136
slow_slump 1209 4 11596 -11561 0 11591 11573 137
slow_slump 1210 -21 11684 -11617 0 11594 11586 138
slow_slump 1211 21 11537 -11548 0 11588 11579 139
slow_slump 1212 18 11547 -11616 0 11591 11575 140
slow_slump 1213 129 11565 -11555 0 11586 11573 141
slow_slump 1214 -41 11499 -11585 0 11585 11563 142
slow_slump 1215 39 11628 -11579 0 11584 11571 143
slow_slump 1216 76 11562 -11561 0 11581 11569 144
slow_slump 1217 54 11635 -11646 0 11589 11577 145
slow_slump 1218 5 11548 -11547 0 11583 11573 146
slow_slump 1219 -29 11615 -11552 0 11579 11578 147
slow_slump 1220 -43 11613 -11640 0 11586 11582 148
slow_slump 1221 11 11562 -11700 0 11600 11579 149
slow_slump 1222 65 11533 -11638 0 11604 11573 150
slow_slump 1223 6 11565 -11538 0 11595 11572 151
slow_slump 1224 17 11651 -11481 0 11580 11581 152
slow_slump 1225 -80 11654 -11584 0 11580 11590 153
slow_slump 1226 -49 11559 -11660 0 11590 11586 154
slow_slump 1227 -16 11607 -11570 0 11587 11588 155
slow_slump 1228 8 11605 -11614 0 11590 11590 156
slow_slump 1229 37 11637 -11593 0 11590 11595 157
slow_slump 1230 -44 11609 -11608 0 11592 11596 158
slow_slump 1231 6 11629 -11552 0 11587 11600 159
slow_slump 1232 -68 11601 -11577 0 11585 11600 160
slow_slump 1233 -26 11639 -11563 0 11582 11604 161
slow_slump 1234 120 11579 -11600 0 11584 11600 162
slow_slump 1235 48 11644 -11662 0 11593 11605 163
slow_slump 1236 -27 11598 -11608 0 11594 11604 164
slow_slump 1237 14 11577 -11622 0 11597 11600 165
slow_slump 1238 -38 11569 -11563 0 11592 11596 166
slow_slump 1239 -40 11614 -11561 0 11588 11598 167
slow_slump 1240 2 11539 -11616 0 11591 11590 168
slow_slump 1241 -101 11532 -11567 0 11588 11582 169
slow_slump 1242 -88 11604 -11626 0 11592 11584 170
slow_slump 1243 55 11573 -11538 0 11585 11582 171
slow_slump 1244 103 11603 -11567 0 11582 11584 172
slow_slump 1245 -63 11572 -11635 0 11588 11582 173
slow_slump 1246 -68 11530 -11590 0 11588 11575 174
slow_slump 1247 44 11567 -11602 0 11589 11574 175
slow_slump 1248 66 11571 -11575 0 11587 11573 176
slow_slump 1249 -27 11540 -11606 0 11589 11568 177
slow_slump 1250 3 11530 -11642 0 11595 11563 178
slow_slump 1251 30 11524 -11617 0 11597 11558 179
slow_slump 1252 0 11537 -11603 0 11597 11555 180
slow_slump 1253 -16 11559 -11620 0 11599 11555 181
slow_slump 1254 58 11613 -11619 0 11601 11562 182
slow_slump 1255 -38 11558 -11715 0 11615 11561 183
slow_slump 1256 12 11564 -11626 0 11616 11561 184
slow_slump 1257 7 11473 -11629 0 11617 11550 185
slow_slump 1258 29 11587 -11529 0 11606 11554 186
slow_slump 1259 -57 11650 -11600 0 11605 11566 187
slow_slump 1260 -23 11719 -11631 0 11608 11585 188
slow_slump 1261 -23 11586 -11536 0 11599 11585 189
slow_slump 1262 -11 11564 -11524 0 11589 11582 190
slow_slump 1263 -20 11600 -11575 0 11587 11584 191
slow_slump 1264 8 11589 -11592 0 11587 11584 192
slow_slump 1265 -77 11693 -11545 0 11581 11597 193
slow_slump 1266 20 11618 -11534 0 11575 11599 194
slow_slump 1267 -7 11603 -11710 0 11591 11599 195
slow_slump 1268 1 11646 -11568 0 11588 11604 196
slow_slump 1269 -26 11573 -11606 0 11590 11600 197
slow_slump 1270 -15 11548 -11697 0 11603 11593 198
slow_slump 1271 36 11595 -11510 0 11591 11593 199
slow_slump 1272 7 11593 -11591 0 11591 11593 200
slow_slump 1273 -83 11490 -11634 0 11596 11580 201
slow_slump 1274 -12 11586 -11531 0 11587 11580 202
slow_slump 1275 10 11544 -11543 0 11581 11575 203
slow_slump 1276 -16 11576 -11614 0 11585 11575 204
slow_slump 1277 -4 11474 -11562 0 11582 11562 205
slow_slump 1278 -50 11610 -11635 0 11588 11568 206
slow_slump 1279 -27 11522 -11533 0 11581 11562 207
slow_slump 1280 -59 11622 -11561 0 11578 11569 208
slow_slump 1281 -64 11548 -11472 0 11564 11566 209
slow_slump 1282 85 11577 -11533 0 11560 11567 210
slow_slump 1283 -34 11634 -11568 0 11561 11575 211
slow_slump 1284 19 11529 -11617 0 11568 11569 212
slow_slump 1285 88 11580 -11618 0 11574 11570 213
slow_slump 1286 -28 11549 -11567 0 11573 11567 214
slow_slump 1287 6 11555 -11639 0 11581 11565 215
slow_slump 1288 2 11492 -11594 0 11582 11555 216
slow_slump 1289 10 11642 -11545 0 11577 11565 217
slow_slump 1290 21 11540 -11485 0 11565 11561 218
slow_slump 1291 -74 11570 -11556 0 11563 11562 219
slow_slump 1292 25 11600 -11567 0 11563 11566 220
slow_slump 1293 51 11574 -11670 0 11576 11567 221
slow_slump 1294 25 11678 -11555 0 11573 11580 222
slow_slump 1295 53 11585 -11711 0 11590 11580 223
slow_slump 1296 13 11618 -11606 0 11592 11584 224
slow_slump 1297 -95 11584 -11493 0 11579 11584 225
slow_slump 1298 91 11613 -11581 0 11579 11587 226
slow_slump 1299 -35 11606 -11650 0 11587 11589 227
slow_slump 1300 4 11571 -11618 0 11590 11586 228
slow_slump 1301 -9 11580 -11620 0 11593 11585 229
slow_slump 1302 13 11622 -11615 0 11595 11589 230
slow_slump 1303 -16 11600 -11580 0 11593 11590 231
slow_slump 1304 12 11641 -11593 0 11593 11596 232
slow_slump 1305 -2 11622 -11544 0 11586 11599 233
slow_slump 1306 27 11648 -11660 0 11595 11605 234
slow_slump 1307 23 11641 -11572 0 11592 11609 235
slow_slump 1308 -28 11628 -11617 0 11595 11611 236
slow_slump 1309 30 11522 -11653 0 11602 11599 237
slow_slump 1310 31 11601 -11659 0 11609 11599 238
slow_slump 1311 117 11640 -11569 0 11604 11604 239
slow_slump 1312 14 11507 -11648 0 11609 11591 240
slow_slump 1313 -20 11667 -11578 0 11605 11600 241
slow_slump 1314 -13 11580 -11552 0 11598 11597 242
slow_slump 1315 -58 11572 -11627 0 11601 11593 243
slow_slump 1316 48 11542 -11598 0 11600 11586 244
slow_slump 1317 9 11505 -11594 0 11599 11575 245
slow_slump 1318 -21 11638 -11623 0 11602 11582 246
slow_slump 1319 -72 11595 -11591 0 11600 11583 247
slow_slump 1320 23 11622 -11617 0 11602 11587 248
slow_slump 1321 -6 11620 -11561 0 11596 11591 249
slow_slump 1322 0 11531 -11577 0 11593 11583 250
slow_slump 1323 -28 11613 -11664 0 11601 11586 251
slow_slump 1324 8 11597 -11605 0 11601 11587 252
slow_slump 1325 -55 11593 -11576 0 11597 11587 253
slow_slump 1326 -31 11591 -11518 0 11587 11587 254
slow_slump 1327 -5 11551 -11686 0 11599 11582 255
slow_slump 1328 -5 11599 -11626 0 11602 11584 256
slow_slump 1329 0 11586 -11561 0 11596 11584 257
slow_slump 1330 -14 11627 -11551 0 11590 11589 258
slow_slump 1331 -17 11559 -11523 0 11581 11585 259
slow_slump 1332 -37 11590 -11519 0 11573 11585 260
slow_slump 1333 50 11616 -11495 0 11563 11588 261
slow_slump 1334 -17 11571 -11549 0 11561 11585 262
slow_slump 1335 89 11550 -11641 0 11571 11580 263
slow_slump 1336 39 11586 -11626 0 11577 11580 264
slow_slump 1337 -9 11643 -11593 0 11579 11587 265
slow_slump 1338 32 11608 -11635 0 11586 11589 266
slow_slump 1339 -56 11526 -11584 0 11585 11581 267
slow_slump 1340 -15 11570 -11565 0 11582 11579 268
slow_slump 1341 -55 11608 -11494 0 11571 11582 269
slow_slump 1342 -3 11637 -11629 0 11578 11588 270
slow_slump 1343 69 11609 -11602 0 11581 11590 271
slow_slump 1344 -28 11582 -11570 0 11579 11589 272
slow_slump 1345 5 11572 -11654 0 11588 11586 273
slow_slump 1346 -81 11624 -11596 0 11589 11590 274
slow_slump 1347 -30 11558 -11546 0 11583 11586 275
slow_slump 1348 32 11594 -11640 0 11590 11587 276
slow_slump 1349 -64 11510 -11578 0 11588 11577 277
slow_slump 1350 31 11532 -11526 0 11580 11571 278
slow_slump 1351 -42 11575 -11588 0 11581 11571 279
slow_slump 1352 -27 11646 -11607 0 11584 11580 280
slow_slump 1353 93 11639 -11620 0 11588 11587 281
slow_slump 1354 -8 11576 -11557 0 11584 11585 282
slow_slump 1355 25 11562 -11633 0 11590 11582 283
slow_slump 1356 -58 11612 -11614 0 11593 11585 284
slow_slump 1357 -8 11547 -11584 0 11591 11580 285
slow_slump 1358 -24 11610 -11568 0 11588 11583 286
slow_slump 1359 62 11529 -11552 0 11583 11576 287
slow_slump 1360 12 11579 -11623 0 11588 11576 288
slow_slump 1361 123 11516 -11588 0 11588 11568 289
slow_slump 1362 26 11603 -11604 0 11590 11572 290
slow_slump 1363 -58 11582 -11533 0 11582 11573 291
slow_slump 1364 14 11568 -11488 0 11570 11572 292
slow_slump 1365 -29 11515 -11605 0 11574 11564 293
slow_slump 1366 -77 11566 -11640 0 11582 11564 294
slow_slump 1367 51 11565 -11524 0 11574 11564 295
slow_slump 1368 43 11518 -11519 0 11567 11558 296
slow_slump 1369 -15 11610 -11568 0 11567 11564 297
slow_slump 1370 55 11584 -11578 0 11568 11566 298
slow_slump 1371 -27 11544 -11694 0 11583 11563 299
slow_slump 1372 1 11652 -11589 0 11583 11574 300
slow_slump 1373 -4 11585 -11630 0 11588 11575 301
slow_slump 1374 55 11555 -11508 0 11578 11572 302
slow_slump 1375 -32 11661 -11560 0 11575 11583 303
slow_slump 1376 -47 11554 -11574 0 11574 11579 304
slow_slump 1377 -26 11708 -11604 0 11577 11595 305
slow_slump 1378 -25 11555 -11611 0 11581 11590 306
slow_slump 1379 19 11645 -11600 0 11583 11596 307
slow_slump 1380 -38 11544 -11568 0 11581 11589 308
slow_slump 1381 -82 11637 -11546 0 11576 11595 309
slow_slump 1382 -43 11577 -11615 0 11580 11592 310
slow_slump 1383 19 11539 -11626 0 11585 11585 311
slow_slump 1384 22 11623 -11601 0 11587 11589 312
slow_slump 1385 -48 11576 -11508 0 11577 11587 313
slow_slump 1386 61 11583 -11474 0 11564 11586 314
slow_slump 1387 17 11631 -11662 0 11576 11591 315
slow_slump 1388 -33 11533 -11629 0 11582 11583 316
slow_slump 1389 73 11508 -11623 0 11587 11573 317
slow_slump 1390 48 11488 -11551 0 11582 11562 318
slow_slump 1391 25 11547 -11594 0 11583 11560 319
slow_slump 1392 -53 11532 -11609 0 11586 11556 320
slow_slump 1393 -40 11585 -11621 0 11590 11559 321
slow_slump 1394 -20 11583 -11586 0 11589 11562 322
slow_slump 1395 67 11538 -11501 0 11578 11559 323
slow_slump 1396 59 11594 -11625 0 11583 11563 324
slow_slump 1397 -40 11572 -11570 0 11581 11564 325
slow_slump 1398 -8 11602 -11653 0 11590 11568 326
slow_slump 1399 8 11587 -11528 0 11582 11570 327
slow_slump 1400 -23 11544 -11641 0 11589 11566 328
slow_slump 1401 48 11591 -11587 0 11588 11569 329
slow_slump 1402 0 11596 -11593 0 11588 11572 330
slow_slump 1403 65 11567 -11615 0 11591 11571 331
slow_slump 1404 28 11639 -11626 0 11595 11579 332
slow_slump 1405 -16 11643 -11600 0 11595 11587 333
slow_slump 1406 24 11637 -11605 0 11596 11593 334
slow_slump 1407 33 11628 -11552 0 11590 11597 335
slow_slump 1408 92 11728 -11612 0 11592 11613 336
slow_slump 1409 -16 11576 -11589 0 11591 11608 337
slow_slump 1410 -7 11567 -11640 0 11597 11602 338
slow_slump 1411 10 11579 -11548 0 11590 11599 339
slow_slump 1412 -56 11629 -11590 0 11590 11602 340
slow_slump 1413 -89 11632 -11698 0 11603 11605 341
slow_slump 1414 -4 11622 -11652 0 11609 11607 342
slow_slump 1415 42 11546 -11501 0 11595 11599 343
slow_slump 1416 -34 11545 -11637 0 11600 11592 344
slow_slump 1417 -107 11636 -11599 0 11599 11597 345
slow_slump 1418 -26 11502 -11599 0 11599 11585 346
slow_slump 1419 -1 11576 -11532 0 11590 11583 347
slow_slump 1420 -37 11619 -11657 0 11598 11587 348
slow_slump 1421 44 11485 -11501 0 11585 11574 349
slow_slump 1422 7 11672 -11496 0 11573 11586 350
slow_slump 1423 22 11650 -11677 0 11586 11594 351
slow_slump 1424 -32 11691 -11630 0 11591 11606 352
slow_slump 1425 -1 11604 -11696 0 11604 11605 353
slow_slump 1426 -34 11568 -11631 0 11607 11600 354
slow_slump 1427 40 11470 -11553 0 11600 11583 355
slow_slump 1428 23 11629 -11665 0 11608 11588 356
slow_slump 1429 24 11622 -11528 0 11598 11592 357
slow_slump 1430 -11 11636 -11541 0 11590 11597 358
slow_slump 1431 77 11527 -11611 0 11592 11588 359
slow_slump 1432 -6 11536 -11577 0 11590 11581 360
slow_slump 1433 113 11609 -11463 0 11574 11584 361
slow_slump 1434 34 11518 -11567 0 11573 11575 362
slow_slump 1435 -3 11632 -11594 0 11575 11582 363
slow_slump 1436 -6 11587 -11448 0 11559 11582 364
slow_slump 1437 100 11645 -11576 0 11561 11589 365
slow_slump 1438 74 11546 -11538 0 11558 11583 366
slow_slump 1439 -66 11584 -11553 0 11557 11583 367
slow_slump 1440 80 11563 -11640 0 11567 11580 368
slow_slump 1441 -84 11645 -11495 0 11558 11588 369
slow_slump 1442 83 11623 -11545 0 11556 11592 370
slow_slump 1443 -17 11602 -11555 0 11555 11593 371
slow_slump 1444 28 11580 -11559 0 11555 11591 372
slow_slump 1445 -48 11615 -11650 0 11566 11594 373
slow_slump 1446 13 11622 -11623 0 11573 11597 374
slow_slump 1447 -15 11528 -11590 0 11575 11588 375
slow_slump 1448 -29 11559 -11583 0 11576 11584 376
slow_slump 1449 -92 11560 -11649 0 11585 11581 377
slow_slump 1450 54 11607 -11514 0 11576 11584 378
slow_slump 1451 -9 11523 -11546 0 11572 11576 379
slow_slump 1452 45 11603 -11598 0 11575 11579 380
slow_slump 1453 2 11603 -11637 0 11582 11582 381
slow_slump 1454 61 11634 -11628 0 11587 11588 382
slow_slump 1455 75 11579 -11528 0 11579 11586 383
slow_slump 1456 -5 11529 -11579 0 11579 11578 384
slow_slump 1457 -4 11573 -11584 0 11579 11577 385
slow_slump 1458 -128 11665 -11589 0 11580 11588 386
slow_slump 1459 -32 11570 -11602 0 11582 11585 387
slow_slump 1460 -18 11561 -11667 0 11592 11582 388
slow_slump 1461 -9 11533 -11653 0 11599 11575 389
slow_slump 1462 -19 11514 -11412 0 11575 11567 390
slow_slump 1463 42 11619 -11585 0 11576 11573 391
slow_slump 1464 9 11537 -11556 0 11573 11568 392
slow_slump 1465 89 11616 -11588 0 11574 11574 393
slow_slump 1466 -3 11659 -11635 0 11581 11584 394
slow_slump 1467 -29 11590 -11479 0 11568 11584 395
slow_slump 1468 -50 11491 -11619 0 11574 11572 396
slow_slump 1469 12 11613 -11592 0 11576 11577 397
slow_slump 1470 8 11571 -11535 0 11570 11576 398
slow_slump 1471 -11 11553 -11580 0 11571 11573 399
slow_slump 1472 -16 11518 -11665 0 11582 11566 400
slow_slump 1473 28 11531 -11662 0 11592 11561 401
slow_slump 1474 34 11618 -11561 0 11588 11568 402
slow_slump 1475 29 11584 -11495 0 11576 11570 403
slow_slump 1476 -55 11505 -11578 0 11576 11561 404
slow_slump 1477 20 11682 -11558 0 11573 11576 405
slow_slump 1478 -61 11557 -11566 0 11572 11573 406
slow_slump 1479 75 11536 -11634 0 11579 11568 407
slow_slump 1480 -29 11603 -11612 0 11583 11572 408
slow_slump 1481 18 11629 -11559 0 11580 11579 409
slow_slump 1482 -59 11585 -11524 0 11573 11579 410
slow_slump 1483 56 11513 -11586 0 11574 11570 411
slow_slump 1484 -47 11568 -11586 0 11575 11569 412
slow_slump 1485 -15 11607 -11673 0 11587 11573 413
slow_slump 1486 16 11471 -11680 0 11598 11560 414
slow_slump 1487 -68 11690 -11622 0 11601 11576 415
slow_slump 1488 8 11569 -11623 0 11603 11575 416
slow_slump 1489 -13 11634 -11547 0 11596 11582 417
slow_slump 1490 47 11552 -11620 0 11599 11578 418
slow_slump 1491 -40 11581 -11551 0 11593 11578 419
slow_slump 1492 -14 11561 -11537 0 11586 11575 420
slow_slump 1493 -2 11609 -11668 0 11596 11579 421
slow_slump 1494 -34 11512 -11594 0 11595 11570 422
slow_slump 1495 -64 11541 -11568 0 11591 11566 423
slow_slump 1496 104 11581 -11565 0 11587 11567 424
slow_slump 1497 -31 11621 -11519 0 11578 11573 425
slow_slump 1498 -2 11529 -11615 0 11582 11567 426
slow_slump 1499 3 11599 -11516 0 11573 11571 427
slow_slump 1500 -73 11672 -11695 0 11588 11583 428
slow_slump 1501 -1 11543 -11671 0 11598 11578 429
slow_slump 1502 6 11627 -11612 0 11599 11584 430
slow_slump 1503 -26 11664 -11545 0 11592 11594 431
slow_slump 1504 48 11684 -11620 0 11595 11605 432
slow_slump 1505 40 11542 -11612 0 11597 11597 433
slow_slump 1506 -20 11634 -11552 0 11591 11601 434
slow_slump 1507 19 11511 -11473 0 11576 11589 435
slow_slump 1508 -20 11544 -11618 0 11581 11583 436
slow_slump 1509 83 11612 -11574 0 11580 11586 437
slow_slump 1510 7 11579 -11605 0 11583 11585 438
slow_slump 1511 8 11553 -11615 0 11587 11581 439
slow_slump 1512 3 11646 -11608 0 11589 11589 440
slow_slump 1513 24 11499 -11551 0 11584 11577 441
slow_slump 1514 95 11662 -11559 0 11580 11587 442
slow_slump 1515 -73 11613 -11523 0 11572 11590 443
slow_slump 1516 8 11575 -11551 0 11569 11588 444
slow_slump 1517 66 11554 -11577 0 11570 11583 445
slow_slump 1518 29 11675 -11555 0 11568 11594 446
slow_slump 1519 5 11567 -11588 0 11570 11590 447
slow_slump 1520 -95 11515 -11601 0 11573 11580 448
slow_slump 1521 36 11592 -11673 0 11585 11581 449
slow_slump 1522 7 11582 -11607 0 11587 11581 450
slow_slump 1523 8 11648 -11588 0 11587 11589 451
slow_slump 1524 5 11501 -11591 0 11587 11578 452
slow_slump 1525 -28 11544 -11637 0 11593 11573 453
slow_slump 1526 65 11570 -11643 0 11599 11572 454
slow_slump 1527 -50 11613 -11656 0 11606 11577 455
slow_slump 1528 -29 11492 -11516 0 11594 11566 456
slow_slump 1529 125 11589 -11654 0 11601 11568 457
slow_slump 1530 -29 11560 -11659 0 11608 11567 458
slow_slump 1531 15 11542 -11612 0 11608 11563 459
slow_slump 1532 -42 11692 -11556 0 11601 11579 460
slow_slump 1533 -7 11615 -11614 0 11602 11583 461
slow_slump 1534 -29 11647 -11527 0 11592 11591 462
slow_slump 1535 -128 11533 -11617 0 11595 11583 463
slow_slump 1536 40 11539 -11611 0 11597 11577 464
slow_slump 1537 2 11671 -11597 0 11597 11588 465
slow_slump 1538 68 11628 -11566 0 11593 11593 466
slow_slump 1539 36 11577 -11583 0 11591 11591 467
slow_slump 1540 -7 11489 -11458 0 11574 11578 468
slow_slump 1541 69 11588 -11591 0 11576 11579 469
slow_slump 1542 -2 11560 -11546 0 11572 11576 470
slow_slump 1543 7 11537 -11599 0 11575 11571 471
slow_slump 1544 -4 11547 -11638 0 11582 11568 472
slow_slump 1545 -6 11655 -11669 0 11592 11578 473
slow_slump 1546 42 11549 -11516 0 11582 11574 474
slow_slump 1547 8 11599 -11604 0 11584 11577 475
slow_slump 1548 -38 11534 -11611 0 11587 11571 476
slow_slump 1549 -41 11471 -11546 0 11581 11558 477
slow_slump 1550 49 11575 -11665 0 11591 11560 478
slow_slump 1551 -27 11572 -11543 0 11585 11561 479
slow_slump 1552 -10 11606 -11605 0 11587 11566 480
slow_slump 1553 -24 11627 -11575 0 11585 11573 481
slow_slump 1554 -32 11593 -11590 0 11585 11575 482
slow_slump 1555 12 11629 -11573 0 11583 11581 483
slow_slump 1556 49 11620 -11567 0 11581 11585 484
slow_slump 1557 107 11613 -11522 0 11573 11588 485
slow_slump 1558 -10 11631 -11569 0 11572 11593 486
slow_slump 1559 -61 11567 -11543 0 11568 11589 487
slow_slump 1560 20 11596 -11635 0 11576 11589 488
slow_slump 1561 9 11583 -11580 0 11576 11588 489
slow_slump 1562 -10 11632 -11539 0 11571 11593 490
slow_slump 1563 -42 11543 -11611 0 11576 11586 491
slow_slump 1564 61 11600 -11610 0 11580 11587 492
slow_slump 1565 58 11635 -11586 0 11580 11593 493
slow_slump 1566 -87 11581 -11522 0 11572 11591 494
slow_slump 1567 -35 11569 -11618 0 11577 11588 495
slow_slump 1568 -38 11571 -11674 0 11589 11585 496
slow_slump 1569 45 11616 -11541 0 11583 11588 497
slow_slump 1570 -54 11543 -11586 0 11583 11582 498
slow_slump 1571 -78 11542 -11636 0 11589 11577 499
slow_slump 1572 5 11534 -11518 0 11580 11571 500
slow_slump 1573 -12 11553 -11561 0 11577 11568 501
slow_slump 1574 35 11600 -11533 0 11571 11572 502
slow_slump 1575 -33 11615 -11521 0 11564 11577 503
slow_slump 1576 -62 11534 -11575 0 11565 11571 504
slow_slump 1577 -51 11612 -11555 0 11563 11576 505
slow_slump 1578 -4 11556 -11548 0 11561 11573 506
slow_slump 1579 -41 11703 -11569 0 11562 11589 507
slow_slump 1580 -37 11584 -11623 0 11569 11588 508
slow_slump 1581 45 11594 -11551 0 11566 11588 509
slow_slump 1582 -64 11593 -11588 0 11568 11588 510
slow_slump 1583 -3 11600 -11561 0 11567 11589 511
slow_slump 1584 -30 11490 -11614 0 11572 11576 512
slow_slump 1585 40 11572 -11595 0 11574 11575 513
slow_slump 1586 7 11603 -11558 0 11572 11578 514
slow_slump 1587 5 11557 -11536 0 11567 11575 515
slow_slump 1588 -44 11520 -11569 0 11567 11568 516
slow_slump 1589 3 11596 -11575 0 11568 11571 517
slow_slump 1590 -51 11569 -11527 0 11562 11570 518
slow_slump 1591 3 11486 -11687 0 11577 11559 519
slow_slump 1592 -67 11628 -11564 0 11575 11567 520
slow_slump 1593 27 11527 -11565 0 11573 11562 521
slow_slump 1594 49 11488 -11500 0 11563 11552 522
slow_slump 1595 -76 11579 -11573 0 11564 11555 523
slow_slump 1596 -17 11518 -11655 0 11575 11550 524
slow_slump 1597 23 11518 -11629 0 11581 11546 525
slow_slump 1598 -11 11647 -11588 0 11581 11558 526
slow_slump 1599 -48 11637 -11558 0 11578 11567 527
slow_slump 1600 -33 11614 -11636 0 11585 11572 528
slow_slump 1601 2 11616 -11629 0 11590 11577 529
slow_slump 1602 -93 11658 -11487 0 11577 11587 530
slow_slump 1603 -13 11596 -11586 0 11578 11588 531
slow_slump 1604 -19 11587 -11536 0 11572 11587 532
slow_slump 1605 10 11665 -11600 0 11575 11596 533
slow_slump 1606 -9 11606 -11613 0 11579 11597 534
slow_slump 1607 27 11594 -11537 0 11573 11596 535
slow_slump 1608 -23 11595 -11615 0 11578 11595 536
slow_slump 1609 -106 11568 -11607 0 11581 11591 537
slow_slump 1610 34 11532 -11612 0 11584 11583 538
slow_slump 1611 -102 11559 -11634 0 11590 11580 539
slow_slump 1612 32 11580 -11609 0 11592 11580 540
slow_slump 1613 -19 11619 -11544 0 11586 11584 541
slow_slump 1614 39 11545 -11589 0 11586 11579 542
slow_slump 1615 -106 11670 -11477 0 11572 11590 543
slow_slump 1616 73 11631 -11588 0 11574 11595 544
slow_slump 1617 -24 11520 -11529 0 11568 11585 545
slow_slump 1618 -77 11573 -11525 0 11562 11583 546
slow_slump 1619 -11 11565 -11590 0 11565 11580 547
slow_slump 1620 -42 11600 -11587 0 11567 11582 548
slow_slump 1621 -23 11604 -11606 0 11571 11584 549
slow_slump 1622 13 11573 -11610 1 11575 11582 50
slow_slump 1623 -63 11609 -11582 0 11575 11585 51
slow_slump 1624 45 11526 -11561 0 11573 11577 52
slow_slump 1625 24 11534 -11539 0 11568 11571 53
slow_slump 1626 -7 11568 -11506 0 11560 11570 54
slow_slump 1627 70 11523 -11590 0 11563 11564 55
slow_slump 1628 4 11565 -11518 0 11557 11564 56
slow_slump 1629 -10 11517 -11551 0 11556 11558 57
slow_slump 1630 -5 11585 -11511 0 11550 11561 58
slow_slump 1631 12 11704 -11592 0 11555 11578 59
slow_slump 1632 26 11679 -11563 0 11556 11590 60
slow_slump 1633 -20 11567 -11559 0 11556 11587 61
slow_slump 1634 -95 11633 -11647 0 11567 11592 62
slow_slump 1635 -60 11654 -11607 0 11572 11599 63
slow_slump 1636 25 11647 -11504 0 11563 11605 64
slow_slump 1637 -68 11624 -11614 0 11569 11607 65
slow_slump 1638 2 11474 -11558 0 11567 11590 66
slow_slump 1639 -56 11665 -11551 0 11565 11599 67
slow_slump 1640 19 11506 -11636 0 11573 11587 68
slow_slump 1641 -24 11497 -11612 0 11577 11575 69
slow_slump 1642 33 11633 -11495 0 11566 11582 70
slow_slump 1643 -13 11474 -11564 0 11565 11568 71
slow_slump 1644 16 11530 -11457 0 11551 11563 72
slow_slump 1645 77 11518 -11582 0 11554 11557 73
slow_slump 1646 6 11593 -11587 0 11558 11561 74
slow_slump 1647 33 11535 -11659 0 11570 11557 75
slow_slump 1648 65 11612 -11481 0 11558 11563 76
slow_slump 1649 -15 11513 -11586 0 11561 11556 77
slow_slump 1650 -31 11590 -11579 0 11563 11560 78
slow_slump 1651 -52 11567 -11560 0 11562 11560 79
slow_slump 1652 -36 11673 -11610 0 11568 11574 80
slow_slump 1653 120 11590 -11538 0 11564 11576 81
slow_slump 1654 -22 11598 -11557 0 11563 11578 82
slow_slump 1655 -10 11604 -11627 0 11571 11581 83
slow_slump 1656 -39 11599 -11572 0 11571 11583 84
slow_slump 1657 -11 11653 -11514 0 11563 11591 85
slow_slump 1658 1 11585 -11541 0 11560 11590 86
slow_slump 1659 4 11568 -11703 0 11577 11587 87
slow_slump 1660 42 11542 -11583 0 11577 11581 88
slow_slump 1661 58 11559 -11633 0 11584 11578 89
slow_slump 1662 26 11586 -11572 0 11582 11579 90
slow_slump 1663 -33 11596 -11647 0 11590 11581 91
slow_slump 1664 -48 11556 -11569 0 11587 11577 92
slow_slump 1665 0 11584 -11542 0 11581 11577 93
slow_slump 1666 -33 11547 -11528 0 11574 11573 94
slow_slump 1667 75 11575 -11557 0 11571 11573 95
slow_slump 1668 48 11570 -11519 0 11564 11572 96
slow_slump 1669 -36 11683 -11543 0 11561 11585 97
slow_slump 1670 -11 11600 -11528 0 11556 11586 98
slow_slump 1671 -26 11677 -11628 0 11565 11597 99
slow_slump 1672 -61 11537 -11607 0 11570 11589 100
slow_slump 1673 42 11644 -11597 0 11573 11595 101
slow_slump 1674 -82 11598 -11607 0 11577 11595 102
slow_slump 1675 13 11559 -11555 0 11574 11590 103
slow_slump 1676 23 11589 -11550 0 11571 11589 104
slow_slump 1677 52 11600 -11544 0 11567 11590 105
slow_slump 1678 -50 11530 -11604 0 11571 11582 106
slow_slump 1679 7 11535 -11620 0 11577 11576 107
slow_slump 1680 -63 11639 -11655 0 11586 11583 108
slow_slump 1681 73 11516 -11642 0 11593 11574 109
slow_slump 1682 -54 11620 -11585 0 11592 11579 110
slow_slump 1683 2 11588 -11623 0 11595 11580 111
slow_slump 1684 3 11551 -11582 0 11593 11576 112
slow_slump 1685 49 11611 -11546 0 11587 11580 113
slow_slump 1686 34 11626 -11616 0 11590 11585 114
slow_slump 1687 -30 11511 -11584 0 11589 11575 115
slow_slump 1688 8 11671 -11557 0 11585 11587 116
slow_slump 1689 18 11560 -11556 0 11581 11583 117
slow_slump 1690 0 11595 -11618 0 11585 11584 118
slow_slump 1691 -22 11627 -11643 0 11592 11589 119
slow_slump 1692 -34 11577 -11554 0 11587 11587 120
slow_slump 1693 21 11638 -11688 0 11599 11593 121
slow_slump 1694 27 11607 -11536 0 11591 11594 122
slow_slump 1695 4 11583 -11578 0 11589 11592 123
slow_slump 1696 77 11643 -11607 0 11591 11598 124
slow_slump 1697 52 11524 -11533 0 11583 11588 125
slow_slump 1698 53 11634 -11584 0 11583 11593 126
slow_slump 1699 44 11579 -11506 0 11573 11591 127
slow_slump 1700 30 11534 -11677 0 11586 11583 128
slow_slump 1701 3 11659 -11461 0 11570 11592 129
slow_slump 1702 9 11877 -11342 0 11541 11627 130
slow_slump 1703 -105 11782 -11295 0 11510 11646 131
slow_slump 1704 -1 11947 -11298 0 11483 11683 132
slow_slump 1705 -8 12039 -11050 0 11428 11727 133
slow_slump 1706 26 12094 -10938 0 11366 11772 134
slow_slump 1707 -55 12159 -10870 0 11304 11820 135
slow_slump 1708 -42 12351 -10807 0 11241 11886 136
slow_slump 1709 -74 12429 -10768 0 11181 11953 137
slow_slump 1710 42 12552 -10565 0 11104 12027 138
slow_slump 1711 -35 12606 -10610 0 11042 12099 139
slow_slump 1712 -58 12655 -10457 0 10968 12168 140
slow_slump 1713 -8 12714 -10268 0 10880 12236 141
slow_slump 1714 3 12893 -10200 0 10795 12318 142
slow_slump 1715 -101 12909 -10179 0 10718 12391 143
slow_slump 1716 -8 12902 -9952 0 10622 12454 144
slow_slump 1717 3 12999 -9979 0 10541 12522 145
slow_slump 1718 -28 13057 -9759 0 10443 12588 146
slow_slump 1719 0 13170 -9764 0 10358 12660 147
slow_slump 1720 -90 13261 -9584 0 10261 12735 148
slow_slump 1721 19 13345 -9501 0 10166 12811 149
slow_slump 1722 -30 13463 -9414 0 10072 12892 150
slow_slump 1723 53 13448 -9237 0 9967 12961 151
slow_slump 1724 7 13573 -9164 0 9866 13037 152
slow_slump 1725 63 13636 -9034 0 9762 13111 153
slow_slump 1726 65 13700 -9013 0 9668 13184 154
slow_slump 1727 31 13833 -8834 0 9563 13265 155
slow_slump 1728 -88 13856 -8691 0 9454 13338 156
slow_slump 1729 -46 13891 -8673 0 9356 13407 0
slow_slump 1730 41 13896 -8446 0 9242 13468 0
slow_slump 1731 1 14014 -8487 0 9147 13536 0
slow_slump 1732 -140 14157 -8257 0 9035 13613 0
slow_slump 1733 0 14245 -8185 0 8928 13692 0
slow_slump 1734 -70 14367 -8067 0 8820 13776 0
slow_slump 1735 -1 14389 -7989 0 8716 13852 0
slow_slump 1736 56 14390 -7829 0 8605 13919 0
slow_slump 1737 24 14403 -7781 0 8502 13979 0
slow_slump 1738 17 14511 -7637 0 8393 14045 0
slow_slump 1739 17 14600 -7459 0 8276 14114 0
slow_slump 1740 -26 14614 -7472 0 8175 14176 0
slow_slump 1741 -89 14737 -7298 0 8065 14246 0
slow_slump 1742 -65 14814 -7114 0 7946 14317 0
slow_slump 1743 -68 14829 -6969 0 7823 14381 0
slow_slump 1744 28 14829 -6918 0 7709 14437 0
slow_slump 1745 59 14868 -6757 0 7590 14490 0
slow_slump 1746 -32 14977 -6788 0 7489 14550 0
slow_slump 1747 -8 15000 -6514 0 7367 14606 0
slow_slump 1748 98 15040 -6459 0 7253 14660 0
slow_slump 1749 67 15084 -6332 0 7137 14713 0
slow_slump 1750 80 15128 -6192 0 7018 14764 0
slow_slump 1751 -14 15202 -6208 0 6916 14818 0
slow_slump 1752 16 15269 -6042 0 6806 14874 0
slow_slump 1753 -31 15372 -5874 0 6689 14936 0
slow_slump 1754 -60 15289 -5731 0 6569 14980 0
slow_slump 1755 23 15412 -5621 0 6450 15034 0
slow_slump 1756 -1 15447 -5414 0 6320 15085 0
slow_slump 1757 15 15507 -5370 0 6201 15137 0
slow_slump 1758 -50 15532 -5243 0 6081 15186 0
slow_slump 1759 -43 15475 -5189 0 5969 15222 0
slow_slump 1760 27 15533 -4944 0 5840 15260 0
slow_slump 1761 -74 15641 -4944 0 5728 15307 0
slow_slump 1762 67 15630 -4745 0 5605 15347 0
slow_slump 1763 -118 15750 -4592 0 5478 15397 0
slow_slump 1764 -16 15749 -4440 0 5348 15441 0
slow_slump 1765 -5 15900 -4432 0 5233 15498 0
slow_slump 1766 64 15778 -4314 0 5118 15533 0
slow_slump 1767 -26 15850 -4112 0 4992 15572 0
slow_slump 1768 11 15882 -3943 0 4860 15610 0
slow_slump 1769 -3 15877 -3807 0 4728 15643 0
slow_slump 1770 -49 16019 -3702 0 4599 15690 0
slow_slump 1771 51 15946 -3652 0 4480 15722 0
slow_slump 1772 25 15985 -3458 0 4352 15754 0
slow_slump 1773 -3 15995 -3312 0 4222 15784 0
slow_slump 1774 -20 16032 -3267 0 4102 15815 0
slow_slump 1775 74 16053 -3098 0 3976 15844 0
slow_slump 1776 -38 16078 -2908 0 3842 15873 0
slow_slump 1777 -61 16104 -2916 0 3726 15901 0
slow_slump 1778 -58 16128 -2718 0 3600 15929 0
slow_slump 1779 57 16134 -2623 0 3477 15954 0
slow_slump 1780 25 16246 -2463 0 3350 15990 0
slow_slump 1781 -12 16235 -2330 0 3222 16020 0
slow_slump 1782 64 16221 -2236 0 3098 16045 0
slow_slump 1783 -76 16299 -1990 0 2959 16076 0
slow_slump 1784 -102 16246 -1966 0 2834 16097 0
slow_slump 1785 -29 16303 -1762 0 2700 16122 0
slow_slump 1786 -7 16289 -1715 0 2576 16142 0
slow_slump 1787 13 16432 -1550 0 2447 16178 0
slow_slump 1788 -51 16334 -1374 0 2312 16197 0
slow_slump 1789 148 16385 -1372 0 2194 16220 0
slow_slump 1790 40 16372 -1180 0 2067 16239 0
slow_slump 1791 33 16370 -1065 0 1941 16255 0
slow_slump 1792 -6 16266 -995 0 1822 16256 0
slow_slump 1793 4 16314 -821 0 1696 16263 0
slow_slump 1794 -73 16396 -715 0 1573 16279 0
slow_slump 1795 -32 16351 -489 0 1437 16288 0
slow_slump 1796 -45 16352 -423 0 1310 16296 0
slow_slump 1797 -69 16390 -307 0 1184 16307 0
slow_slump 1798 -40 16452 -116 0 1050 16325 0
slow_slump 1799 31 16327 -26 0 922 16325 0
slow_slump 1800 29 16320 -135 0 823 16324 0
slow_slump 1801 -94 16433 15 0 718 16337 0
slow_slump 1802 43 16338 49 0 622 16337 0
slow_slump 1803 -11 16352 105 0 531 16338 0
slow_slump 1804 55 16450 70 0 455 16352 0
slow_slump 1805 -17 16392 -34 0 402 16357 0
slow_slump 1806 79 16396 -20 0 354 16361 0
slow_slump 1807 13 16387 -98 0 322 16364 0
slow_slump 1808 -41 16328 -1 0 281 16359 0
slow_slump 1809 -48 16415 35 0 241 16366 0
slow_slump 1810 -63 16340 11 0 209 16362 0
slow_slump 1811 -25 16452 8 0 181 16373 0
slow_slump 1812 -104 16375 46 0 152 16373 0
slow_slump 1813 35 16440 -113 0 147 16381 0
slow_slump 1814 -12 16341 4 0 128 16376 0
slow_slump 1815 -55 16366 84 0 101 16374 0
slow_slump 1816 37 16384 57 0 81 16375 0
slow_slump 1817 32 16345 25 0 67 16371 0
slow_slump 1818 31 16365 -23 0 61 16370 0
slow_slump 1819 -43 16364 -58 0 60 16369 0
slow_slump 1820 -50 16494 37 0 47 16384 0
slow_slump 1821 -31 16433 3 0 40 16390 0
slow_slump 1822 -63 16357 -33 0 39 16385 0
slow_slump 1823 -109 16446 -25 0 37 16392 0
slow_slump 1824 -27 16351 -25 0 35 16386 0
slow_slump 1825 -8 16421 70 0 21 16390 0
slow_slump 1826 42 16375 -27 0 21 16388 0
slow_slump 1827 70 16371 -24 0 21 16385 0
slow_slump 1828 28 16425 -53 0 25 16390 0
slow_slump 1829 6 16424 5 0 21 16394 0
slow_slump 1830 26 16404 31 0 14 16395 0
slow_slump 1831 -1 16348 73 0 3 16389 0
slow_slump 1832 93 16330 -16 0 4 16381 0
slow_slump 1833 14 16367 2 0 3 16379 0
slow_slump 1834 -38 16349 -4 0 3 16375 0
slow_slump 1835 -61 16419 23 0 -1 16380 0
slow_slump 1836 -20 16361 -31 0 3 16377 0
slow_slump 1837 -3 16326 34 0 -2 16370 0
slow_slump 1838 -65 16298 -74 0 7 16361 0
slow_slump 1839 -28 16483 71 0 -3 16376 0
slow_slump 1840 -43 16403 -40 0 2 16379 0
slow_slump 1841 -36 16309 58 0 -6 16370 0
slow_slump 1842 70 16404 37 0 -10 16374 0
slow_slump 1843 -59 16397 -17 0 -7 16376 0
slow_slump 1844 -2 16401 4 0 -7 16379 0
slow_slump 1845 23 16405 -81 0 4 16382 0
slow_slump 1846 -84 16476 -67 0 11 16393 0
slow_slump 1847 53 16340 61 0 2 16386 0
slow_slump 1848 41 16495 -45 0 7 16399 0
slow_slump 1849 62 16368 75 0 -4 16395 0
slow_slump 1850 -12 16366 40 0 -9 16391 0
slow_slump 1851 -12 16388 -44 0 -3 16390 0
slow_slump 1852 11 16416 -24 0 0 16393 0
slow_slump 1853 34 16293 33 0 -5 16380 0
slow_slump 1854 20 16443 -130 0 11 16387 0
slow_slump 1855 68 16402 26 0 6 16388 0
slow_slump 1856 -7 16329 -47 0 11 16380 0
slow_slump 1857 -28 16396 -38 0 14 16382 0
slow_slump 1858 -17 16404 -41 0 17 16384 0
slow_slump 1859 17 16347 -16 0 16 16379 0
slow_slump 1860 -26 16349 -41 0 19 16375 0
slow_slump 1861 9 16454 59 0 9 16384 0
slow_slump 1862 43 16425 19 0 5 16389 0
slow_slump 1863 -27 16402 -7 0 5 16390 0
slow_slump 1864 -50 16335 -33 0 8 16383 0
slow_slump 1865 56 16364 5 0 6 16380 0
slow_slump 1866 -46 16273 9 0 4 16366 0
slow_slump 1867 11 16388 39 0 -2 16368 0
slow_slump 1868 45 16260 -27 0 1 16354 0
slow_slump 1869 -42 16308 -29 0 4 16348 0
slow_slump 1870 -31 16340 5 0 2 16347 0
slow_slump 1871 29 16303 76 0 -8 16341 0
slow_slump 1872 30 16281 17 0 -10 16333 0
slow_slump 1873 0 16383 21 0 -12 16339 0
slow_slump 1874 -27 16348 34 0 -15 16340 0
slow_slump 1875 39 16430 -178 0 9 16351 0
slow_slump 1876 -49 16373 56 0 0 16353 0
slow_slump 1877 -15 16319 -20 0 2 16348 0
slow_slump 1878 15 16353 79 0 -9 16348 0
slow_slump 1879 -5 16381 33 0 -12 16352 0
slow_slump 1880 43 16442 -5 0 -10 16363 0
slow_slump 1881 -46 16315 19 0 -12 16357 0
slow_slump 1882 -57 16373 -25 0 -8 16359 0
slow_slump 1883 -3 16294 -6 0 -7 16350 0
slow_slump 1884 55 16321 -64 0 1 16346 0
slow_slump 1885 27 16335 66 0 -8 16344 0
slow_slump 1886 44 16368 35 0 -12 16347 0
slow_slump 1887 -5 16349 -37 0 -6 16347 0
slow_slump 1888 76 16367 75 0 -15 16349 0
slow_slump 1889 -16 16414 -12 0 -12 16357 0
slow_slump 1890 16 16341 43 0 -16 16355 0
slow_slump 1891 43 16342 13 0 -16 16353 0
slow_slump 1892 -58 16437 13 0 -16 16363 0
slow_slump 1893 1 16423 -12 0 -13 16370 0
slow_slump 1894 42 16374 44 0 -17 16370 0
slow_slump 1895 -44 16419 -70 0 -7 16376 0
slow_slump 1896 -61 16297 111 0 -20 16366 0
slow_slump 1897 -24 16311 70 0 -27 16359 0
slow_slump 1898 47 16368 21 0 -27 16360 0
slow_slump 1899 54 16282 -86 0 -13 16350 0
exact_35deg 0 19 16478 -17 0 2 2059 0
exact_35deg 1 -35 16353 36 0 -3 3845 0
exact_35deg 2 93 16397 48 0 -9 5414 0
exact_35deg 3 3 16452 18 0 -11 6793 0
exact_35deg 4 -59 16357 -26 0 -7 7988 0
exact_35deg 5 81 16302 66 0 -15 9027 0
exact_35deg 6 -39 16385 -34 0 -9 9946 0
exact_35deg 7 -91 16388 33 0 -12 10751 0
exact_35deg 8 -19 16441 92 0 -22 11462 0
exact_35deg 9 -47 16419 82 0 -30 12081 0
exact_35deg 10 -38 16314 71 0 -36 12610 0
exact_35deg 11 42 16374 -14 0 -30 13080 0
exact_35deg 12 -33 16403 -19 0 -24 13495 0
exact_35deg 13 -22 16375 32 0 -25 13855 0
exact_35deg 14 54 16401 -6 0 -22 14173 0
exact_35deg 15 -20 16342 1 0 -20 14444 0
exact_35deg 16 70 16423 -19 0 -16 14691 0
exact_35deg 17 -148 16395 5 0 -15 14904 0
exact_35deg 18 25 16457 -30 0 -10 15098 0
exact_35deg 19 -43 16419 -61 0 -2 15263 0
exact_35deg 20 -28 16394 18 0 -4 15404 0
exact_35deg 21 -55 16413 -32 0 0 15530 0
exact_35deg 22 -15 16342 34 0 -5 15631 0
exact_35deg 23 57 16400 33 0 -9 15727 0
exact_35deg 24 -11 16378 13 0 -10 15808 0
exact_35deg 25 94 16388 126 0 -25 15880 0
exact_35deg 26 24 16378 -33 0 -18 15942 0
exact_35deg 27 48 16349 -22 0 -13 15992 0
exact_35deg 28 11 16384 35 0 -16 16041 0
exact_35deg 29 27 16485 68 0 -23 16096 0
exact_35deg 30 13 16409 28 0 -24 16135 0
exact_35deg 31 -3 16353 -5 0 -21 16162 0
exact_35deg 32 -72 16382 1 0 -19 16189 0
exact_35deg 33 -18 16433 -1 0 -17 16219 0
exact_35deg 34 -55 16400 14 0 -17 16241 0
exact_35deg 35 33 16367 -10 0 -14 16256 0
exact_35deg 36 9 16301 0 0 -13 16261 0
exact_35deg 37 3 16380 2 0 -12 16275 0
exact_35deg 38 29 16379 56 0 -18 16288 0
exact_35deg 39 -24 16345 -12 0 -15 16295 0
exact_35deg 40 32 16354 5 0 -14 16302 0
exact_35deg 41 1 16384 -2 0 -12 16312 0
exact_35deg 42 -31 16400 48 0 -17 16323 0
exact_35deg 43 -67 16441 27 0 -19 16337 0
exact_35deg 44 30 16385 -8 0 -16 16343 0
exact_35deg 45 9 16409 -36 0 -10 16351 0
exact_35deg 46 31 16427 -3 0 -9 16360 0
exact_35deg 47 55 16391 -1 0 -8 16363 0
exact_35deg 48 -20 16364 62 0 -15 16363 0
exact_35deg 49 72 16379 102 0 -26 16365 0
exact_35deg 50 -73 16339 -58 0 -16 16361 0
exact_35deg 51 99 16369 52 0 -21 16362 0
exact_35deg 52 -3 16360 -28 0 -15 16361 0
exact_35deg 53 52 16348 37 0 -18 16359 0
exact_35deg 54 -33 16474 100 0 -29 16373 0
exact_35deg 55 -16 16424 -50 0 -20 16379 0
exact_35deg 56 77 16414 88 0 -29 16383 0
exact_35deg 57 -25 16339 28 0 -29 16377 0
exact_35deg 58 -5 16447 -61 0 -18 16385 0
exact_35deg 59 19 16357 -32 0 -12 16381 0
exact_35deg 60 78 16432 21 0 -14 16387 0
exact_35deg 61 14 16471 -50 0 -6 16397 0
exact_35deg 62 -34 16448 -107 0 8 16403 0
exact_35deg 63 -11 16446 -94 0 18 16408 0
exact_35deg 64 21 16417 -76 0 25 16409 0
exact_35deg 65 30 16364 -34 0 26 16403 0
exact_35deg 66 19 16393 -58 0 30 16401 0
exact_35deg 67 53 16335 130 0 10 16392 0
exact_35deg 68 -47 16433 10 0 7 16397 0
exact_35deg 69 38 16413 47 0 0 16399 0
exact_35deg 70 39 16426 -23 0 2 16402 0
exact_35deg 71 -33 16362 36 0 -3 16397 0
exact_35deg 72 -91 16461 58 0 -10 16405 0
exact_35deg 73 21 16417 -45 0 -4 16406 0
exact_35deg 74 9 16389 -3 0 -4 16403 0
exact_35deg 75 86 16381 75 0 -13 16400 0
exact_35deg 76 -95 16433 -51 0 -5 16404 0
exact_35deg 77 55 16427 62 0 -13 16406 0
exact_35deg 78 -25 16415 -9 0 -11 16407 0
exact_35deg 79 -85 16353 -46 0 -4 16400 0
exact_35deg 80 -32 16337 -45 0 2 16392 0
exact_35deg 81 38 16396 37 0 -3 16392 0
exact_35deg 82 16 16279 21 0 -6 16377 0
exact_35deg 83 18 16353 -27 0 -2 16374 0
exact_35deg 84 22 16363 13 0 -4 16372 0
exact_35deg 85 -69 16435 55 0 -11 16379 0
exact_35deg 86 16 16337 -117 0 5 16373 0
exact_35deg 87 -19 16305 5 0 3 16364 0
exact_35deg 88 28 16253 103 0 -11 16350 0
exact_35deg 89 -40 16357 86 0 -21 16350 0
exact_35deg 90 -25 16385 -52 0 -12 16354 0
exact_35deg 91 26 16392 -27 0 -8 16358 0
exact_35deg 92 51 16369 52 0 -14 16359 0
exact_35deg 93 -36 16363 27 0 -16 16359 0
exact_35deg 94 -18 16348 25 0 -18 16357 0
exact_35deg 95 10 16363 58 0 -23 16357 0
exact_35deg 96 4 16380 85 0 -31 16359 0
exact_35deg 97 -61 16391 -3 0 -27 16363 0
exact_35deg 98 -4 16421 31 0 -28 16370 0
exact_35deg 99 67 16416 37 0 -30 16375 0
exact_35deg 100 -71 16424 9 0 -28 16381 0
exact_35deg 101 -69 16353 -512 0 39 16377 0
exact_35deg 102 19 16366 -1047 0 165 16375 0
exact_35deg 103 0 16325 -1528 0 335 16368 0
exact_35deg 104 28 16322 -2008 0 544 16362 0
exact_35deg 105 11 16092 -2536 0 793 16328 0
exact_35deg 106 -14 16165 -2989 0 1067 16307 0
exact_35deg 107 -3 16095 -3506 0 1371 16280 0
exact_35deg 108 54 15903 -3941 0 1692 16232 0
exact_35deg 109 -25 15769 -4501 0 2043 16174 0
exact_35deg 110 7 15638 -4854 0 2394 16107 0
exact_35deg 111 -30 15478 -5469 0 2778 16028 0
exact_35deg 112 64 15299 -5925 0 3171 15936 0
exact_35deg 113 39 15144 -6315 0 3564 15837 0
exact_35deg 114 -25 14823 -6826 0 3971 15710 0
exact_35deg 115 104 14690 -7366 0 4395 15582 0
exact_35deg 116 31 14462 -7631 0 4799 15442 0
exact_35deg 117 10 14239 -8114 0 5213 15291 0
exact_35deg 118 7 14050 -8577 0 5633 15135 0
exact_35deg 119 -26 13684 -9041 0 6059 14953 0
exact_35deg 120 35 13435 -9443 0 6482 14763 0
exact_35deg 121 53 13457 -9516 0 6861 14599 0
exact_35deg 122 -46 13324 -9389 0 7177 14439 0
exact_35deg 123 1 13374 -9306 0 7443 14305 0
exact_35deg 124 -38 13415 -9352 0 7681 14193 0
exact_35deg 125 29 13386 -9547 0 7914 14092 0
exact_35deg 126 -12 13393 -9421 0 8102 14004 0
exact_35deg 127 -66 13405 -9375 0 8261 13929 0
exact_35deg 128 -45 13381 -9382 0 8401 13860 0
exact_35deg 129 -60 13373 -9477 0 8535 13799 0
exact_35deg 130 56 13418 -9420 0 8645 13751 0
exact_35deg 131 20 13428 -9419 0 8741 13710 0
exact_35deg 132 -58 13415 -9369 0 8819 13673 0
exact_35deg 133 22 13339 -9438 0 8896 13631 0
exact_35deg 134 52 13352 -9422 0 8961 13596 0
exact_35deg 135 48 13411 -9456 0 9022 13572 0
exact_35deg 136 -76 13430 -9473 0 9078 13554 0
exact_35deg 137 -20 13388 -9401 0 9118 13533 0
exact_35deg 138 0 13393 -9405 0 9153 13515 0
exact_35deg 139 -27 13449 -9464 0 9191 13506 0
exact_35deg 140 41 13377 -9426 0 9220 13489 0
exact_35deg 141 -53 13463 -9384 0 9240 13485 0
exact_35deg 142 -10 13424 -9388 0 9258 13477 0
exact_35deg 143 16 13513 -9454 0 9282 13481 0
exact_35deg 144 -27 13434 -9491 0 9308 13475 0
exact_35deg 145 26 13375 -9406 0 9320 13462 0
exact_35deg 146 -16 13391 -9325 0 9320 13453 0
exact_35deg 147 -45 13438 -9395 0 9329 13451 0
exact_35deg 148 18 13485 -9393 0 9337 13455 0
exact_35deg 149 55 13483 -9359 0 9339 13458 0
exact_35deg 150 38 13439 -9370 0 9342 13455 0
exact_35deg 151 -2 13361 -9363 0 9344 13443 0
exact_35deg 152 -87 13357 -9312 0 9340 13432 0
exact_35deg 153 -52 13417 -9464 0 9355 13430 0
exact_35deg 154 -45 13426 -9411 0 9362 13429 0
exact_35deg 155 -34 13456 -9432 0 9370 13432 0
exact_35deg 156 -8 13409 -9363 0 9369 13429 0
exact_35deg 157 24 13548 -9470 0 9381 13443 0
exact_35deg 158 64 13366 -9327 0 9374 13433 0
exact_35deg 159 21 13427 -9511 0 9391 13432 0
exact_35deg 160 -41 13354 -9365 0 9387 13422 0
exact_35deg 161 41 13351 -9394 0 9387 13413 0
exact_35deg 162 -82 13552 -9433 0 9392 13430 0
exact_35deg 163 63 13401 -9319 0 9382 13426 0
exact_35deg 164 26 13445 -9323 0 9374 13428 0
exact_35deg 165 2 13388 -9429 0 9380 13423 0
exact_35deg 166 96 13383 -9443 0 9387 13418 0
exact_35deg 167 35 13442 -9483 0 9399 13421 0
exact_35deg 168 46 13517 -9419 0 9401 13433 0
exact_35deg 169 -91 13392 -9420 0 9403 13427 0
exact_35deg 170 81 13415 -9390 0 9401 13425 0
exact_35deg 171 -51 13449 -9344 0 9393 13428 0
exact_35deg 172 -30 13480 -9378 0 9391 13434 0
exact_35deg 173 -82 13417 -9436 0 9396 13431 0
exact_35deg 174 93 13344 -9352 0 9390 13420 0
exact_35deg 175 19 13433 -9449 0 9397 13421 0
exact_35deg 176 26 13418 -9408 0 9398 13420 1
exact_35deg 177 -8 13411 -9305 0 9386 13418 0
exact_35deg 178 18 13417 -9358 0 9382 13417 0
exact_35deg 179 -80 13456 -9406 0 9385 13421 0
exact_35deg 180 22 13413 -9359 0 9381 13420 0
exact_35deg 181 26 13434 -9350 0 9377 13421 0
exact_35deg 182 -48 13429 -9457 0 9387 13422 0
exact_35deg 183 34 13358 -9346 0 9381 13414 0
exact_35deg 184 14 13414 -9432 0 9387 13414 0
exact_35deg 185 15 13438 -9432 0 9392 13417 0
exact_35deg 186 43 13422 -9504 0 9406 13417 1
exact_35deg 187 -66 13459 -9356 0 9399 13422 0
exact_35deg 188 -20 13450 -9372 0 9395 13425 0
exact_35deg 189 -86 13431 -9455 0 9402 13425 0
exact_35deg 190 -22 13426 -9414 0 9403 13425 0
exact_35deg 191 11 13454 -9398 0 9402 13428 0
exact_35deg 192 73 13352 -9358 0 9396 13418 0
exact_35deg 193 -20 13490 -9399 0 9396 13427 0
exact_35deg 194 62 13498 -9386 0 9394 13435 0
exact_35deg 195 9 13454 -9430 0 9398 13437 0
exact_35deg 196 39 13496 -9415 0 9400 13444 0
exact_35deg 197 47 13476 -9396 0 9399 13448 0
exact_35deg 198 -13 13389 -9259 0 9381 13440 0
exact_35deg 199 -49 13381 -9433 0 9387 13432 0
exact_35deg 200 42 13404 -9461 0 9396 13428 0
exact_35deg 201 -78 13454 -9311 0 9385 13431 0
exact_35deg 202 36 13406 -9336 0 9378 13427 0
exact_35deg 203 10 13412 -9443 0 9386 13425 0
exact_35deg 204 -25 13489 -9445 0 9393 13433 0
exact_35deg 205 -23 13430 -9372 0 9390 13432 0
exact_35deg 206 1 13493 -9388 0 9389 13439 0
exact_35deg 207 38 13386 -9371 0 9386 13432 0
exact_35deg 208 -32 13357 -9409 0 9388 13422 0
exact_35deg 209 -31 13398 -9334 0 9381 13419 0
exact_35deg 210 -52 13480 -9440 0 9388 13426 0
exact_35deg 211 27 13387 -9371 0 9385 13421 0
exact_35deg 212 -13 13431 -9358 0 9381 13422 0
exact_35deg 213 -3 13389 -9407 0 9384 13417 0
exact_35deg 214 -66 13474 -9303 0 9373 13424 0
exact_35deg 215 45 13363 -9474 0 9385 13416 0
exact_35deg 216 -42 13321 -9363 0 9382 13404 0
exact_35deg 217 32 13428 -9425 0 9387 13407 0
exact_35deg 218 42 13426 -9437 0 9393 13409 0
exact_35deg 219 47 13417 -9423 0 9396 13410 0
exact_35deg 220 -4 13431 -9372 0 9393 13412 0
exact_35deg 221 18 13380 -9528 0 9409 13408 1
exact_35deg 222 -10 13481 -9436 0 9412 13417 2
exact_35deg 223 32 13434 -9437 0 9415 13419 3
exact_35deg 224 -11 13354 -9384 0 9411 13410 4
exact_35deg 225 -44 13424 -9394 0 9408 13411 5
exact_35deg 226 33 13543 -9501 0 9419 13427 0
exact_35deg 227 -5 13398 -9377 0 9413 13423 0
exact_35deg 228 20 13358 -9414 0 9413 13414 1
exact_35deg 229 5 13420 -9386 0 9409 13414 2
exact_35deg 230 8 13350 -9338 0 9400 13406 3
exact_35deg 231 31 13475 -9514 0 9414 13414 4
exact_35deg 232 -62 13395 -9430 0 9416 13411 5
exact_35deg 233 100 13390 -9417 0 9416 13408 6
exact_35deg 234 3 13342 -9452 0 9420 13399 7
exact_35deg 235 40 13449 -9448 0 9423 13405 8
exact_35deg 236 63 13379 -9378 0 9417 13401 9
exact_35deg 237 55 13386 -9381 0 9412 13399 10
exact_35deg 238 -8 13374 -9511 0 9424 13395 11
exact_35deg 239 0 13469 -9416 0 9423 13404 12
exact_35deg 240 71 13445 -9461 0 9427 13409 13
exact_35deg 241 -15 13371 -9318 0 9413 13404 14
exact_35deg 242 -35 13392 -9447 0 9417 13402 15
exact_35deg 243 -89 13329 -9411 0 9416 13392 16
exact_35deg 244 -31 13435 -9425 0 9417 13397 17
exact_35deg 245 -15 13425 -9349 0 9408 13400 18
exact_35deg 246 -65 13381 -9318 0 9396 13397 0
exact_35deg 247 -47 13390 -9372 0 9393 13396 0
exact_35deg 248 60 13392 -9433 0 9398 13395 1
exact_35deg 249 -26 13411 -9421 0 9400 13397 2
exact_35deg 250 24 13389 -9379 0 9397 13396 3
exact_35deg 251 -55 13453 -9368 0 9393 13403 0
exact_35deg 252 62 13436 -9394 0 9393 13407 0
exact_35deg 253 -69 13426 -9326 0 9384 13409 0
exact_35deg 254 -21 13345 -9411 0 9387 13401 0
exact_35deg 255 24 13430 -9479 0 9398 13404 1
exact_35deg 256 31 13419 -9342 0 9391 13405 0
exact_35deg 257 -5 13513 -9460 0 9399 13418 1
exact_35deg 258 -84 13444 -9359 0 9394 13421 0
exact_35deg 259 36 13417 -9419 0 9397 13420 1
exact_35deg 260 -44 13436 -9441 0 9402 13422 0
exact_35deg 261 14 13449 -9407 0 9402 13425 0
exact_35deg 262 17 13394 -9355 0 9396 13421 0
exact_35deg 263 56 13400 -9375 0 9393 13418 0
exact_35deg 264 40 13459 -9290 0 9380 13423 0
exact_35deg 265 112 13417 -9503 0 9395 13422 0
exact_35deg 266 77 13329 -9413 0 9397 13410 1
exact_35deg 267 68 13423 -9425 0 9400 13411 2
exact_35deg 268 55 13418 -9428 0 9403 13411 3
exact_35deg 269 -29 13315 -9391 0 9401 13399 4
exact_35deg 270 -52 13414 -9393 0 9400 13400 5
exact_35deg 271 -27 13455 -9440 0 9405 13406 6
exact_35deg 272 15 13410 -9415 0 9406 13406 7
exact_35deg 273 2 13389 -9448 0 9411 13403 8
exact_35deg 274 29 13435 -9358 0 9404 13407 9
exact_35deg 275 -29 13437 -9475 0 9412 13410 10
exact_35deg 276 -69 13444 -9355 0 9404 13414 11
exact_35deg 277 55 13544 -9360 0 9398 13430 0
exact_35deg 278 133 13438 -9407 0 9399 13431 0
exact_35deg 279 68 13435 -9414 0 9400 13431 0
exact_35deg 280 35 13367 -9406 0 9400 13423 0
exact_35deg 281 49 13421 -9357 0 9394 13422 0
exact_35deg 282 -3 13431 -9434 0 9399 13423 0
exact_35deg 283 -38 13432 -9408 0 9400 13424 0
exact_35deg 284 20 13474 -9421 0 9402 13430 0
exact_35deg 285 33 13399 -9245 0 9382 13426 0
exact_35deg 286 58 13470 -9419 0 9386 13431 0
exact_35deg 287 48 13385 -9400 0 9387 13425 0
exact_35deg 288 27 13421 -9395 0 9388 13424 0
exact_35deg 289 7 13433 -9238 0 9369 13425 0
exact_35deg 290 -65 13417 -9432 0 9376 13424 0
exact_35deg 291 -56 13324 -9386 0 9377 13411 0
exact_35deg 292 -23 13393 -9410 0 9381 13408 0
exact_35deg 293 17 13425 -9377 0 9380 13410 0
exact_35deg 294 -61 13455 -9396 0 9382 13415 0
exact_35deg 295 -78 13374 -9400 0 9384 13409 0
exact_35deg 296 20 13436 -9461 0 9393 13412 0
exact_35deg 297 2 13453 -9416 0 9395 13417 0
exact_35deg 298 -9 13469 -9457 0 9402 13423 0
exact_35deg 299 14 13418 -9397 0 9401 13422 0
exact_35deg 300 -11 13460 -9400 0 9400 13426 0
exact_35deg 301 -35 13417 -9422 0 9402 13424 0
exact_35deg 302 21 13437 -9409 0 9402 13425 0
exact_35deg 303 -86 13370 -9362 0 9397 13418 1
exact_35deg 304 11 13369 -9491 0 9408 13411 2
exact_35deg 305 9 13426 -9466 0 9415 13412 3
exact_35deg 306 43 13255 -9437 0 9417 13392 4
exact_35deg 307 -27 13465 -9386 0 9413 13401 5
exact_35deg 308 26 13391 -9376 0 9408 13399 6
exact_35deg 309 -103 13388 -9413 0 9408 13397 7
exact_35deg 310 -70 13339 -9355 0 9401 13389 8
exact_35deg 311 49 13491 -9455 0 9407 13401 9
exact_35deg 312 32 13362 -9390 0 9404 13396 10
exact_35deg 313 103 13404 -9381 0 9401 13397 11
exact_35deg 314 -1 13437 -9307 0 9389 13402 0
exact_35deg 315 16 13338 -9341 0 9383 13394 0
exact_35deg 316 18 13378 -9422 0 9387 13392 0
exact_35deg 317 -14 13386 -9434 0 9392 13391 0
exact_35deg 318 -85 13344 -9291 0 9379 13385 0
exact_35deg 319 25 13376 -9435 0 9386 13383 0
exact_35deg 320 80 13446 -9356 0 9382 13390 0
exact_35deg 321 -61 13451 -9551 0 9403 13397 1
exact_35deg 322 85 13430 -9437 0 9407 13401 2
exact_35deg 323 -22 13349 -9443 0 9411 13394 3
exact_35deg 324 61 13392 -9393 0 9408 13393 4
exact_35deg 325 -32 13446 -9378 0 9404 13399 5
exact_35deg 326 -28 13404 -9381 0 9401 13399 6
exact_35deg 327 -95 13501 -9435 0 9405 13411 7
exact_35deg 328 -31 13452 -9413 0 9406 13416 8
exact_35deg 329 -49 13419 -9407 0 9406 13416 9
exact_35deg 330 75 13319 -9432 0 9409 13403 10
exact_35deg 331 -29 13432 -9414 0 9409 13406 11
exact_35deg 332 -4 13404 -9474 0 9417 13405 12
exact_35deg 333 29 13482 -9294 0 9401 13414 13
exact_35deg 334 58 13456 -9345 0 9394 13419 0
exact_35deg 335 -29 13459 -9442 0 9400 13424 0
exact_35deg 336 -34 13400 -9287 0 9385 13421 0
exact_35deg 337 150 13392 -9467 0 9395 13417 0
exact_35deg 338 -37 13363 -9331 0 9387 13410 0
exact_35deg 339 -10 13464 -9429 0 9392 13416 0
exact_35deg 340 -6 13460 -9399 0 9392 13421 0
exact_35deg 341 -3 13492 -9398 0 9392 13429 0
exact_35deg 342 -32 13486 -9401 0 9393 13436 0
exact_35deg 343 -15 13361 -9317 0 9383 13426 0
exact_35deg 344 46 13441 -9376 0 9382 13427 0
exact_35deg 345 -4 13438 -9366 0 9380 13428 0
exact_35deg 346 46 13494 -9414 0 9384 13436 0
exact_35deg 347 -52 13435 -9345 0 9379 13435 0
exact_35deg 348 83 13490 -9390 0 9380 13441 0
exact_35deg 349 -66 13465 -9373 0 9379 13444 0
exact_35deg 350 -117 13410 -9425 0 9384 13439 0
exact_35deg 351 -16 13430 -9362 0 9381 13437 0
exact_35deg 352 49 13299 -9512 0 9397 13419 1
exact_35deg 353 -49 13366 -9439 0 9402 13412 2
exact_35deg 354 -39 13419 -9356 0 9396 13412 0
exact_35deg 355 -42 13438 -9463 0 9404 13415 1
exact_35deg 356 -85 13383 -9397 0 9403 13411 2
exact_35deg 357 18 13353 -9394 0 9401 13403 3
exact_35deg 358 34 13425 -9323 0 9391 13405 0
exact_35deg 359 40 13434 -9401 0 9392 13408 0
exact_35deg 360 0 13406 -9461 0 9400 13407 1
exact_35deg 361 -26 13493 -9296 0 9387 13417 0
exact_35deg 362 -15 13405 -9382 0 9386 13415 0
exact_35deg 363 -18 13415 -9425 0 9390 13415 0
exact_35deg 364 13 13425 -9406 0 9392 13416 0
exact_35deg 365 -48 13409 -9451 0 9399 13415 1
exact_35deg 366 -40 13421 -9361 0 9394 13415 0
exact_35deg 367 16 13408 -9400 0 9394 13414 0
exact_35deg 368 2 13434 -9371 0 9391 13416 0
exact_35deg 369 65 13403 -9418 0 9394 13414 0
exact_35deg 370 66 13454 -9405 0 9395 13419 0
exact_35deg 371 11 13400 -9351 0 9389 13416 0
exact_35deg 372 -20 13426 -9359 0 9385 13417 0
exact_35deg 373 80 13356 -9450 0 9393 13409 0
exact_35deg 374 -63 13372 -9353 0 9388 13404 0
exact_35deg 375 50 13394 -9370 0 9385 13402 0
exact_35deg 376 -12 13411 -9416 0 9388 13403 0
exact_35deg 377 46 13480 -9374 0 9386 13412 0
exact_35deg 378 -73 13421 -9520 0 9402 13413 1
exact_35deg 379 -93 13406 -9473 0 9410 13412 2
exact_35deg 380 -68 13366 -9405 0 9409 13406 3
exact_35deg 381 71 13361 -9411 0 9409 13400 4
exact_35deg 382 -24 13400 -9396 0 9407 13400 5
exact_35deg 383 82 13508 -9420 0 9408 13413 6
exact_35deg 384 -47 13417 -9366 0 9402 13413 7
exact_35deg 385 -30 13377 -9422 0 9404 13408 8
exact_35deg 386 27 13459 -9390 0 9402 13414 9
exact_35deg 387 33 13429 -9313 0 9390 13415 0
exact_35deg 388 -29 13421 -9477 0 9400 13415 1
exact_35deg 389 43 13456 -9365 0 9395 13420 0
exact_35deg 390 5 13438 -9360 0 9390 13422 0
exact_35deg 391 49 13432 -9351 0 9385 13423 0
exact_35deg 392 -117 13415 -9427 0 9390 13422 0
exact_35deg 393 -76 13388 -9338 0 9383 13417 0
exact_35deg 394 47 13467 -9390 0 9383 13423 0
exact_35deg 395 -24 13484 -9428 0 9388 13430 0
exact_35deg 396 20 13458 -9552 0 9408 13433 0
exact_35deg 397 30 13408 -9499 0 9419 13429 0
exact_35deg 398 -17 13466 -9438 0 9421 13433 0
exact_35deg 399 -41 13399 -9404 0 9418 13428 0
exact_35deg 400 51 13365 -9424 0 9418 13420 1
exact_35deg 401 -7 13479 -9399 0 9415 13427 0
exact_35deg 402 19 13444 -9414 0 9414 13429 0
exact_35deg 403 22 13409 -9440 0 9417 13426 0
exact_35deg 404 -43 13435 -9441 0 9420 13427 0
exact_35deg 405 -3 13431 -9397 0 9417 13427 0
exact_35deg 406 -34 13494 -9421 0 9417 13435 0
exact_35deg 407 -66 13471 -9379 0 9412 13439 0
exact_35deg 408 -16 13400 -9443 0 9415 13434 0
exact_35deg 409 107 13451 -9413 0 9414 13436 0
exact_35deg 410 36 13378 -9308 0 9400 13428 0
exact_35deg 411 -95 13424 -9408 0 9401 13427 0
exact_35deg 412 24 13451 -9291 0 9387 13430 0
exact_35deg 413 -11 13386 -9420 0 9391 13424 0
exact_35deg 414 -7 13424 -9476 0 9401 13424 0
exact_35deg 415 24 13377 -9411 0 9402 13418 1
exact_35deg 416 37 13401 -9393 0 9400 13415 2
exact_35deg 417 24 13420 -9326 0 9390 13415 0
exact_35deg 418 28 13420 -9418 0 9393 13415 0
exact_35deg 419 27 13428 -9362 0 9389 13416 0
exact_35deg 420 78 13474 -9379 0 9387 13423 0
exact_35deg 421 94 13328 -9369 0 9384 13411 0
exact_35deg 422 22 13294 -9433 0 9390 13396 0
exact_35deg 423 -48 13494 -9468 0 9399 13408 1
exact_35deg 424 -1 13412 -9385 0 9397 13408 2
exact_35deg 425 16 13348 -9460 0 9404 13400 3
exact_35deg 426 44 13450 -9410 0 9404 13406 4
exact_35deg 427 22 13341 -9386 0 9401 13397 5
exact_35deg 428 24 13463 -9363 0 9396 13405 0
exact_35deg 429 8 13448 -9415 0 9398 13410 1
exact_35deg 430 18 13405 -9469 0 9406 13409 2
exact_35deg 431 13 13419 -9302 0 9393 13410 0
exact_35deg 432 -1 13339 -9365 0 9389 13401 0
exact_35deg 433 -3 13428 -9434 0 9394 13404 0
exact_35deg 434 68 13440 -9448 0 9400 13408 1
exact_35deg 435 40 13485 -9491 0 9411 13417 2
exact_35deg 436 50 13426 -9409 0 9410 13418 3
exact_35deg 437 10 13447 -9387 0 9407 13421 0
exact_35deg 438 51 13440 -9425 0 9409 13423 0
exact_35deg 439 -29 13455 -9425 0 9411 13427 0
exact_35deg 440 33 13362 -9433 0 9413 13418 1
exact_35deg 441 -35 13423 -9350 0 9405 13418 2
exact_35deg 442 -31 13546 -9332 0 9395 13434 0
exact_35deg 443 -89 13417 -9427 0 9399 13431 0
exact_35deg 444 51 13381 -9340 0 9391 13424 0
exact_35deg 445 44 13472 -9418 0 9394 13430 0
exact_35deg 446 -4 13371 -9417 0 9396 13422 0
exact_35deg 447 -5 13387 -9394 0 9395 13417 0
exact_35deg 448 -41 13335 -9402 0 9395 13406 0
exact_35deg 449 -17 13333 -9367 0 9391 13396 0
exact_35deg 450 47 13496 -9396 0 9391 13408 0
exact_35deg 451 35 13498 -9342 0 9384 13419 0
exact_35deg 452 13 13479 -9255 0 9367 13426 0
exact_35deg 453 -79 13340 -9263 0 9354 13415 0
exact_35deg 454 -20 13500 -9333 0 9351 13425 0
exact_35deg 455 103 13411 -9419 0 9359 13423 0
exact_35deg 456 86 13371 -9365 0 9359 13416 0
exact_35deg 457 -6 13377 -9354 0 9358 13411 0
exact_35deg 458 92 13374 -9437 0 9367 13406 0
exact_35deg 459 0 13446 -9387 0 9369 13411 0
exact_35deg 460 -92 13385 -9393 0 9372 13407 0
exact_35deg 461 -26 13403 -9456 0 9382 13406 0
exact_35deg 462 13 13507 -9430 0 9388 13418 0
exact_35deg 463 -80 13391 -9420 0 9392 13414 0
exact_35deg 464 29 13373 -9370 0 9389 13408 0
exact_35deg 465 -93 13424 -9471 0 9399 13410 1
exact_35deg 466 -25 13497 -9447 0 9405 13420 2
exact_35deg 467 13 13452 -9400 0 9404 13424 0
exact_35deg 468 -93 13420 -9463 0 9411 13423 0
exact_35deg 469 33 13479 -9450 0 9415 13430 0
exact_35deg 470 -6 13277 -9340 0 9405 13410 1
exact_35deg 471 -8 13482 -9489 0 9415 13419 2
exact_35deg 472 -64 13366 -9440 0 9418 13412 3
exact_35deg 473 -37 13394 -9398 0 9415 13409 4
exact_35deg 474 -24 13355 -9421 0 9415 13402 5
exact_35deg 475 -34 13429 -9337 0 9405 13405 6
exact_35deg 476 -73 13393 -9319 0 9394 13403 0
exact_35deg 477 -41 13375 -9442 0 9400 13399 1
exact_35deg 478 -12 13429 -9385 0 9398 13402 2
exact_35deg 479 -26 13463 -9337 0 9390 13409 0
exact_35deg 480 -26 13401 -9396 0 9390 13408 0
exact_35deg 481 37 13500 -9394 0 9390 13419 0
exact_35deg 482 -4 13414 -9402 0 9391 13418 0
exact_35deg 483 12 13362 -9415 0 9394 13411 0
exact_35deg 484 53 13375 -9416 0 9396 13406 0
exact_35deg 485 50 13408 -9350 0 9390 13406 0
exact_35deg 486 49 13438 -9380 0 9388 13410 0
exact_35deg 487 32 13481 -9372 0 9386 13418 0
exact_35deg 488 73 13459 -9477 0 9397 13423 0
exact_35deg 489 -69 13440 -9462 0 9405 13425 0
exact_35deg 490 28 13385 -9461 0 9412 13420 1
exact_35deg 491 -61 13441 -9410 0 9411 13422 0
exact_35deg 492 60 13361 -9467 0 9418 13414 1
exact_35deg 493 23 13351 -9403 0 9416 13406 2
exact_35deg 494 60 13375 -9362 0 9409 13402 3
exact_35deg 495 -27 13430 -9419 0 9410 13405 4
exact_35deg 496 38 13421 -9384 0 9406 13407 5
exact_35deg 497 68 13493 -9326 0 9396 13417 0
exact_35deg 498 -40 13408 -9422 0 9399 13415 1
exact_35deg 499 34 13441 -9398 0 9398 13418 2
exact_35deg 500 64 13453 -9340 0 9390 13422 0
exact_35deg 501 9 13463 -9416 0 9393 13427 0
exact_35deg 502 -3 13522 -9374 0 9390 13438 0
exact_35deg 503 -2 13384 -9420 0 9393 13431 0
exact_35deg 504 -119 13387 -9445 0 9399 13425 0
exact_35deg 505 -16 13469 -9406 0 9399 13430 0
exact_35deg 506 21 13410 -9435 0 9403 13427 0
exact_35deg 507 0 13400 -9349 0 9396 13423 0
exact_35deg 508 -27 13423 -9392 0 9395 13423 0
exact_35deg 509 -19 13399 -9514 0 9409 13420 1
exact_35deg 510 -24 13511 -9386 0 9406 13431 0
exact_35deg 511 57 13419 -9346 0 9398 13429 0
exact_35deg 512 -41 13480 -9489 0 9409 13435 0
exact_35deg 513 -25 13352 -9416 0 9409 13424 0
exact_35deg 514 -3 13431 -9415 0 9409 13424 0
exact_35deg 515 40 13426 -9390 0 9406 13424 0
exact_35deg 516 -75 13477 -9391 0 9404 13430 0
exact_35deg 517 6 13291 -9406 0 9404 13412 1
exact_35deg 518 48 13394 -9413 0 9405 13409 2
exact_35deg 519 -66 13561 -9360 0 9399 13428 0
exact_35deg 520 47 13464 -9396 0 9398 13432 0
exact_35deg 521 -32 13385 -9294 0 9385 13426 0
exact_35deg 522 -74 13426 -9497 0 9399 13426 0
exact_35deg 523 22 13398 -9414 0 9400 13422 0
exact_35deg 524 28 13530 -9407 0 9400 13435 0
exact_35deg 525 -35 13431 -9334 0 9391 13434 0
exact_35deg 526 -8 13404 -9331 0 9383 13430 0
exact_35deg 527 -13 13428 -9462 0 9392 13429 0
exact_35deg 528 -63 13409 -9407 0 9393 13426 0
exact_35deg 529 -25 13494 -9426 0 9397 13434 0
exact_35deg 530 -52 13488 -9306 0 9385 13440 0
exact_35deg 531 31 13463 -9411 0 9388 13442 0
exact_35deg 532 1 13372 -9481 0 9399 13433 0
exact_35deg 533 -42 13410 -9310 0 9387 13430 0
exact_35deg 534 -3 13513 -9451 0 9395 13440 0
exact_35deg 535 26 13396 -9407 0 9396 13434 0
exact_35deg 536 -18 13454 -9423 0 9399 13436 0
exact_35deg 537 -51 13415 -9311 0 9388 13433 0
exact_35deg 538 51 13381 -9424 0 9392 13426 0
exact_35deg 539 -10 13433 -9394 0 9392 13426 0
exact_35deg 540 41 13440 -9372 0 9389 13427 0
exact_35deg 541 14 13454 -9383 0 9388 13430 0
exact_35deg 542 16 13367 -9404 0 9390 13422 0
exact_35deg 543 -77 13378 -9445 0 9396 13416 0
exact_35deg 544 -24 13346 -9459 0 9403 13407 1
exact_35deg 545 69 13500 -9338 0 9394 13418 0
exact_35deg 546 7 13495 -9319 0 9384 13427 0
exact_35deg 547 -8 13318 -9399 0 9385 13413 0
exact_35deg 548 74 13407 -9387 0 9385 13412 0
exact_35deg 549 15 13467 -9406 0 9387 13418 0
exact_35deg 550 -41 13422 -9400 0 9388 13418 0
exact_35deg 551 35 13489 -9405 0 9390 13426 0
exact_35deg 552 0 13370 -9353 0 9385 13419 0
exact_35deg 553 18 13352 -9397 0 9386 13410 0
exact_35deg 554 -33 13408 -9464 0 9395 13409 0
exact_35deg 555 58 13519 -9330 0 9386 13422 0
exact_35deg 556 20 13496 -9325 0 9378 13431 0
exact_35deg 557 9 13507 -9345 0 9373 13440 0
exact_35deg 558 130 13467 -9382 0 9374 13443 0
exact_35deg 559 9 13360 -9334 0 9369 13432 0
exact_35deg 560 1 13418 -9379 0 9370 13430 0
exact_35deg 561 -26 13386 -9402 0 9374 13424 0
exact_35deg 562 48 13480 -9432 0 9381 13431 0
exact_35deg 563 97 13367 -9447 0 9389 13423 0
exact_35deg 564 -71 13419 -9457 0 9397 13422 0
exact_35deg 565 -41 13474 -9422 0 9400 13428 0
exact_35deg 566 -6 13460 -9389 0 9398 13432 0
exact_35deg 567 -70 13401 -9459 0 9405 13428 0
exact_35deg 568 -21 13409 -9347 0 9397 13425 0
exact_35deg 569 18 13456 -9413 0 9399 13428 0
exact_35deg 570 33 13416 -9381 0 9396 13426 0
exact_35deg 571 -34 13364 -9440 0 9401 13418 1
exact_35deg 572 -9 13385 -9357 0 9395 13413 0
exact_35deg 573 -87 13433 -9362 0 9390 13415 0
exact_35deg 574 14 13390 -9323 0 9381 13411 0
exact_35deg 575 59 13395 -9392 0 9382 13409 0
exact_35deg 576 -19 13404 -9399 0 9384 13408 0
exact_35deg 577 24 13385 -9471 0 9394 13405 0
exact_35deg 578 -10 13400 -9441 0 9399 13404 1
exact_35deg 579 67 13482 -9438 0 9403 13413 2
exact_35deg 580 64 13443 -9336 0 9394 13416 0
exact_35deg 581 39 13386 -9449 0 9400 13412 1
exact_35deg 582 37 13469 -9473 0 9409 13419 2
exact_35deg 583 48 13429 -9318 0 9397 13420 3
exact_35deg 584 -21 13466 -9469 0 9406 13425 0
exact_35deg 585 45 13452 -9474 0 9414 13428 0
exact_35deg 586 27 13388 -9486 0 9423 13423 0
exact_35deg 587 -3 13462 -9397 0 9419 13427 0
exact_35deg 588 -24 13424 -9516 0 9431 13426 0
exact_35deg 589 24 13417 -9376 0 9424 13424 0
exact_35deg 590 47 13499 -9430 0 9424 13433 0
exact_35deg 591 -43 13394 -9383 0 9418 13428 0
exact_35deg 592 42 13432 -9485 0 9426 13428 0
exact_35deg 593 -18 13425 -9334 0 9414 13427 0
exact_35deg 594 -9 13448 -9467 0 9420 13429 0
exact_35deg 595 49 13444 -9414 0 9419 13430 0
exact_35deg 596 -54 13454 -9465 0 9424 13433 0
exact_35deg 597 87 13466 -9304 0 9409 13437 0
exact_35deg 598 -12 13468 -9451 0 9414 13440 0
exact_35deg 599 -46 13388 -9401 0 9412 13433 0
exact_35deg 600 25 13511 -9408 0 9411 13442 0
exact_35deg 601 -44 13369 -9443 0 9415 13432 0
exact_35deg 602 1 13379 -9373 0 9409 13425 0
exact_35deg 603 -15 13517 -9349 0 9401 13436 0
exact_35deg 604 10 13354 -9403 0 9401 13425 0
exact_35deg 605 63 13481 -9372 0 9397 13432 0
exact_35deg 606 77 13483 -9382 0 9395 13438 0
exact_35deg 607 -6 13437 -9460 0 9403 13437 0
exact_35deg 608 -2 13411 -9269 0 9386 13433 0
exact_35deg 609 -42 13449 -9358 0 9382 13435 0
exact_35deg 610 -28 13369 -9406 0 9385 13426 0
exact_35deg 611 -35 13372 -9399 0 9386 13419 0
exact_35deg 612 -117 13351 -9364 0 9383 13410 0
exact_35deg 613 -59 13422 -9431 0 9389 13411 0
exact_35deg 614 52 13461 -9351 0 9384 13417 0
exact_35deg 615 -107 13451 -9409 0 9387 13421 0
exact_35deg 616 25 13476 -9347 0 9382 13427 0
exact_35deg 617 -4 13291 -9377 0 9381 13410 0
exact_35deg 618 -64 13477 -9405 0 9384 13418 0
exact_35deg 619 28 13452 -9397 0 9385 13422 0
exact_35deg 620 65 13372 -9387 0 9385 13415 0
exact_35deg 621 -14 13689 -8954 0 9331 13449 0
exact_35deg 622 24 14012 -8498 0 9226 13519 0
exact_35deg 623 -2 14181 -8231 0 9101 13601 0
exact_35deg 624 39 14405 -7678 0 8923 13701 0
exact_35deg 625 -34 14670 -7266 0 8715 13822 0
exact_35deg 626 60 14958 -6848 0 8481 13964 0
exact_35deg 627 -13 15066 -6406 0 8221 14101 0
exact_35deg 628 -44 15384 -5771 0 7914 14261 0
exact_35deg 629 2 15446 -5434 0 7604 14409 0
exact_35deg 630 5 15633 -4943 0 7271 14562 0
exact_35deg 631 -73 15749 -4477 0 6921 14710 0
exact_35deg 632 -65 15827 -3930 0 6547 14849 0
exact_35deg 633 26 15958 -3553 0 6172 14987 0
exact_35deg 634 -57 16151 -2874 0 5759 15132 0
exact_35deg 635 47 16161 -2564 0 5359 15260 0
exact_35deg 636 -24 16295 -1984 0 4937 15389 0
exact_35deg 637 -70 16273 -1550 0 4513 15499 0
exact_35deg 638 -108 16377 -979 0 4071 15608 0
exact_35deg 639 54 16293 -548 0 3630 15693 0
exact_35deg 640 -26 16365 7 0 3175 15777 0
exact_35deg 641 -69 16410 -6 0 2778 15856 0
exact_35deg 642 -33 16381 -25 0 2433 15921 0
exact_35deg 643 105 16394 23 0 2126 15980 0
exact_35deg 644 -101 16386 -7 0 1861 16030 0
exact_35deg 645 -9 16355 -38 0 1633 16070 0
exact_35deg 646 66 16354 25 0 1425 16105 0
exact_35deg 647 -30 16357 56 0 1239 16136 0
exact_35deg 648 24 16313 32 0 1080 16158 0
exact_35deg 649 12 16342 33 0 940 16181 0
exact_35deg 650 7 16434 -32 0 826 16212 0
exact_35deg 651 -83 16405 -28 0 726 16236 0
exact_35deg 652 94 16418 19 0 632 16258 0
exact_35deg 653 -71 16367 -59 0 560 16271 0
exact_35deg 654 -67 16420 53 0 483 16289 0
exact_35deg 655 51 16424 -22 0 425 16305 0
exact_35deg 656 -5 16353 75 0 362 16311 0
exact_35deg 657 -83 16285 -92 0 328 16307 0
exact_35deg 658 79 16422 5 0 286 16321 0
exact_35deg 659 73 16382 30 0 246 16328 0
exact_35deg 660 -42 16369 53 0 208 16333 0
exact_35deg 661 53 16435 -40 0 187 16345 0
exact_35deg 662 -2 16370 2 0 163 16348 0
exact_35deg 663 -37 16377 43 0 137 16351 0
exact_35deg 664 32 16398 65 0 111 16356 0
exact_35deg 665 -14 16314 -24 0 100 16350 0
exact_35deg 666 -19 16433 79 0 77 16360 0
exact_35deg 667 -57 16452 83 0 57 16371 0
exact_35deg 668 34 16284 3 0 49 16360 0
exact_35deg 669 -53 16333 -20 0 45 16356 0
exact_35deg 670 29 16384 10 0 38 16359 0
exact_35deg 671 54 16393 -46 0 39 16363 0
exact_35deg 672 79 16398 -11 0 35 16367 0
exact_35deg 673 -5 16458 -34 0 34 16378 0
exact_35deg 674 -12 16372 -27 0 33 16377 0
exact_35deg 675 -18 16351 -21 0 31 16373 0
exact_35deg 676 -11 16328 41 0 22 16367 0
exact_35deg 677 -43 16364 17 0 17 16366 0
exact_35deg 678 -32 16424 -17 0 17 16373 0
exact_35deg 679 -32 16441 37 0 10 16381 0
exact_35deg 680 2 16361 56 0 1 16378 0
exact_35deg 681 -7 16328 48 0 -6 16371 0
exact_35deg 682 -36 16444 34 0 -10 16380 0
exact_35deg 683 68 16392 7 0 -10 16381 0
exact_35deg 684 14 16360 -3 0 -9 16378 0
exact_35deg 685 67 16300 -9 0 -7 16368 0
exact_35deg 686 8 16494 -44 0 -1 16383 0
exact_35deg 687 -21 16413 -14 0 0 16386 0
exact_35deg 688 -23 16435 4 0 -1 16392 0
exact_35deg 689 -30 16340 10 0 -3 16385 0
exact_35deg 690 -24 16282 36 0 -8 16372 0
exact_35deg 691 107 16442 49 0 -14 16380 0
exact_35deg 692 59 16417 -32 0 -9 16384 0
exact_35deg 693 4 16345 -34 0 -4 16379 0
exact_35deg 694 -21 16374 22 0 -7 16378 0
exact_35deg 695 -41 16368 2 0 -7 16376 0
exact_35deg 696 -72 16396 -6 0 -6 16378 0
exact_35deg 697 -65 16400 100 0 -18 16380 0
exact_35deg 698 3 16423 -63 0 -8 16385 0
exact_35deg 699 5 16450 -29 0 -4 16393 0
exact_35deg 700 26 16387 -8 0 -3 16392 0
exact_35deg 701 -13 16350 84 0 -14 16386 0
exact_35deg 702 18 16434 36 0 -17 16392 0
exact_35deg 703 50 16316 -22 0 -13 16382 0
exact_35deg 704 -57 16366 -102 0 1 16380 0
exact_35deg 705 -53 16390 31 0 -3 16381 0
exact_35deg 706 -3 16350 40 0 -8 16377 0
exact_35deg 707 51 16376 -112 0 7 16376 0
exact_35deg 708 -9 16481 68 0 -3 16389 0
exact_35deg 709 54 16464 -5 0 -2 16398 0
exact_35deg 710 -4 16461 -2 0 -2 16405 0
exact_35deg 711 14 16400 -123 0 13 16404 0
exact_35deg 712 26 16477 -29 0 15 16413 0
exact_35deg 713 -60 16443 10 0 11 16416 0
exact_35deg 714 38 16368 33 0 5 16410 0
exact_35deg 715 -35 16436 -1 0 4 16413 0
exact_35deg 716 -24 16347 66 0 -5 16404 0
exact_35deg 717 -27 16471 88 0 -16 16412 0
exact_35deg 718 15 16332 -81 0 -4 16402 0
exact_35deg 719 7 16382 26 0 -7 16399 0
exact_35deg 720 -3 16294 22 0 -9 16385 0
exact_35deg 721 36 16480 -35 0 -4 16396 0
exact_35deg 722 -5 16395 0 0 -4 16395 0
exact_35deg 723 -19 16443 -4 0 -3 16401 0
exact_35deg 724 9 16383 16 0 -5 16398 0
exact_35deg 725 -60 16331 -12 0 -3 16389 0
exact_35deg 726 -21 16345 57 0 -10 16383 0
exact_35deg 727 -63 16389 -45 0 -4 16383 0
exact_35deg 728 10 16446 57 0 -11 16390 0
exact_35deg 729 -30 16386 14 0 -12 16389 0
exact_35deg 730 20 16304 -124 0 5 16378 0
exact_35deg 731 66 16396 -38 0 9 16380 0
exact_35deg 732 -60 16370 11 0 6 16378 0
exact_35deg 733 66 16382 -57 0 12 16378 0
exact_35deg 734 -34 16405 -8 0 11 16381 0
exact_35deg 735 -4 16426 -57 0 16 16386 0
exact_35deg 736 19 16369 -68 0 22 16383 0
exact_35deg 737 47 16258 -20 0 21 16367 0
exact_35deg 738 -53 16304 -65 0 26 16359 0
exact_35deg 739 70 16454 -97 0 34 16370 0
nod_y_negative 0 19 -16311 -32 0 4 -2039 0
nod_y_negative 1 -46 -16438 -37 0 8 -3839 0
nod_y_negative 2 37 -16441 8 0 6 -5415 0
nod_y_negative 3 12 -16433 40 0 0 -6793 0
nod_y_negative 4 -35 -16405 -4 0 0 -7995 0
nod_y_negative 5 -55 -16452 -15 0 1 -9053 0
nod_y_negative 6 106 -16424 49 0 -6 -9975 0
nod_y_negative 7 36 -16273 -25 0 -3 -10763 0
nod_y_negative 8 -22 -16393 55 0 -10 -11467 0
nod_y_negative 9 14 -16408 -5 0 -9 -12085 0
nod_y_negative 10 -43 -16364 101 0 -21 -12620 0
nod_y_negative 11 57 -16364 48 0 -25 -13088 0
nod_y_negative 12 -9 -16316 -4 0 -22 -13492 0
nod_y_negative 13 -63 -16412 13 0 -21 -13857 0
nod_y_negative 14 44 -16394 -22 0 -16 -14175 0
nod_y_negative 15 25 -16339 123 0 -30 -14446 0
nod_y_negative 16 49 -16270 2 0 -27 -14674 0
nod_y_negative 17 8 -16410 -21 0 -21 -14891 0
nod_y_negative 18 116 -16317 -12 0 -17 -15070 0
nod_y_negative 19 -12 -16336 -4 0 -15 -15229 0
nod_y_negative 20 57 -16445 -26 0 -10 -15381 0
nod_y_negative 21 -34 -16449 12 0 -11 -15515 0
nod_y_negative 22 64 -16400 82 0 -20 -15626 0
nod_y_negative 23 -21 -16336 22 0 -21 -15715 0
nod_y_negative 24 -2 -16340 -21 0 -16 -15794 0
nod_y_negative 25 118 -16389 4 0 -15 -15869 0
nod_y_negative 26 0 -16373 46 0 -19 -15932 0
nod_y_negative 27 40 -16341 -45 0 -11 -15984 0
nod_y_negative 28 -51 -16422 34 0 -14 -16039 0
nod_y_negative 29 -10 -16373 -81 0 -3 -16081 0
nod_y_negative 30 -1 -16446 48 0 -9 -16127 0
nod_y_negative 31 -22 -16432 67 0 -17 -16166 0
nod_y_negative 32 -71 -16390 51 0 -22 -16194 0
nod_y_negative 33 13 -16363 27 0 -23 -16216 0
nod_y_negative 34 -66 -16408 38 0 -25 -16240 0
nod_y_negative 35 -61 -16372 0 0 -22 -16257 0
nod_y_negative 36 -15 -16417 41 0 -25 -16277 0
nod_y_negative 37 -16 -16421 -23 0 -19 -16295 0
nod_y_negative 38 13 -16422 -44 0 -12 -16311 0
nod_y_negative 39 -8 -16350 65 0 -19 -16316 0
nod_y_negative 40 44 -16376 -105 0 -4 -16324 0
nod_y_negative 41 -4 -16440 13 0 -6 -16339 0
nod_y_negative 42 28 -16337 -29 0 -2 -16339 0
nod_y_negative 43 28 -16376 -16 0 0 -16344 0
nod_y_negative 44 31 -16385 78 0 -10 -16350 0
nod_y_negative 45 -31 -16450 -80 0 1 -16363 0
nod_y_negative 46 -14 -16426 24 0 -3 -16371 0
nod_y_negative 47 4 -16449 -13 0 -1 -16381 0
nod_y_negative 48 42 -16428 -80 0 9 -16387 0
nod_y_negative 49 -68 -16384 -52 0 14 -16387 0
nod_y_negative 50 44 -16327 64 0 4 -16380 0
nod_y_negative 51 0 -16417 57 0 -4 -16385 0
nod_y_negative 52 151 -16340 -116 0 11 -16380 0
nod_y_negative 53 -3 -16331 -22 0 12 -16374 0
nod_y_negative 54 -45 -16333 58 0 3 -16369 0
nod_y_negative 55 38 -16394 -69 0 11 -16373 0
nod_y_negative 56 24 -16318 63 0 1 -16367 0
nod_y_negative 57 -1 -16344 -25 0 4 -16365 0
nod_y_negative 58 40 -16425 50 0 -3 -16373 0
nod_y_negative 59 -10 -16308 -46 0 3 -16365 0
nod_y_negative 60 1 -16332 -6 0 3 -16361 0
nod_y_negative 61 1 -16372 -6 0 3 -16363 0
nod_y_negative 62 12 -16285 18 0 0 -16354 0
nod_y_negative 63 68 -16425 49 0 -7 -16363 0
nod_y_negative 64 47 -16340 11 0 -8 -16361 0
nod_y_negative 65 42 -16407 -42 0 -2 -16367 0
nod_y_negative 66 14 -16457 26 0 -5 -16379 0
nod_y_negative 67 85 -16454 -36 0 0 -16389 0
nod_y_negative 68 -36 -16366 -125 0 15 -16387 0
nod_y_negative 69 -69 -16418 -101 0 25 -16391 0
nod_y_negative 70 2 -16353 31 0 18 -16387 0
nod_y_negative 71 -1 -16295 -32 0 19 -16376 0
nod_y_negative 72 -56 -16361 -20 0 19 -16375 0
nod_y_negative 73 42 -16460 14 0 14 -16386 0
nod_y_negative 74 24 -16400 -66 0 20 -16388 0
nod_y_negative 75 -18 -16406 43 0 12 -16391 0
nod_y_negative 76 12 -16416 -68 0 19 -16395 0
nod_y_negative 77 28 -16426 5 0 16 -16399 0
nod_y_negative 78 28 -16422 50 0 7 -16402 0
nod_y_negative 79 -9 -16358 -49 0 12 -16397 0
nod_y_negative 80 -27 -16419 15 0 8 -16400 0
nod_y_negative 81 46 -16355 2 0 6 -16395 0
nod_y_negative 82 26 -16487 28 0 1 -16407 0
nod_y_negative 83 -22 -16311 48 0 -6 -16395 0
nod_y_negative 84 45 -16401 1 0 -6 -16396 0
nod_y_negative 85 22 -16362 30 0 -9 -16392 0
nod_y_negative 86 99 -16395 11 0 -10 -16393 0
nod_y_negative 87 38 -16359 -17 0 -7 -16389 0
nod_y_negative 88 75 -16395 91 0 -18 -16390 0
nod_y_negative 89 -29 -16400 -70 0 -7 -16392 0
nod_y_negative 90 -65 -16438 -82 0 4 -16398 0
nod_y_negative 91 27 -16383 3 0 3 -16397 0
nod_y_negative 92 -18 -16332 46 0 -4 -16389 0
nod_y_negative 93 -38 -16396 35 0 -8 -16390 0
nod_y_negative 94 35 -16336 -1 0 -7 -16384 0
nod_y_negative 95 48 -16368 -4 0 -6 -16382 0
nod_y_negative 96 0 -16412 39 0 -11 -16386 0
nod_y_negative 97 -91 -16412 38 0 -15 -16390 0
nod_y_negative 98 4 -16411 -12 0 -12 -16393 0
nod_y_negative 99 -12 -16367 9 0 -12 -16390 0
nod_y_negative 100 -9 -16323 2 0 -11 -16382 0
nod_y_negative 101 2 -16360 -703 0 78 -16380 0
nod_y_negative 102 14 -16237 -1560 0 263 -16363 0
nod_y_negative 103 25 -16241 -2342 0 522 -16348 0
nod_y_negative 104 -14 -16120 -2995 0 831 -16320 0
nod_y_negative 105 35 -15981 -3731 0 1193 -16278 0
nod_y_negative 106 6 -15748 -4463 0 1601 -16212 0
nod_y_negative 107 30 -15426 -5251 0 2057 -16114 0
nod_y_negative 108 -63 -15266 -5969 0 2546 -16008 0
nod_y_negative 109 3 -15062 -6691 0 3064 -15890 0
nod_y_negative 110 6 -14577 -7281 0 3591 -15726 0
nod_y_negative 111 24 -14273 -7934 0 4133 -15545 0
nod_y_negative 112 1 -13989 -8706 0 4704 -15351 0
nod_y_negative 113 -84 -13429 -9377 0 5288 -15111 0
nod_y_negative 114 -54 -13001 -9920 0 5867 -14848 0
nod_y_negative 115 -3 -12521 -10553 0 6452 -14558 0
nod_y_negative 116 44 -12552 -10567 0 6966 -14308 0
nod_y_negative 117 15 -12555 -10409 0 7396 -14089 0
nod_y_negative 118 14 -12556 -10516 0 7786 -13898 0
nod_y_negative 119 17 -12512 -10508 0 8126 -13725 0
nod_y_negative 120 57 -12512 -10425 0 8413 -13574 0
nod_y_negative 121 3 -12677 -10540 0 8678 -13462 0
nod_y_negative 122 93 -12569 -10510 0 8907 -13351 0
nod_y_negative 123 -58 -12570 -10472 0 9102 -13254 0
nod_y_negative 124 -17 -12574 -10532 0 9280 -13169 0
nod_y_negative 125 29 -12588 -10458 0 9427 -13097 1
nod_y_negative 126 85 -12501 -10544 0 9566 -13023 2
nod_y_negative 127 50 -12643 -10460 0 9677 -12976 3
nod_y_negative 128 19 -12558 -10520 0 9782 -12924 4
nod_y_negative 129 86 -12552 -10499 0 9871 -12878 5
nod_y_negative 130 -46 -12489 -10610 0 9963 -12830 6
nod_y_negative 131 -3 -12587 -10507 0 10031 -12800 7
nod_y_negative 132 -11 -12515 -10519 0 10092 -12765 8
nod_y_negative 133 -42 -12511 -10557 0 10150 -12734 9
nod_y_negative 134 11 -12604 -10534 0 10198 -12718 10
nod_y_negative 135 -23 -12572 -10517 0 10237 -12700 11
nod_y_negative 136 -90 -12505 -10419 0 10259 -12676 12
nod_y_negative 137 -68 -12502 -10480 0 10286 -12655 13
nod_y_negative 138 39 -12508 -10541 0 10317 -12637 14
nod_y_negative 139 -48 -12586 -10517 0 10342 -12631 15
nod_y_negative 140 75 -12556 -10502 0 10362 -12622 16
nod_y_negative 141 83 -12522 -10517 0 10381 -12610 17
nod_y_negative 142 -50 -12543 -10549 0 10402 -12602 18
nod_y_negative 143 27 -12587 -10504 0 10414 -12601 19
nod_y_negative 144 66 -12459 -10509 0 10425 -12584 20
nod_y_negative 145 -37 -12513 -10593 0 10446 -12576 21
nod_y_negative 146 50 -12607 -10397 0 10439 -12580 22
nod_y_negative 147 -14 -12623 -10533 0 10450 -12586 23
nod_y_negative 148 65 -12597 -10544 0 10461 -12588 24
nod_y_negative 149 -8 -12511 -10606 0 10479 -12579 25
nod_y_negative 150 1 -12575 -10498 0 10481 -12579 26
nod_y_negative 151 -7 -12482 -10492 0 10482 -12567 27
nod_y_negative 152 -53 -12529 -10530 0 10488 -12563 28
nod_y_negative 153 0 -12505 -10458 0 10484 -12556 29
nod_y_negative 154 -1 -12564 -10516 0 10488 -12557 30
nod_y_negative 155 17 -12577 -10647 0 10507 -12560 31
nod_y_negative 156 23 -12510 -10512 0 10507 -12554 32
nod_y_negative 157 -42 -12599 -10433 0 10497 -12560 33
nod_y_negative 158 17 -12589 -10644 0 10515 -12564 34
nod_y_negative 159 40 -12515 -10604 0 10526 -12558 35
nod_y_negative 160 -12 -12530 -10534 0 10527 -12555 36
nod_y_negative 161 -47 -12580 -10528 0 10527 -12559 37
nod_y_negative 162 -21 -12522 -10469 0 10519 -12555 38
nod_y_negative 163 29 -12536 -10513 0 10518 -12553 39
nod_y_negative 164 94 -12504 -10539 0 10520 -12547 40
nod_y_negative 165 -24 -12623 -10441 0 10510 -12557 41
nod_y_negative 166 -34 -12453 -10528 0 10512 -12544 42
nod_y_negative 167 -39 -12601 -10606 0 10523 -12552 43
nod_y_negative 168 -5 -12590 -10544 0 10525 -12557 44
nod_y_negative 169 5 -12525 -10568 0 10530 -12553 45
nod_y_negative 170 -21 -12547 -10496 0 10525 -12553 46
nod_y_negative 171 5 -12468 -10564 0 10529 -12543 47
nod_y_negative 172 50 -12539 -10468 0 10521 -12543 48
nod_y_negative 173 76 -12568 -10497 0 10518 -12547 49
nod_y_negative 174 0 -12568 -10554 1 10522 -12550 50
nod_y_negative 175 11 -12511 -10521 0 10521 -12546 51
nod_y_negative 176 -41 -12513 -10555 0 10525 -12542 52
nod_y_negative 177 39 -12550 -10356 0 10503 -12543 53
nod_y_negative 178 70 -12418 -10492 0 10501 -12528 54
nod_y_negative 179 -78 -12566 -10550 0 10507 -12533 55
nod_y_negative 180 24 -12558 -10520 0 10508 -12537 56
nod_y_negative 181 -23 -12561 -10569 0 10515 -12540 57
nod_y_negative 182 -14 -12549 -10569 0 10521 -12542 58
nod_y_negative 183 6 -12557 -10494 0 10517 -12544 59
nod_y_negative 184 -38 -12689 -10632 0 10531 -12563 60
nod_y_negative 185 9 -12492 -10505 0 10527 -12555 61
nod_y_negative 186 -20 -12550 -10544 0 10529 -12555 62
nod_y_negative 187 -21 -12607 -10486 0 10523 -12562 63
nod_y_negative 188 70 -12595 -10551 0 10526 -12567 64
nod_y_negative 189 -66 -12545 -10513 0 10524 -12565 65
nod_y_negative 190 -17 -12554 -10575 0 10530 -12564 66
nod_y_negative 191 -61 -12570 -10607 0 10539 -12565 67
nod_y_negative 192 28 -12564 -10494 0 10533 -12565 68
nod_y_negative 193 31 -12545 -10564 0 10536 -12563 69
nod_y_negative 194 -65 -12515 -10470 0 10527 -12557 70
nod_y_negative 195 -10 -12540 -10489 0 10522 -12555 71
nod_y_negative 196 13 -12497 -10510 0 10520 -12548 72
nod_y_negative 197 8 -12544 -10467 0 10513 -12548 73
nod_y_negative 198 47 -12488 -10511 0 10512 -12541 74
nod_y_negative 199 122 -12593 -10570 0 10519 -12548 75
nod_y_negative 200 -2 -12583 -10546 0 10522 -12553 76
nod_y_negative 201 33 -12601 -10460 0 10514 -12559 77
nod_y_negative 202 29 -12542 -10523 0 10515 -12557 78
nod_y_negative 203 -11 -12560 -10439 0 10505 -12558 79
nod_y_negative 204 9 -12551 -10430 0 10495 -12558 80
nod_y_negative 205 -3 -12572 -10620 0 10510 -12560 81
nod_y_negative 206 119 -12534 -10411 0 10497 -12557 82
nod_y_negative 207 62 -12543 -10527 0 10500 -12556 83
nod_y_negative 208 -7 -12485 -10636 0 10517 -12548 84
nod_y_negative 209 36 -12511 -10526 0 10518 -12544 85
nod_y_negative 210 77 -12564 -10552 0 10522 -12547 86
nod_y_negative 211 42 -12553 -10591 0 10530 -12548 87
nod_y_negative 212 -16 -12664 -10441 0 10518 -12563 88
nod_y_negative 213 -18 -12565 -10544 0 10521 -12564 89
nod_y_negative 214 10 -12553 -10531 0 10522 -12563 90
nod_y_negative 215 -131 -12549 -10465 0 10514 -12562 91
nod_y_negative 216 39 -13040 -10023 0 10452 -12622 92
nod_y_negative 217 49 -13379 -9295 0 10307 -12717 93
nod_y_negative 218 77 -13918 -8608 0 10094 -12868 94
nod_y_negative 219 43 -14239 -8030 0 9836 -13040 95
nod_y_negative 220 30 -14642 -7408 0 9532 -13241 96
nod_y_negative 221 -34 -14964 -6699 0 9177 -13457 0
nod_y_negative 222 -8 -15351 -5994 0 8779 -13694 0
nod_y_negative 223 6 -15445 -5299 0 8344 -13913 0
nod_y_negative 224 40 -15761 -4550 0 7869 -14144 0
nod_y_negative 225 -8 -15904 -3752 0 7354 -14364 0
nod_y_negative 226 -21 -16094 -3028 0 6813 -14581 0
nod_y_negative 227 60 -16190 -2254 0 6243 -14783 0
nod_y_negative 228 -78 -16396 -1497 0 5649 -14985 0
nod_y_negative 229 34 -16382 -811 0 5044 -15160 0
nod_y_negative 230 -53 -16368 -111 0 4427 -15311 0
nod_y_negative 231 64 -16381 21 0 3871 -15445 0
nod_y_negative 232 -65 -16349 33 0 3383 -15558 0
nod_y_negative 233 -80 -16339 -35 0 2964 -15656 0
nod_y_negative 234 -47 -16406 -3 0 2593 -15750 0
nod_y_negative 235 -30 -16284 -8 0 2269 -15817 0
nod_y_negative 236 53 -16405 -48 0 1991 -15891 0
nod_y_negative 237 61 -16417 93 0 1730 -15957 0
nod_y_negative 238 -81 -16411 -28 0 1517 -16014 0
nod_y_negative 239 26 -16376 -100 0 1339 -16060 0
nod_y_negative 240 8 -16437 -49 0 1177 -16108 0
nod_y_negative 241 2 -16406 -82 0 1040 -16146 0
nod_y_negative 242 -71 -16413 -64 0 918 -16180 0
nod_y_negative 243 -29 -16359 13 0 801 -16203 0
nod_y_negative 244 -7 -16292 -13 0 702 -16215 0
nod_y_negative 245 20 -16323 30 0 610 -16229 0
nod_y_negative 246 -32 -16352 41 0 528 -16245 0
nod_y_negative 247 -23 -16472 -32 0 466 -16274 0
nod_y_negative 248 46 -16373 -21 0 410 -16287 0
nod_y_negative 249 20 -16346 -18 0 361 -16295 0
nod_y_negative 250 24 -16298 -55 0 322 -16296 0
nod_y_negative 251 -8 -16342 -42 0 287 -16302 0
nod_y_negative 252 31 -16345 14 0 249 -16308 0
nod_y_negative 253 -38 -16363 -53 0 224 -16315 0
nod_y_negative 254 47 -16357 20 0 193 -16321 0
nod_y_negative 255 -6 -16448 85 0 158 -16337 0
nod_y_negative 256 -34 -16437 38 0 133 -16350 0
nod_y_negative 257 -11 -16465 -27 0 119 -16365 0
nod_y_negative 258 32 -16344 82 0 93 -16363 0
nod_y_negative 259 -32 -16469 -62 0 89 -16377 0
nod_y_negative 260 -28 -16371 24 0 74 -16377 0
nod_y_negative 261 20 -16354 6 0 64 -16375 0
nod_y_negative 262 42 -16439 -75 0 65 -16383 0
nod_y_negative 263 27 -16326 -47 0 62 -16376 0
nod_y_negative 264 -15 -16373 57 0 47 -16376 0
nod_y_negative 265 -51 -16366 -32 0 45 -16375 0
nod_y_negative 266 -68 -16377 -11 0 40 -16376 0
nod_y_negative 267 110 -16426 -50 0 41 -16383 0
nod_y_negative 268 -20 -16460 13 0 34 -16393 0
nod_y_negative 269 17 -16307 18 0 27 -16383 0
nod_y_negative 270 -26 -16468 35 0 19 -16394 0
nod_y_negative 271 -54 -16367 -7 0 17 -16391 0
nod_y_negative 272 -51 -16362 -11 0 16 -16388 0
nod_y_negative 273 -25 -16506 44 0 8 -16403 0
nod_y_negative 274 0 -16346 52 0 0 -16396 0
nod_y_negative 275 21 -16326 36 0 -5 -16388 0
nod_y_negative 276 -47 -16323 -25 0 -2 -16380 0
nod_y_negative 277 -71 -16342 -26 0 1 -16376 0
nod_y_negative 278 34 -16378 27 0 -3 -16377 0
nod_y_negative 279 65 -16416 122 0 -18 -16382 0
nod_y_negative 280 -69 -16365 4 0 -17 -16380 0
nod_y_negative 281 -114 -16367 -42 0 -10 -16379 0
nod_y_negative 282 9 -16406 58 0 -16 -16383 0
nod_y_negative 283 12 -16368 17 0 -17 -16382 0
nod_y_negative 284 -46 -16380 -105 0 -2 -16382 0
nod_y_negative 285 0 -16392 113 0 -16 -16384 0
nod_y_negative 286 -15 -16346 -36 0 -10 -16380 0
nod_y_negative 287 86 -16385 -66 0 -1 -16381 0
nod_y_negative 288 -14 -16317 83 0 -12 -16373 0
nod_y_negative 289 24 -16376 15 0 -13 -16374 0
nod_y_negative 290 -16 -16422 -31 0 -8 -16380 0
nod_y_negative 291 12 -16343 20 0 -10 -16376 0
nod_y_negative 292 -64 -16389 42 0 -14 -16378 0
nod_y_negative 293 -8 -16472 17 0 -15 -16390 0
nod_y_negative 294 19 -16282 47 0 -19 -16377 0
nod_y_negative 295 -18 -16467 25 0 -20 -16389 0
nod_y_negative 296 -4 -16295 -1 0 -18 -16378 0
nod_y_negative 297 12 -16338 -53 0 -10 -16373 0
nod_y_negative 298 -11 -16289 -8 0 -8 -16363 0
nod_y_negative 299 27 -16404 -12 0 -6 -16369 0
nod_y_negative 300 15 -16447 21 0 -8 -16379 0
nod_y_negative 301 6 -16362 3 0 -8 -16377 0
nod_y_negative 302 -80 -16328 2 0 -8 -16371 0
nod_y_negative 303 56 -16330 -39 0 -3 -16366 0
nod_y_negative 304 75 -16358 -11 0 -2 -16365 0
nod_y_negative 305 93 -16380 -5 0 -2 -16367 0
nod_y_negative 306 33 -16416 31 0 -6 -16374 0
nod_y_negative 307 61 -16435 -4 0 -5 -16382 0
nod_y_negative 308 -28 -16472 -40 0 0 -16394 0
nod_y_negative 309 -91 -16404 20 0 -3 -16396 0
nod_y_negative 310 3 -16478 -59 0 4 -16407 0
nod_y_negative 311 9 -16415 66 0 -5 -16408 0
nod_y_negative 312 -36 -16419 -28 0 -1 -16410 0
nod_y_negative 313 -118 -16391 34 0 -6 -16408 0
nod_y_negative 314 8 -16347 -28 0 -2 -16401 0
nod_y_negative 315 -79 -16349 -19 0 0 -16395 0
nod_y_negative 316 7 -16428 -92 0 11 -16400 0
nod_y_negative 317 66 -16388 47 0 3 -16399 0
nod_y_negative 318 1 -16375 1 0 2 -16396 0
nod_y_negative 319 -34 -16412 -11 0 3 -16398 0
nod_y_negative 320 -53 -16315 -49 0 8 -16388 0
nod_y_negative 321 -8 -16396 -1 0 7 -16389 0
nod_y_negative 322 24 -16392 -54 0 12 -16390 0
nod_y_negative 323 -6 -16426 -43 0 15 -16395 0
nod_y_negative 324 -18 -16396 -8 0 14 -16396 0
nod_y_negative 325 -108 -16398 -46 0 18 -16397 0
nod_y_negative 326 -23 -16416 23 0 12 -16400 0
nod_y_negative 327 -19 -16436 10 0 9 -16405 0
nod_y_negative 328 -9 -16294 51 0 1 -16392 0
nod_y_negative 329 21 -16411 13 0 -1 -16395 0
clip_extreme 0 32767 -32768 -32768 0 4095 -4096 0
clip_extreme 1 32767 -32768 -32768 0 7679 -7680 0
clip_extreme 2 32767 -32768 -32768 0 10815 -10816 1
clip_extreme 3 32767 -32768 -32768 0 13559 -13560 0
clip_extreme 4 32767 -32768 -32768 0 15960 -15961 0
clip_extreme 5 32767 -32768 -32768 0 18060 -18062 0
clip_extreme 6 32767 -32768 -32768 0 19898 -19901 0
clip_extreme 7 32767 -32768 -32768 0 21506 -21510 0
clip_extreme 8 32767 -32768 -32768 0 22913 -22918 0
clip_extreme 9 32767 -32768 -32768 0 24144 -24150 0
clip_extreme 10 32767 -32768 -32768 0 25221 -25228 0
clip_extreme 11 32767 -32768 -32768 0 26164 -26171 0
clip_extreme 12 32767 -32768 -32768 0 26989 -26996 0
clip_extreme 13 32767 -32768 -32768 0 27711 -27718 0
clip_extreme 14 32767 -32768 -32768 0 28343 -28350 0
clip_extreme 15 32767 -32768 -32768 0 28896 -28903 0
clip_extreme 16 32767 -32768 -32768 0 29379 -29387 0
clip_extreme 17 32767 -32768 -32768 0 29802 -29810 0
clip_extreme 18 32767 -32768 -32768 0 30172 -30180 0
clip_extreme 19 32767 -32768 -32768 0 30496 -30504 0
clip_extreme 20 32767 -32768 -32768 0 30779 -30787 0
clip_extreme 21 32767 -32768 -32768 0 31027 -31035 0
clip_extreme 22 32767 -32768 -32768 0 31244 -31252 0
clip_extreme 23 32767 -32768 -32768 0 31434 -31442 0
clip_extreme 24 32767 -32768 -32768 0 31600 -31608 0
clip_extreme 25 32767 -32768 -32768 0 31745 -31753 0
clip_extreme 26 32767 -32768 -32768 0 31872 -31880 0
clip_extreme 27 32767 -32768 -32768 0 31983 -31991 0
clip_extreme 28 32767 -32768 -32768 0 32081 -32089 0
clip_extreme 29 32767 -32768 -32768 0 32166 -32174 0
clip_extreme 30 32767 -32768 -32768 0 32241 -32249 0
clip_extreme 31 32767 -32768 -32768 0 32306 -32314 0
clip_extreme 32 32767 -32768 -32768 0 32363 -32371 0
clip_extreme 33 32767 -32768 -32768 0 32413 -32421 0
clip_extreme 34 32767 -32768 -32768 0 32457 -32465 0
clip_extreme 35 32767 -32768 -32768 0 32495 -32503 0
clip_extreme 36 32767 -32768 -32768 0 32529 -32537 0
clip_extreme 37 32767 -32768 -32768 0 32558 -32566 0
clip_extreme 38 32767 -32768 -32768 0 32584 -32592 0
clip_extreme 39 32767 -32768 -32768 0 32606 -32614 0
clip_extreme 40 32767 -32768 -32768 0 32626 -32634 0
clip_extreme 41 32767 -32768 -32768 0 32643 -32651 0
clip_extreme 42 32767 -32768 -32768 0 32658 -32666 0
clip_extreme 43 32767 -32768 -32768 0 32671 -32679 0
clip_extreme 44 32767 -32768 -32768 0 32683 -32691 0
clip_extreme 45 32767 -32768 -32768 0 32693 -32701 0
clip_extreme 46 32767 -32768 -32768 0 32702 -32710 0
clip_extreme 47 32767 -32768 -32768 0 32710 -32718 0
clip_extreme 48 32767 -32768 -32768 0 32717 -32725 0
clip_extreme 49 32767 -32768 -32768 0 32723 -32731 0
clip_extreme 50 32767 -32768 -32768 0 32728 -32736 0
clip_extreme 51 32767 -32768 -32768 0 32732 -32740 0
clip_extreme 52 32767 -32768 -32768 0 32736 -32744 0
clip_extreme 53 32767 -32768 -32768 0 32739 -32747 0
clip_extreme 54 32767 -32768 -32768 0 32742 -32750 0
clip_extreme 55 32767 -32768 -32768 0 32745 -32753 0
clip_extreme 56 32767 -32768 -32768 0 32747 -32755 0
clip_extreme 57 32767 -32768 -32768 0 32749 -32757 0
clip_extreme 58 32767 -32768 -32768 0 32751 -32759 0
clip_extreme 59 32767 -32768 -32768 0 32753 -32761 0
clip_extreme 60 32767 -32768 -32768 0 32754 -32762 0
clip_extreme 61 32767 -32768 -32768 0 32755 -32763 0
clip_extreme 62 32767 -32768 -32768 0 32756 -32764 0
clip_extreme 63 32767 -32768 -32768 0 32757 -32765 0
clip_extreme 64 32767 -32768 -32768 0 32758 -32766 0
clip_extreme 65 32767 -32768 -32768 0 32759 -32767 0
clip_extreme 66 32767 -32768 -32768 0 32760 -32768 0
clip_extreme 67 32767 -32768 -32768 0 32760 -32768 0
clip_extreme 68 32767 -32768 -32768 0 32760 -32768 0
clip_extreme 69 32767 -32768 -32768 0 32760 -32768 0
clip_extreme 70 32767 -32768 -32768 0 32760 -32768 0
clip_extreme 71 32767 -32768 -32768 0 32760 -32768 0
clip_extreme 72 32767 -32768 -32768 0 32760 -32768 0
clip_extreme 73 32767 -32768 -32768 0 32760 -32768 0
clip_extreme 74 32767 -32768 -32768 0 32760 -32768 0
clip_extreme 75 32767 -32768 -32768 0 32760 -32768 0
clip_extreme 76 32767 -32768 -32768 0 32760 -32768 0
clip_extreme 77 32767 -32768 -32768 0 32760 -32768 0
clip_extreme 78 32767 -32768 -32768 0 32760 -32768 0
clip_extreme 79 32767 -32768 -32768 0 32760 -32768 0
clip_extreme 80 32767 -32768 -32768 0 32760 -32768 0
clip_extreme 81 32767 -32768 -32768 0 32760 -32768 0
clip_extreme 82 32767 -32768 -32768 0 32760 -32768 0
clip_extreme 83 32767 -32768 -32768 0 32760 -32768 0
clip_extreme 84 32767 -32768 -32768 0 32760 -32768 0
clip_extreme 85 32767 -32768 -32768 0 32760 -32768 0
clip_extreme 86 32767 -32768 -32768 0 32760 -32768 0
clip_extreme 87 32767 -32768 -32768 0 32760 -32768 0
clip_extreme 88 32767 -32768 -32768 0 32760 -32768 0
clip_extreme 89 32767 -32768 -32768 0 32760 -32768 0
clip_extreme 90 32767 -32768 -32768 0 32760 -32768 0
clip_extreme 91 32767 -32768 -32768 0 32760 -32768 0
clip_extreme 92 32767 -32768 -32768 0 32760 -32768 0
clip_extreme 93 32767 -32768 -32768 0 32760 -32768 0
clip_extreme 94 32767 -32768 -32768 0 32760 -32768 0
clip_extreme 95 32767 -32768 -32768 0 32760 -32768 0
clip_extreme 96 32767 -32768 -32768 0 32760 -32768 0
clip_extreme 97 32767 -32768 -32768 0 32760 -32768 0
clip_extreme 98 32767 -32768 -32768 0 32760 -32768 0
clip_extreme 99 32767 -32768 -32768 0 32760 -32768 0
clip_extreme 100 32767 -32768 -32768 0 32760 -32768 0
clip_extreme 101 32767 -32768 -32768 0 32760 -32768 0
clip_extreme 102 32767 -32768 -32768 0 32760 -32768 0
clip_extreme 103 32767 -32768 -32768 0 32760 -32768 0
clip_extreme 104 32767 -32768 -32768 0 32760 -32768 0
clip_extreme 105 32767 -32768 -32768 0 32760 -32768 0
clip_extreme 106 32767 -32768 -32768 0 32760 -32768 0
clip_extreme 107 32767 -32768 -32768 0 32760 -32768 0
clip_extreme 108 32767 -32768 -32768 0 32760 -32768 0
clip_extreme 109 32767 -32768 -32768 0 32760 -32768 0
clip_extreme 110 32767 -32768 -32768 0 32760 -32768 0
clip_extreme 111 32767 -32768 -32768 0 32760 -32768 0
clip_extreme 112 32767 -32768 -32768 0 32760 -32768 0
clip_extreme 113 32767 -32768 -32768 0 32760 -32768 0
clip_extreme 114 32767 -32768 -32768 0 32760 -32768 0
clip_extreme 115 32767 -32768 -32768 0 32760 -32768 0
clip_extreme 116 32767 -32768 -32768 0 32760 -32768 0
clip_extreme 117 32767 -32768 -32768 0 32760 -32768 0
clip_extreme 118 32767 -32768 -32768 0 32760 -32768 0
clip_extreme 119 32767 -32768 -32768 0 32760 -32768 0
clip_extreme 120 32767 -32768 -32768 0 32760 -32768 0
clip_extreme 121 32767 -32768 -32768 0 32760 -32768 0
clip_extreme 122 32767 -32768 -32768 0 32760 -32768 0
clip_extreme 123 32767 -32768 -32768 0 32760 -32768 0
clip_extreme 124 32767 -32768 -32768 0 32760 -32768 0
clip_extreme 125 32767 -32768 -32768 0 32760 -32768 0
clip_extreme 126 32767 -32768 -32768 0 32760 -32768 0
clip_extreme 127 32767 -32768 -32768 0 32760 -32768 0
clip_extreme 128 32767 -32768 -32768 0 32760 -32768 0
clip_extreme 129 32767 -32768 -32768 0 32760 -32768 0
clip_extreme 130 32767 -32768 -32768 0 32760 -32768 0
clip_extreme 131 32767 -32768 -32768 0 32760 -32768 0
clip_extreme 132 32767 -32768 -32768 0 32760 -32768 0
clip_extreme 133 32767 -32768 -32768 0 32760 -32768 0
clip_extreme 134 32767 -32768 -32768 0 32760 -32768 0
clip_extreme 135 32767 -32768 -32768 0 32760 -32768 0
clip_extreme 136 32767 -32768 -32768 0 32760 -32768 0
clip_extreme 137 32767 -32768 -32768 0 32760 -32768 0
clip_extreme 138 32767 -32768 -32768 0 32760 -32768 0
clip_extreme 139 32767 -32768 -32768 0 32760 -32768 0
clip_extreme 140 32767 -32768 -32768 0 32760 -32768 0
clip_extreme 141 32767 -32768 -32768 0 32760 -32768 0
clip_extreme 142 32767 -32768 -32768 0 32760 -32768 0
clip_extreme 143 32767 -32768 -32768 0 32760 -32768 0
clip_extreme 144 32767 -32768 -32768 0 32760 -32768 0
clip_extreme 145 32767 -32768 -32768 0 32760 -32768 0
clip_extreme 146 32767 -32768 -32768 0 32760 -32768 0
clip_extreme 147 32767 -32768 -32768 0 32760 -32768 0
clip_extreme 148 32767 -32768 -32768 0 32760 -32768 0
clip_extreme 149 32767 -32768 -32768 0 32760 -32768 0
clip_extreme 150 32767 -32768 -32768 0 32760 -32768 0
clip_extreme 151 32767 -32768 -32768 0 32760 -32768 0
clip_extreme 152 32767 -32768 -32768 0 32760 -32768 0
clip_extreme 153 32767 -32768 -32768 0 32760 -32768 0
clip_extreme 154 32767 -32768 -32768 0 32760 -32768 0
clip_extreme 155 32767 -32768 -32768 0 32760 -32768 0
clip_extreme 156 32767 -32768 -32768 0 32760 -32768 0
clip_extreme 157 32767 -32768 -32768 0 32760 -32768 0
clip_extreme 158 32767 -32768 -32768 0 32760 -32768 0
clip_extreme 159 32767 -32768 -32768 0 32760 -32768 0
clip_extreme 160 32767 -32768 -32768 0 32760 -32768 0
clip_extreme 161 32767 -32768 -32768 0 32760 -32768 0
clip_extreme 162 32767 -32768 -32768 0 32760 -32768 0
clip_extreme 163 32767 -32768 -32768 0 32760 -32768 0
clip_extreme 164 32767 -32768 -32768 0 32760 -32768 0
clip_extreme 165 32767 -32768 -32768 0 32760 -32768 0
clip_extreme 166 32767 -32768 -32768 0 32760 -32768 0
clip_extreme 167 32767 -32768 -32768 0 32760 -32768 0
clip_extreme 168 32767 -32768 -32768 0 32760 -32768 0
clip_extreme 169 32767 -32768 -32768 0 32760 -32768 0
clip_extreme 170 32767 -32768 -32768 0 32760 -32768 0
clip_extreme 171 32767 -32768 -32768 0 32760 -32768 0
clip_extreme 172 32767 -32768 -32768 0 32760 -32768 0
clip_extreme 173 32767 -32768 -32768 0 32760 -32768 0
clip_extreme 174 32767 -32768 -32768 0 32760 -32768 0
clip_extreme 175 32767 -32768 -32768 0 32760 -32768 0
clip_extreme 176 32767 -32768 -32768 0 32760 -32768 0
clip_extreme 177 32767 -32768 -32768 0 32760 -32768 0
clip_extreme 178 32767 -32768 -32768 0 32760 -32768 0
clip_extreme 179 32767 -32768 -32768 0 32760 -32768 0
clip_extreme 180 32767 -32768 -32768 0 32760 -32768 0
clip_extreme 181 32767 -32768 -32768 0 32760 -32768 0
clip_extreme 182 32767 -32768 -32768 0 32760 -32768 0
clip_extreme 183 32767 -32768 -32768 0 32760 -32768 0
clip_extreme 184 32767 -32768 -32768 0 32760 -32768 0
clip_extreme 185 32767 -32768 -32768 0 32760 -32768 0
clip_extreme 186 32767 -32768 -32768 0 32760 -32768 0
clip_extreme 187 32767 -32768 -32768 0 32760 -32768 0
clip_extreme 188 32767 -32768 -32768 0 32760 -32768 0
clip_extreme 189 32767 -32768 -32768 0 32760 -32768 0
clip_extreme 190 32767 -32768 -32768 0 32760 -32768 0
clip_extreme 191 32767 -32768 -32768 0 32760 -32768 0
clip_extreme 192 32767 -32768 -32768 0 32760 -32768 0
clip_extreme 193 32767 -32768 -32768 0 32760 -32768 0
clip_extreme 194 32767 -32768 -32768 0 32760 -32768 0
clip_extreme 195 32767 -32768 -32768 0 32760 -32768 0
clip_extreme 196 32767 -32768 -32768 0 32760 -32768 0
clip_extreme 197 32767 -32768 -32768 0 32760 -32768 0
clip_extreme 198 32767 -32768 -32768 0 32760 -32768 0
clip_extreme 199 32767 -32768 -32768 0 32760 -32768 0
clip_extreme 200 32767 -32768 -32768 0 32760 -32768 0
clip_extreme 201 32767 -32768 -32768 0 32760 -32768 0
clip_extreme 202 32767 -32768 -32768 0 32760 -32768 0
clip_extreme 203 32767 -32768 -32768 0 32760 -32768 0
clip_extreme 204 32767 -32768 -32768 0 32760 -32768 0
clip_extreme 205 32767 -32768 -32768 0 32760 -32768 0
clip_extreme 206 32767 -32768 -32768 0 32760 -32768 0
clip_extreme 207 32767 -32768 -32768 0 32760 -32768 0
clip_extreme 208 32767 -32768 -32768 0 32760 -32768 0
clip_extreme 209 32767 -32768 -32768 0 32760 -32768 0
clip_extreme 210 32767 -32768 -32768 0 32760 -32768 0
clip_extreme 211 32767 -32768 -32768 0 32760 -32768 0
clip_extreme 212 32767 -32768 -32768 0 32760 -32768 0
clip_extreme 213 32767 -32768 -32768 0 32760 -32768 0
clip_extreme 214 32767 -32768 -32768 0 32760 -32768 0
clip_extreme 215 32767 -32768 -32768 0 32760 -32768 0
clip_extreme 216 32767 -32768 -32768 0 32760 -32768 0
clip_extreme 217 32767 -32768 -32768 0 32760 -32768 0
clip_extreme 218 32767 -32768 -32768 0 32760 -32768 0
clip_extreme 219 32767 -32768 -32768 0 32760 -32768 0
clip_extreme 220 32767 -32768 -32768 0 32760 -32768 0
clip_extreme 221 32767 -32768 -32768 0 32760 -32768 0
clip_extreme 222 32767 -32768 -32768 0 32760 -32768 0
clip_extreme 223 32767 -32768 -32768 0 32760 -32768 0
clip_extreme 224 32767 -32768 -32768 0 32760 -32768 0
clip_extreme 225 32767 -32768 -32768 0 32760 -32768 0
clip_extreme 226 32767 -32768 -32768 0 32760 -32768 0
clip_extreme 227 32767 -32768 -32768 0 32760 -32768 0
clip_extreme 228 32767 -32768 -32768 0 32760 -32768 0
clip_extreme 229 32767 -32768 -32768 0 32760 -32768 0
clip_extreme 230 32767 -32768 -32768 0 32760 -32768 0
clip_extreme 231 32767 -32768 -32768 0 32760 -32768 0
clip_extreme 232 32767 -32768 -32768 0 32760 -32768 0
clip_extreme 233 32767 -32768 -32768 0 32760 -32768 0
clip_extreme 234 32767 -32768 -32768 0 32760 -32768 0
clip_extreme 235 32767 -32768 -32768 0 32760 -32768 0
clip_extreme 236 32767 -32768 -32768 0 32760 -32768 0
clip_extreme 237 32767 -32768 -32768 0 32760 -32768 0
clip_extreme 238 32767 -32768 -32768 0 32760 -32768 0
clip_extreme 239 32767 -32768 -32768 0 32760 -32768 0
clip_extreme 240 32767 -32768 -32768 0 32760 -32768 0
clip_extreme 241 32767 -32768 -32768 0 32760 -32768 0
clip_extreme 242 32767 -32768 -32768 0 32760 -32768 0
clip_extreme 243 32767 -32768 -32768 0 32760 -32768 0
clip_extreme 244 32767 -32768 -32768 0 32760 -32768 0
clip_extreme 245 32767 -32768 -32768 0 32760 -32768 0
clip_extreme 246 32767 -32768 -32768 0 32760 -32768 0
clip_extreme 247 32767 -32768 -32768 0 32760 -32768 0
clip_extreme 248 32767 -32768 -32768 0 32760 -32768 0
clip_extreme 249 32767 -32768 -32768 0 32760 -32768 0
clip_extreme 250 32767 -32768 -32768 0 32760 -32768 0
clip_extreme 251 32767 -32768 -32768 0 32760 -32768 0
clip_extreme 252 32767 -32768 -32768 0 32760 -32768 0
clip_extreme 253 32767 -32768 -32768 0 32760 -32768 0
clip_extreme 254 32767 -32768 -32768 0 32760 -32768 0
clip_extreme 255 32767 -32768 -32768 0 32760 -32768 0
clip_extreme 256 32767 -32768 -32768 0 32760 -32768 0
clip_extreme 257 32767 -32768 -32768 0 32760 -32768 0
clip_extreme 258 32767 -32768 -32768 0 32760 -32768 0
clip_extreme 259 32767 -32768 -32768 0 32760 -32768 0
clip_extreme 260 32767 -32768 -32768 0 32760 -32768 0
clip_extreme 261 32767 -32768 -32768 0 32760 -32768 0
clip_extreme 262 32767 -32768 -32768 0 32760 -32768 0
clip_extreme 263 32767 -32768 -32768 0 32760 -32768 0
clip_extreme 264 32767 -32768 -32768 0 32760 -32768 0
clip_extreme 265 32767 -32768 -32768 0 32760 -32768 0
clip_extreme 266 32767 -32768 -32768 0 32760 -32768 0
clip_extreme 267 32767 -32768 -32768 0 32760 -32768 0
clip_extreme 268 32767 -32768 -32768 0 32760 -32768 0
clip_extreme 269 32767 -32768 -32768 0 32760 -32768 0
clip_extreme 270 32767 -32768 -32768 0 32760 -32768 0
clip_extreme 271 32767 -32768 -32768 0 32760 -32768 0
clip_extreme 272 32767 -32768 -32768 0 32760 -32768 0
clip_extreme 273 32767 -32768 -32768 0 32760 -32768 0
clip_extreme 274 32767 -32768 -32768 0 32760 -32768 0
clip_extreme 275 32767 -32768 -32768 0 32760 -32768 0
clip_extreme 276 32767 -32768 -32768 0 32760 -32768 0
clip_extreme 277 32767 -32768 -32768 0 32760 -32768 0
clip_extreme 278 32767 -32768 -32768 0 32760 -32768 0
clip_extreme 279 32767 -32768 -32768 0 32760 -32768 0
clip_extreme 280 32767 -32768 -32768 0 32760 -32768 0
clip_extreme 281 32767 -32768 -32768 0 32760 -32768 0
clip_extreme 282 32767 -32768 -32768 0 32760 -32768 0
clip_extreme 283 32767 -32768 -32768 0 32760 -32768 0
clip_extreme 284 32767 -32768 -32768 0 32760 -32768 0
clip_extreme 285 32767 -32768 -32768 0 32760 -32768 0
clip_extreme 286 32767 -32768 -32768 0 32760 -32768 0
clip_extreme 287 32767 -32768 -32768 0 32760 -32768 0
clip_extreme 288 32767 -32768 -32768 0 32760 -32768 0
clip_extreme 289 32767 -32768 -32768 0 32760 -32768 0
clip_extreme 290 32767 -32768 -32768 0 32760 -32768 0
clip_extreme 291 32767 -32768 -32768 0 32760 -32768 0
clip_extreme 292 32767 -32768 -32768 0 32760 -32768 0
clip_extreme 293 32767 -32768 -32768 0 32760 -32768 0
clip_extreme 294 32767 -32768 -32768 0 32760 -32768 0
clip_extreme 295 32767 -32768 -32768 0 32760 -32768 0
clip_extreme 296 32767 -32768 -32768 0 32760 -32768 0
clip_extreme 297 32767 -32768 -32768 0 32760 -32768 0
clip_extreme 298 32767 -32768 -32768 0 32760 -32768 0
clip_extreme 299 32767 -32768 -32768 0 32760 -32768 0
